策略ID,策略名称,渠道,治理状态,来源状态,仓位日期,最新观察仓位日,穿透配置来源,配置类型,当前输入缺口,持基数量,可计算,不计算原因,基金报告期,共享母策略模型,股票样本贡献,债券样本贡献,冲突细项基金数,JSON文件,最新权重日期,最新权重口径,最新权重可用,推算缺口,F10配置报告覆盖权重,总资产原文核验覆盖权重,暂未核验构成权重
cmfchina__5.0,乐均衡,招商基金/招财乐投顾,,public_selected_strategy,,,最新库内披露仓位,latest_observed_current,缺少当前基金仓位,0,0,缺少当前基金仓位,{},0,,,0,aee6328c1af011f9fa25ca36.json,,缺少可用基金配置,0,缺少完整配置,,,
cmfchina__4,乐稳健,招商基金/招财乐投顾,,public_selected_strategy,,,最新库内披露仓位,latest_observed_current,缺少当前基金仓位,0,0,缺少当前基金仓位,{},0,,,0,3d264a47ae354583d7427829.json,,缺少可用基金配置,0,缺少完整配置,,,
cmfchina__6.0,乐进取,招商基金/招财乐投顾,,public_selected_strategy,,,最新库内披露仓位,latest_observed_current,缺少当前基金仓位,0,0,缺少当前基金仓位,{},0,,,0,11e2c969e4aa414596f0b63c.json,,缺少可用基金配置,0,缺少完整配置,,,
cmfchina__3,乐钱包,招商基金/招财乐投顾,,public_selected_strategy,,,最新库内披露仓位,latest_observed_current,缺少当前基金仓位,0,0,缺少当前基金仓位,{},0,,,0,b47d75665c6687cc7febd70f.json,,缺少可用基金配置,0,缺少完整配置,,,
csc__FI0156,300全天候,中信建投,,,,,最新库内披露仓位,latest_observed_current,缺少当前基金仓位,0,0,缺少当前基金仓位,{},0,,,0,9d96da74c77638f96cd8b094.json,,缺少可用基金配置,0,缺少完整配置,,,
csc__FI0164,300全天候,中信建投,,,,,最新库内披露仓位,latest_observed_current,缺少当前基金仓位,0,0,缺少当前基金仓位,{},0,,,0,499b188f04596118907fd0a4.json,,缺少可用基金配置,0,缺少完整配置,,,
csc__MO0210,中欧稳进小目标1期,中信建投,,,,,最新库内披露仓位,latest_observed_current,缺少当前基金仓位,0,0,缺少当前基金仓位,{},0,,,0,b13663dae904146a4b83ddfd.json,,缺少可用基金配置,0,缺少完整配置,,,
csc__MO0226,中欧稳进小目标2期,中信建投,,,,,最新库内披露仓位,latest_observed_current,缺少当前基金仓位,0,0,缺少当前基金仓位,{},0,,,0,a1b49492a80d6ed47445ff19.json,,缺少可用基金配置,0,缺少完整配置,,,
csc__FI0222,中证1000指数增强,中信建投,,,,,最新库内披露仓位,latest_observed_current,缺少当前基金仓位,0,0,缺少当前基金仓位,{},0,,,0,0425adc3085106e810e504f3.json,,缺少可用基金配置,0,缺少完整配置,,,
csc__FI0219,中证500指数增强,中信建投,,,,,最新库内披露仓位,latest_observed_current,缺少当前基金仓位,0,0,缺少当前基金仓位,{},0,,,0,44b7eff524137fbe8e6c7cbe.json,,缺少可用基金配置,0,缺少完整配置,,,
csc__FI0006,价值典范,中信建投,,,,,最新库内披露仓位,latest_observed_current,缺少当前基金仓位,0,0,缺少当前基金仓位,{},0,,,0,49c3614ff342d86d9ac0c386.json,,缺少可用基金配置,0,缺少完整配置,,,
csc__FI0190,低波全天候,中信建投,,,,,最新库内披露仓位,latest_observed_current,缺少当前基金仓位,0,0,缺少当前基金仓位,{},0,,,0,4ae06422916a80cd287ebcd3.json,,缺少可用基金配置,0,缺少完整配置,,,
csc__FI0010,全明星均衡,中信建投,,,,,最新库内披露仓位,latest_observed_current,缺少当前基金仓位,0,0,缺少当前基金仓位,{},0,,,0,e1bed859e0c50f9af3f1abb6.json,,缺少可用基金配置,0,缺少完整配置,,,
csc__MO0216,兴全稳健小目标1期,中信建投,,,,,最新库内披露仓位,latest_observed_current,缺少当前基金仓位,0,0,缺少当前基金仓位,{},0,,,0,365692b6eaf12b75aabcc50b.json,,缺少可用基金配置,0,缺少完整配置,,,
csc__MO0231,兴全稳健小目标2期,中信建投,,,,,最新库内披露仓位,latest_observed_current,缺少当前基金仓位,0,0,缺少当前基金仓位,{},0,,,0,db3d6017ff3a59495457460c.json,,缺少可用基金配置,0,缺少完整配置,,,
csc__MO0245,兴全稳健小目标3期,中信建投,,,,,最新库内披露仓位,latest_observed_current,缺少当前基金仓位,0,0,缺少当前基金仓位,{},0,,,0,2548fee05698a379a9f40ab3.json,,缺少可用基金配置,0,缺少完整配置,,,
csc__FI0007,勇攀高峰,中信建投,,,,,最新库内披露仓位,latest_observed_current,缺少当前基金仓位,0,0,缺少当前基金仓位,{},0,,,0,8bc85a010b35ad86a4b7a4da.json,,缺少可用基金配置,0,缺少完整配置,,,
csc__MO0212,华安稳健小目标1期,中信建投,,,,,最新库内披露仓位,latest_observed_current,缺少当前基金仓位,0,0,缺少当前基金仓位,{},0,,,0,085686cfa3c080d165cbd916.json,,缺少可用基金配置,0,缺少完整配置,,,
csc__MO0224,华安稳健小目标2期,中信建投,,,,,最新库内披露仓位,latest_observed_current,缺少当前基金仓位,0,0,缺少当前基金仓位,{},0,,,0,69a549d4b341b76b732b2120.json,,缺少可用基金配置,0,缺少完整配置,,,
csc__MO0238,华安稳健小目标3期,中信建投,,,,,最新库内披露仓位,latest_observed_current,缺少当前基金仓位,0,0,缺少当前基金仓位,{},0,,,0,6f2b230c4c94752b65c6e2e4.json,,缺少可用基金配置,0,缺少完整配置,,,
csc__FI0179,安盈优选,中信建投,,,,,最新库内披露仓位,latest_observed_current,缺少当前基金仓位,0,0,缺少当前基金仓位,{},0,,,0,711b407ca6b06e06633a2ac8.json,,缺少可用基金配置,0,缺少完整配置,,,
csc__FI0159,安鑫宝,中信建投,,,,,最新库内披露仓位,latest_observed_current,缺少当前基金仓位,0,0,缺少当前基金仓位,{},0,,,0,99090c7bb75c8a152bf4ca79.json,,缺少可用基金配置,0,缺少完整配置,,,
csc__FI0008,安鑫添益,中信建投,,,,,最新库内披露仓位,latest_observed_current,缺少当前基金仓位,0,0,缺少当前基金仓位,{},0,,,0,668a11aebab5fe4eb9124a35.json,,缺少可用基金配置,0,缺少完整配置,,,
csc__MO0235,富国进取小目标1期,中信建投,,,,,最新库内披露仓位,latest_observed_current,缺少当前基金仓位,0,0,缺少当前基金仓位,{},0,,,0,d7203662710528db6c1ba73a.json,,缺少可用基金配置,0,缺少完整配置,,,
csc__MO0240,富国进取小目标2期,中信建投,,,,,最新库内披露仓位,latest_observed_current,缺少当前基金仓位,0,0,缺少当前基金仓位,{},0,,,0,ca50ff0c0a99c3eadd1d3187.json,,缺少可用基金配置,0,缺少完整配置,,,
csc__FI0163,权益领航,中信建投,,,,,最新库内披露仓位,latest_observed_current,缺少当前基金仓位,0,0,缺少当前基金仓位,{},0,,,0,9af1de70d289758dc2cc1585.json,,缺少可用基金配置,0,缺少完整配置,,,
csc__FI0005,步步为营,中信建投,,,,,最新库内披露仓位,latest_observed_current,缺少当前基金仓位,0,0,缺少当前基金仓位,{},0,,,0,b9b47be196382189f4d01784.json,,缺少可用基金配置,0,缺少完整配置,,,
csc__FI0155,沪深300指数增强,中信建投,,,,,最新库内披露仓位,latest_observed_current,缺少当前基金仓位,0,0,缺少当前基金仓位,{},0,,,0,0cc600638af6dc6de577f922.json,,缺少可用基金配置,0,缺少完整配置,,,
csc__FI0158,短期理财,中信建投,,,,,最新库内披露仓位,latest_observed_current,缺少当前基金仓位,0,0,缺少当前基金仓位,{},0,,,0,313c2ec4bbe2998498f19757.json,,缺少可用基金配置,0,缺少完整配置,,,
csc__FI0125,称心均衡（季季红）,中信建投,,,,,最新库内披露仓位,latest_observed_current,缺少当前基金仓位,0,0,缺少当前基金仓位,{},0,,,0,a3abb6397abfb4cf09cd63bd.json,,缺少可用基金配置,0,缺少完整配置,,,
csc__FI0036,称心均衡（岁岁盈）,中信建投,,,,,最新库内披露仓位,latest_observed_current,缺少当前基金仓位,0,0,缺少当前基金仓位,{},0,,,0,67fc2efc772474cd8b1b5303.json,,缺少可用基金配置,0,缺少完整配置,,,
csc__FI0003,称心均衡（短期）,中信建投,,,,,最新库内披露仓位,latest_observed_current,缺少当前基金仓位,0,0,缺少当前基金仓位,{},0,,,0,b47fc2088c806425414a9d7f.json,,缺少可用基金配置,0,缺少完整配置,,,
csc__FI0004,称心均衡（长期）,中信建投,,,,,最新库内披露仓位,latest_observed_current,缺少当前基金仓位,0,0,缺少当前基金仓位,{},0,,,0,24982ae2eace8dbf75655e8f.json,,缺少可用基金配置,0,缺少完整配置,,,
csc__FI0191,稳健全天候,中信建投,,,,,最新库内披露仓位,latest_observed_current,缺少当前基金仓位,0,0,缺少当前基金仓位,{},0,,,0,923ad3afe255bda08b762f82.json,,缺少可用基金配置,0,缺少完整配置,,,
csc__MO0217,稳健增利小目标10期,中信建投,,,,,最新库内披露仓位,latest_observed_current,缺少当前基金仓位,0,0,缺少当前基金仓位,{},0,,,0,1aeb010d4198c1b315455762.json,,缺少可用基金配置,0,缺少完整配置,,,
csc__MO0225,稳健增利小目标11期,中信建投,,,,,最新库内披露仓位,latest_observed_current,缺少当前基金仓位,0,0,缺少当前基金仓位,{},0,,,0,5a3fac344b30514d3493fc07.json,,缺少可用基金配置,0,缺少完整配置,,,
csc__MO0241,稳健增利小目标12期,中信建投,,,,,最新库内披露仓位,latest_observed_current,缺少当前基金仓位,0,0,缺少当前基金仓位,{},0,,,0,f509fd5ecf3e21720ccee414.json,,缺少可用基金配置,0,缺少完整配置,,,
csc__MO0200,稳健增利小目标6期,中信建投,,,,,最新库内披露仓位,latest_observed_current,缺少当前基金仓位,0,0,缺少当前基金仓位,{},0,,,0,9407b539235ef9caef4a414f.json,,缺少可用基金配置,0,缺少完整配置,,,
csc__MO0203,稳健增利小目标7期,中信建投,,,,,最新库内披露仓位,latest_observed_current,缺少当前基金仓位,0,0,缺少当前基金仓位,{},0,,,0,dc269e9b0c1e417b96e2260a.json,,缺少可用基金配置,0,缺少完整配置,,,
csc__MO0211,稳健增利小目标9期,中信建投,,,,,最新库内披露仓位,latest_observed_current,缺少当前基金仓位,0,0,缺少当前基金仓位,{},0,,,0,a0f4b7b5d4e91137fe8667c2.json,,缺少可用基金配置,0,缺少完整配置,,,
csc__FI0161,稳健增利（债基增强）,中信建投,,,,,最新库内披露仓位,latest_observed_current,缺少当前基金仓位,0,0,缺少当前基金仓位,{},0,,,0,cc77a1325b97645979b8322a.json,,缺少可用基金配置,0,缺少完整配置,,,
csc__MO0194,稳健小目标3期,中信建投,,,,,最新库内披露仓位,latest_observed_current,缺少当前基金仓位,0,0,缺少当前基金仓位,{},0,,,0,7797efc9df0cb2015dcf693e.json,,缺少可用基金配置,0,缺少完整配置,,,
csc__MO0197,稳健小目标4期,中信建投,,,,,最新库内披露仓位,latest_observed_current,缺少当前基金仓位,0,0,缺少当前基金仓位,{},0,,,0,a67380e059f1788b0f9164b2.json,,缺少可用基金配置,0,缺少完整配置,,,
csc__MO0199,稳健添利小目标2期,中信建投,,,,,最新库内披露仓位,latest_observed_current,缺少当前基金仓位,0,0,缺少当前基金仓位,{},0,,,0,ffad47d623af49c7f8dbb46e.json,,缺少可用基金配置,0,缺少完整配置,,,
csc__MO0214,稳健添利小目标3期,中信建投,,,,,最新库内披露仓位,latest_observed_current,缺少当前基金仓位,0,0,缺少当前基金仓位,{},0,,,0,064163366756d996e36bda60.json,,缺少可用基金配置,0,缺少完整配置,,,
csc__MO0223,稳健添利小目标4期,中信建投,,,,,最新库内披露仓位,latest_observed_current,缺少当前基金仓位,0,0,缺少当前基金仓位,{},0,,,0,57554e81d447968439dc7a82.json,,缺少可用基金配置,0,缺少完整配置,,,
csc__MO0237,稳健添利小目标5期,中信建投,,,,,最新库内披露仓位,latest_observed_current,缺少当前基金仓位,0,0,缺少当前基金仓位,{},0,,,0,de1f93b1c7b2a39649a2d91c.json,,缺少可用基金配置,0,缺少完整配置,,,
csc__FI0168,稳盈全天候,中信建投,,,,,最新库内披露仓位,latest_observed_current,缺少当前基金仓位,0,0,缺少当前基金仓位,{},0,,,0,14daaf794d2b8e8398206b06.json,,缺少可用基金配置,0,缺少完整配置,,,
csc__MO0239,稳进小目标10期,中信建投,,,,,最新库内披露仓位,latest_observed_current,缺少当前基金仓位,0,0,缺少当前基金仓位,{},0,,,0,d33dd58539a96c7da3251684.json,,缺少可用基金配置,0,缺少完整配置,,,
csc__MO0243,稳进小目标11期,中信建投,,,,,最新库内披露仓位,latest_observed_current,缺少当前基金仓位,0,0,缺少当前基金仓位,{},0,,,0,c99934fb5819f4dc183df9bd.json,,缺少可用基金配置,0,缺少完整配置,,,
csc__MO0202,稳进小目标6期,中信建投,,,,,最新库内披露仓位,latest_observed_current,缺少当前基金仓位,0,0,缺少当前基金仓位,{},0,,,0,675f46531c0edbaf0cc6ff9a.json,,缺少可用基金配置,0,缺少完整配置,,,
csc__MO0215,稳进小目标8期,中信建投,,,,,最新库内披露仓位,latest_observed_current,缺少当前基金仓位,0,0,缺少当前基金仓位,{},0,,,0,284adebc25e79645b5bff503.json,,缺少可用基金配置,0,缺少完整配置,,,
csc__MO0236,稳进小目标9期,中信建投,,,,,最新库内披露仓位,latest_observed_current,缺少当前基金仓位,0,0,缺少当前基金仓位,{},0,,,0,348324060d3fcc047238301e.json,,缺少可用基金配置,0,缺少完整配置,,,
csc__FI0160,精选债基,中信建投,,,,,最新库内披露仓位,latest_observed_current,缺少当前基金仓位,0,0,缺少当前基金仓位,{},0,,,0,7fd5a2fdabfaf591d8b9f015.json,,缺少可用基金配置,0,缺少完整配置,,,
csc__FI0162,精选全球债,中信建投,,,,,最新库内披露仓位,latest_observed_current,缺少当前基金仓位,0,0,缺少当前基金仓位,{},0,,,0,2639c3a49a00f6b9864318c2.json,,缺少可用基金配置,0,缺少完整配置,,,
csc__FI0220,红利增强,中信建投,,,,,最新库内披露仓位,latest_observed_current,缺少当前基金仓位,0,0,缺少当前基金仓位,{},0,,,0,4a8cd4784c466f639fa6b3f0.json,,缺少可用基金配置,0,缺少完整配置,,,
csc__FI0228,货币增强,中信建投,,,,,最新库内披露仓位,latest_observed_current,缺少当前基金仓位,0,0,缺少当前基金仓位,{},0,,,0,fdd809efa11210d20b4c83e4.json,,缺少可用基金配置,0,缺少完整配置,,,
csc__MO0193,进取聚利小目标2期,中信建投,,,,,最新库内披露仓位,latest_observed_current,缺少当前基金仓位,0,0,缺少当前基金仓位,{},0,,,0,8b25c704fc838330cb173f66.json,,缺少可用基金配置,0,缺少完整配置,,,
csc__MO0213,进取聚利小目标4期,中信建投,,,,,最新库内披露仓位,latest_observed_current,缺少当前基金仓位,0,0,缺少当前基金仓位,{},0,,,0,6457d06f506fa9de48fb2019.json,,缺少可用基金配置,0,缺少完整配置,,,
csc__MO0218,进取聚利小目标5期,中信建投,,,,,最新库内披露仓位,latest_observed_current,缺少当前基金仓位,0,0,缺少当前基金仓位,{},0,,,0,9fb2400fa6cb0639bc543762.json,,缺少可用基金配置,0,缺少完整配置,,,
csc__MO0229,进取聚利小目标6期,中信建投,,,,,最新库内披露仓位,latest_observed_current,缺少当前基金仓位,0,0,缺少当前基金仓位,{},0,,,0,4d86d491da16707406938b3e.json,,缺少可用基金配置,0,缺少完整配置,,,
csc__MO0244,进取聚利小目标7期,中信建投,,,,,最新库内披露仓位,latest_observed_current,缺少当前基金仓位,0,0,缺少当前基金仓位,{},0,,,0,1c028d74a4da118f5a253985.json,,缺少可用基金配置,0,缺少完整配置,,,
csc__FI0167,锦程智远,中信建投,,,,,最新库内披露仓位,latest_observed_current,缺少当前基金仓位,0,0,缺少当前基金仓位,{},0,,,0,604c941077821faa5de9d8b7.json,,缺少可用基金配置,0,缺少完整配置,,,
efundcf__efundcf_20ffad6449d3,养老规划,易方达财富/e钱包,,public_strategy_category,,,最新库内披露仓位,latest_observed_current,缺少当前基金仓位,0,0,缺少当前基金仓位,{},0,,,0,bb22e60f7e79b6b510a7893f.json,,缺少可用基金配置,0,缺少完整配置,,,
efundcf__efundcf_37c300f3ce8c,子女教育,易方达财富/e钱包,,public_strategy_category,,,最新库内披露仓位,latest_observed_current,缺少当前基金仓位,0,0,缺少当前基金仓位,{},0,,,0,6fba03274b654155f5ae7dee.json,,缺少可用基金配置,0,缺少完整配置,,,
efundcf__efundcf_32a63020b5bc,现金管理,易方达财富/e钱包,,public_strategy_category,,,最新库内披露仓位,latest_observed_current,缺少当前基金仓位,0,0,缺少当前基金仓位,{},0,,,0,6a0c220949830c694012e4de.json,,缺少可用基金配置,0,缺少完整配置,,,
efundcf__efundcf_f6fbd20d4645,资产增值,易方达财富/e钱包,,public_strategy_category,,,最新库内披露仓位,latest_observed_current,缺少当前基金仓位,0,0,缺少当前基金仓位,{},0,,,0,8de8464c5ca2a76288eb26f5.json,,缺少可用基金配置,0,缺少完整配置,,,
financial_street__HXDBBBH,恒选低波步步红,金融街证券,正常运行,,2026-07-23,2026-07-23,最新库内披露仓位,latest_observed_current,,19,1,,"{""2026-06-30"": 100.0}",0,4.07201412938843,17.699279073784975,0,8d8765a63be72091fc961410.json,2026-10-08,净值漂移推算,1,,100.0,100.0,0.0
financial_street__HXQQJX,恒选全球精选,金融街证券,正常运行,,2025-03-10,2025-03-10,最新库内披露仓位,latest_observed_current,,21,1,,"{""2026-06-30"": 99.99999999999997}",0,31.578502956802332,1.5271860687148808,4,fc0fe3b6790059838c1aeec9.json,2026-10-08,净值漂移推算,1,,99.99999999999997,99.99999999999997,0.0
financial_street__HXGSTY,恒选固收添益,金融街证券,正常运行,,2026-04-14,2026-04-14,最新库内披露仓位,latest_observed_current,,13,1,,"{""2026-06-30"": 100.0}",0,0.0,18.44295728363496,0,9e3b15726d8773915ed06fb7.json,2026-10-09,净值漂移推算,1,,100.0,100.0,0.0
financial_street__HXDYQTH,恒选多元全天候,金融街证券,正常运行,,2026-09-01,2026-09-01,最新库内披露仓位,latest_observed_current,,36,1,,"{""2026-06-30"": 100.00000000000001}",0,7.772469809086607,15.689537126150224,3,8800c5ee1b5f06a9b5534596.json,2026-10-08,净值漂移推算,1,,100.00000000000001,100.00000000000001,0.0
financial_street__HXDYXMB01,恒选多元小目标01期,金融街证券,已停止目标盈期次,,2026-09-02,2026-09-02,最新库内披露仓位,latest_observed_current,,28,1,,"{""2026-06-30"": 100.00000000000003}",0,10.959145136671479,18.070747300237596,3,ed8d1c7dc2dfa6362b4a9b30.json,2026-10-08,净值漂移推算,1,,100.00000000000003,100.00000000000003,0.0
financial_street__HXDYXMB02,恒选多元小目标02期,金融街证券,目标盈期次,,2026-09-02,2026-09-02,最新库内披露仓位,latest_observed_current,,28,1,,"{""2026-06-30"": 100.00000000000003}",0,10.959145136671479,18.070747300237596,3,7b3e37649f83113171764dc8.json,2026-10-08,净值漂移推算,1,,100.00000000000003,100.00000000000003,0.0
financial_street__HXDYXMB03,恒选多元小目标03期,金融街证券,目标盈期次,,2026-09-02,2026-09-02,最新库内披露仓位,latest_observed_current,,28,1,,"{""2026-06-30"": 100.00000000000003}",0,10.959145136671479,18.070747300237596,3,e37017202c51775aea3e1edc.json,2026-10-08,净值漂移推算,1,,100.00000000000003,100.00000000000003,0.0
financial_street__HXDYXMB04,恒选多元小目标04期,金融街证券,目标盈期次,,2026-09-02,2026-09-02,最新库内披露仓位,latest_observed_current,,28,1,,"{""2026-06-30"": 100.00000000000003}",0,10.959145136671479,18.070747300237596,3,333e0a7fa4f84d67423c529d.json,2026-10-08,净值漂移推算,1,,100.00000000000003,100.00000000000003,0.0
financial_street__HXDYXMB05,恒选多元小目标05期,金融街证券,目标盈期次,,2026-09-02,2026-09-02,最新库内披露仓位,latest_observed_current,,28,1,,"{""2026-06-30"": 100.00000000000003}",0,10.959145136671479,18.070747300237596,3,70f60745396445764471b476.json,2026-10-08,净值漂移推算,1,,100.00000000000003,100.00000000000003,0.0
financial_street__HXDYXMB06,恒选多元小目标06期,金融街证券,目标盈期次,,2026-09-02,2026-09-02,最新库内披露仓位,latest_observed_current,,28,1,,"{""2026-06-30"": 100.00000000000003}",0,10.959145136671479,18.070747300237596,3,4fc04164686d321a95b03497.json,2026-10-08,净值漂移推算,1,,100.00000000000003,100.00000000000003,0.0
financial_street__HXDYXMB07,恒选多元小目标07期,金融街证券,目标盈期次,,2026-09-02,2026-09-02,最新库内披露仓位,latest_observed_current,,28,1,,"{""2026-06-30"": 100.00000000000003}",0,10.959145136671479,18.070747300237596,3,c2e64f7598843d198cd372c0.json,2026-10-08,净值漂移推算,1,,100.00000000000003,100.00000000000003,0.0
financial_street__HXZSXF,恒选指数先锋,金融街证券,正常运行,,2026-09-01,2026-09-01,最新库内披露仓位,latest_observed_current,,30,1,,"{""2026-06-30"": 99.99999999999999}",0,42.64948025508471,1.0566392431297424,2,c7e6bb60627b597d77b62ca1.json,2026-10-08,净值漂移推算,1,,99.99999999999999,99.99999999999999,0.0
financial_street__HXWJXMB01,恒选稳进小目标01期,金融街证券,已停止目标盈期次,,2025-06-16,2025-06-16,最新库内披露仓位,latest_observed_current,,14,1,,"{""2026-06-30"": 100.00000000000001}",0,1.601189375446657,17.727457350988637,0,59375ddc6a38131d0f3f957a.json,2026-10-08,净值漂移推算,1,,100.00000000000001,100.00000000000001,0.0
financial_street__HXWJXMB02,恒选稳进小目标02期,金融街证券,已停止目标盈期次,,2025-08-01,2025-08-01,最新库内披露仓位,latest_observed_current,,12,1,,"{""2026-06-30"": 100.0}",0,1.7468509883375247,16.89928793773889,0,b7357bd7fd67f57f1f835500.json,2026-10-09,净值漂移推算,1,,100.0,100.0,0.0
financial_street__HXWJXMB03,恒选稳进小目标03期,金融街证券,已停止目标盈期次,,2025-08-27,2025-08-27,最新库内披露仓位,latest_observed_current,,12,1,,"{""2026-06-30"": 100.00000000000001}",0,1.2810539081058987,14.968720453129926,0,fea826d0865690f4de7e03a5.json,2026-10-09,净值漂移推算,1,,100.00000000000001,100.00000000000001,0.0
financial_street__HXWJXMB04,恒选稳进小目标04期,金融街证券,已停止目标盈期次,,2025-09-03,2025-09-03,最新库内披露仓位,latest_observed_current,,19,1,,"{""2026-06-30"": 100.00000000000001}",0,2.6211278328667276,20.78153819100351,0,a4f32c54921cb68be1219789.json,2026-10-08,净值漂移推算,1,,100.00000000000001,100.00000000000001,0.0
financial_street__HXWJXMB05,恒选稳进小目标05期,金融街证券,已停止目标盈期次,,2025-10-20,2025-10-20,最新库内披露仓位,latest_observed_current,,19,1,,"{""2026-06-30"": 100.0}",0,2.145741615731076,22.92579118510931,0,a53e87b7eed2c14f8c4e4a30.json,2026-10-08,净值漂移推算,1,,100.0,100.0,0.0
financial_street__HXWJXMB06,恒选稳进小目标06期,金融街证券,已停止目标盈期次,,2025-11-06,2025-11-06,最新库内披露仓位,latest_observed_current,,22,1,,"{""2026-06-30"": 99.99999999999999}",0,1.8771617497249682,23.61546601134084,0,d3aca47a2370ad75a89373d1.json,2026-10-08,净值漂移推算,1,,99.99999999999999,99.99999999999999,0.0
financial_street__HXWJXMB07,恒选稳进小目标07期,金融街证券,已停止目标盈期次,,2025-11-06,2025-11-06,最新库内披露仓位,latest_observed_current,,22,1,,"{""2026-06-30"": 100.00000000000001}",0,3.0243926374013337,20.79719800297368,0,383dfb38586e42fe5f4ee0a8.json,2026-10-08,净值漂移推算,1,,100.00000000000001,100.00000000000001,0.0
financial_street__HXWJXMB08,恒选稳进小目标08期,金融街证券,已停止目标盈期次,,2025-11-06,2025-11-06,最新库内披露仓位,latest_observed_current,,19,1,,"{""2026-06-30"": 99.99999999999999}",0,3.8026209278021743,13.973952968390444,0,a0fa6fc570cd06de04c02719.json,2026-10-08,净值漂移推算,1,,99.99999999999999,99.99999999999999,0.0
financial_street__HXWJXMB09,恒选稳进小目标09期,金融街证券,已停止目标盈期次,,2025-11-06,2025-11-06,最新库内披露仓位,latest_observed_current,,17,1,,"{""2026-06-30"": 100.0}",0,3.0380359360692184,19.56333556958417,0,9f807ef7b846b28eed711d94.json,2026-10-08,净值漂移推算,1,,100.0,100.0,0.0
financial_street__HXWJXMB10,恒选稳进小目标10期,金融街证券,已停止目标盈期次,,2026-01-30,2026-01-30,最新库内披露仓位,latest_observed_current,,15,1,,"{""2026-06-30"": 99.99999999999997}",0,0.23393398581533817,10.711209406644436,0,5db405dbffc9a425d14d8767.json,2026-10-09,净值漂移推算,1,,99.99999999999997,99.99999999999997,0.0
financial_street__HXWJXMB11,恒选稳进小目标11期,金融街证券,已停止目标盈期次,,2025-12-11,2025-12-11,最新库内披露仓位,latest_observed_current,,25,1,,"{""2026-06-30"": 99.99999999999996}",0,3.81851795521905,18.345389868005437,3,84eb08c386626852ef9267a0.json,2026-10-08,净值漂移推算,1,,99.99999999999996,99.99999999999996,0.0
financial_street__HXWJXMB12,恒选稳进小目标12期,金融街证券,已停止目标盈期次,,2026-01-12,2026-01-12,最新库内披露仓位,latest_observed_current,,26,1,,"{""2026-06-30"": 100.0}",0,3.5106874909289494,19.366950734102527,3,503132a927e205f01c11e46e.json,2026-10-08,净值漂移推算,1,,100.0,100.0,0.0
financial_street__HXWJXMB15,恒选稳进小目标15期,金融街证券,目标盈期次,,2026-08-05,2026-08-05,最新库内披露仓位,latest_observed_current,,20,1,,"{""2026-06-30"": 99.99999999999999}",0,6.221825115200431,14.106519824020236,0,798be50e3bcc8e64cabd38fb.json,2026-10-09,净值漂移推算,1,,99.99999999999999,99.99999999999999,0.0
financial_street__HXWJXMB16,恒选稳进小目标16期,金融街证券,目标盈期次,,2026-08-05,2026-08-05,最新库内披露仓位,latest_observed_current,,20,1,,"{""2026-06-30"": 99.99999999999999}",0,5.4166349775805545,13.431481956498798,0,8c0e218e39b017c90e0fb5f7.json,2026-10-09,净值漂移推算,1,,99.99999999999999,99.99999999999999,0.0
financial_street__HXWJXMB17,恒选稳进小目标17期,金融街证券,目标盈期次,,2026-08-05,2026-08-05,最新库内披露仓位,latest_observed_current,,20,1,,"{""2026-06-30"": 99.99999999999999}",0,5.4166349775805545,13.431481956498798,0,9430056e624943c392506f68.json,2026-10-09,净值漂移推算,1,,99.99999999999999,99.99999999999999,0.0
financial_street__HXWJXMB18,恒选稳进小目标18期,金融街证券,目标盈期次,,2026-08-05,2026-08-05,最新库内披露仓位,latest_observed_current,,19,1,,"{""2026-06-30"": 100.0}",0,6.06813529256709,14.889075979211807,0,326ad700ebb5b48ac3b46201.json,2026-10-09,净值漂移推算,1,,100.0,100.0,0.0
financial_street__HXWJXMB19,恒选稳进小目标19期,金融街证券,目标盈期次,,2026-08-05,2026-08-05,最新库内披露仓位,latest_observed_current,,18,1,,"{""2026-06-30"": 100.00000000000001}",0,5.407395983380431,13.836836541604287,0,ca0670e5c0f6fb36738baa9f.json,2026-10-09,净值漂移推算,1,,100.00000000000001,100.00000000000001,0.0
financial_street__HXWJXMB20,恒选稳进小目标20期,金融街证券,目标盈期次,,2026-09-01,2026-09-01,最新库内披露仓位,latest_observed_current,,19,1,,"{""2026-06-30"": 99.99999999999999}",0,6.376302180850511,15.871323716354947,0,f3e75b1d83a2014f9044e218.json,2026-10-09,净值漂移推算,1,,99.99999999999999,99.99999999999999,0.0
financial_street__HXWJXMB21,恒选稳进小目标21期,金融街证券,目标盈期次,,2026-08-19,2026-08-19,最新库内披露仓位,latest_observed_current,,13,1,,"{""2026-06-30"": 99.99999999999999}",0,0.1240168631291058,11.492569590519427,0,6f1e3837b07cdf701c51d473.json,2026-10-09,净值漂移推算,1,,99.99999999999999,99.99999999999999,0.0
financial_street__HXWJXMB22,恒选稳进小目标22期,金融街证券,目标盈期次,,2026-09-01,2026-09-01,最新库内披露仓位,latest_observed_current,,17,1,,"{""2026-06-30"": 100.0}",0,2.2120347197254118,15.83622412140401,0,c4cfdc9754b1f5007dbd1c89.json,2026-10-09,净值漂移推算,1,,100.0,100.0,0.0
financial_street__HXWJXMB23,恒选稳进小目标23期,金融街证券,目标盈期次,,2026-08-21,2026-08-21,最新库内披露仓位,latest_observed_current,,16,1,,"{""2026-06-30"": 100.0}",0,3.012415609695374,17.367885932776005,0,86876f3adedcbffd325e7bfa.json,2026-10-09,净值漂移推算,1,,100.0,100.0,0.0
financial_street__HXWJXMB24,恒选稳进小目标24期,金融街证券,目标盈期次,,2026-09-04,2026-09-04,最新库内披露仓位,latest_observed_current,,16,1,,"{""2026-06-30"": 100.00000000000001}",0,2.6588794602977717,17.266669102643124,0,56774cd5da787326061d1da5.json,2026-10-09,净值漂移推算,1,,100.00000000000001,100.00000000000001,0.0
financial_street__JXDYWJXMB01,金选多元稳健小目标01期,金融街证券,目标盈期次,,2026-09-02,2026-09-02,最新库内披露仓位,latest_observed_current,,30,1,,"{""2026-06-30"": 100.00000000000001}",0,4.034533784806194,19.29072576214155,3,465bcb24c5d4f3b008fc8c28.json,2026-10-08,净值漂移推算,1,,100.00000000000001,100.00000000000001,0.0
financial_street__JXDYWJXMB02,金选多元稳健小目标02期,金融街证券,目标盈期次,,2026-09-02,2026-09-02,最新库内披露仓位,latest_observed_current,,30,1,,"{""2026-06-30"": 100.00000000000001}",0,4.034533784806194,19.29072576214155,3,9d966b80f8857eb6aebbcb2d.json,2026-10-08,净值漂移推算,1,,100.00000000000001,100.00000000000001,0.0
financial_street__JXDYWJXMB03,金选多元稳健小目标03期,金融街证券,目标盈期次,,2026-09-02,2026-09-02,最新库内披露仓位,latest_observed_current,,30,1,,"{""2026-06-30"": 100.00000000000001}",0,4.034533784806194,19.29072576214155,3,ecaf359ecb8e03eb2e61f61d.json,2026-10-08,净值漂移推算,1,,100.00000000000001,100.00000000000001,0.0
financial_street__GFJR003281,金选安鑫小目标,金融街证券,目标盈期次,,2026-09-22,2026-09-22,最新库内披露仓位,latest_observed_current,,17,1,,"{""2026-06-30"": 100.0}",0,6.479111290197956,21.222075655503932,0,1a4994f4f9a78d2705cc490b.json,2026-10-09,净值漂移推算,1,,100.0,100.0,0.0
financial_street__JXWJXMB01,金选稳进小目标01期,金融街证券,已停止目标盈期次,,2025-11-06,2025-11-06,最新库内披露仓位,latest_observed_current,,21,1,,"{""2026-06-30"": 100.00000000000003}",0,2.2950856959601973,20.44654608226253,0,ec9edf41d101b6f59d660d71.json,2026-10-08,净值漂移推算,1,,100.00000000000003,100.00000000000003,0.0
financial_street__JXHLYX,金选红利优选,金融街证券,正常运行,,2026-09-01,2026-09-01,最新库内披露仓位,latest_observed_current,,18,1,,"{""2026-06-30"": 100.00000000000001}",0,34.68302028163915,0.6298712909420152,2,c9551b5bda3649753ea5d730.json,2026-10-08,净值漂移推算,1,,100.00000000000001,100.00000000000001,0.0
financial_street__GFJR003262,金选量化低波,金融街证券,正常运行,,2026-09-18,2026-09-18,最新库内披露仓位,latest_observed_current,,15,1,,"{""2026-06-30"": 100.0}",0,1.3013910992955986,39.11216553124432,0,180ee4f5752faf95f18f542a.json,2026-10-08,净值漂移推算,1,,100.0,100.0,0.0
fullgoal__SZXZXZH001,双子星股债均衡,富国基金,,,2026-10-09,2026-10-09,最新库内披露仓位,latest_observed_current,,11,1,,"{""2026-06-30"": 99.99999999999999}",0,40.19178767782212,12.457656151915693,0,ae7b73fa91b0ffa6f1677246.json,2026-10-09,源端最新仓位占比,1,,99.99999999999999,99.99999999999999,0.0
fullgoal__shuangzixing,双子星股债均衡系列投顾组合（以下简称本组合）,富国基金,,public_strategy_doc,,,最新库内披露仓位,latest_observed_current,缺少当前基金仓位,0,0,缺少当前基金仓位,{},0,,,0,d0d04e97bd9c4afbc9ab0fb6.json,,缺少可用基金配置,0,缺少完整配置,,,
fullgoal__QMXZXZH001,启明星理财升级,富国基金,,,2026-10-09,2026-10-09,最新库内披露仓位,latest_observed_current,,21,1,,"{""2026-06-30"": 99.99999999999999}",0,11.098103884957485,16.051069096499162,0,526802eabfeeb3d71c06c823.json,2026-10-09,源端最新仓位占比,1,,99.99999999999999,99.99999999999999,0.0
fullgoal__qimingxing,启明星理财升级系列投顾组合（以下简称本组合）,富国基金,,public_strategy_doc,,,最新库内披露仓位,latest_observed_current,缺少当前基金仓位,0,0,缺少当前基金仓位,{},0,,,0,a99b58197d9c0b534533677d.json,,缺少可用基金配置,0,缺少完整配置,,,
fullgoal__SHXZXZH001,守护星稳健理财,富国基金,,,2026-10-09,2026-10-09,最新库内披露仓位,latest_observed_current,,18,1,,"{""2026-06-30"": 99.99999999999999}",0,6.564357114298754,17.940729666852175,0,32e4736e4b3d3245d5ad2b22.json,2026-10-09,源端最新仓位占比,1,,99.99999999999999,99.99999999999999,0.0
fullgoal__shouhuxing,守护星稳健理财系列投顾组合（以下简称本组合）,富国基金,,public_strategy_doc,,,最新库内披露仓位,latest_observed_current,缺少当前基金仓位,0,0,缺少当前基金仓位,{},0,,,0,fc4f6c205aad49c1001df903.json,,缺少可用基金配置,0,缺少完整配置,,,
fullgoal__QXGZZXZH001,富国七星高照多资产配置,富国基金,,,2026-10-09,2026-10-09,最新库内披露仓位,latest_observed_current,,24,1,,"{""2026-06-30"": 100.0}",0,9.580326158356907,12.936490391932184,2,2a3a368018ebb9854a7c2eb9.json,2026-10-09,源端最新仓位占比,1,"源端占比直接使用；净值滚动未执行：缺少基准日之后净值：002286,024239,018064,017436,096001,022374,022503,012060,519981",100.0,100.0,0.0
fullgoal__QXGZZXBZH001,富国七星高照尊享版,富国基金,,,2026-10-09,2026-10-09,最新库内披露仓位,latest_observed_current,,24,1,,"{""2026-06-30"": 100.0}",0,9.580326158356907,12.936490391932184,2,c3003864a6b27580de52d3c5.json,2026-10-09,源端最新仓位占比,1,"源端占比直接使用；净值滚动未执行：缺少基准日之后净值：002286,024239,018064,017436,096001,022374,022503,012060,519981",100.0,100.0,0.0
fullgoal__SYKTZXZH001,富国三阳开泰尊享版,富国基金,,,2026-10-09,2026-10-09,最新库内披露仓位,latest_observed_current,,18,1,,"{""2026-06-30"": 99.99999999999999}",0,2.0453670612275783,15.008378345864319,0,4e98e24e9e259537acb11831.json,2026-10-09,源端最新仓位占比,1,,99.99999999999999,99.99999999999999,0.0
fullgoal__WGFDZX001,富国五谷丰登,富国基金,,,2026-10-09,2026-10-09,最新库内披露仓位,latest_observed_current,,14,1,,"{""2026-06-30"": 100.00000000000001}",0,0.00342064153533817,41.32008174757632,1,881aef250783ffb39e2a10c0.json,2026-10-09,源端最新仓位占比,1,源端占比直接使用；净值滚动未执行：缺少基准日之后净值：019441,100.00000000000001,100.00000000000001,0.0
fullgoal__WGFDZXZH001,富国五谷丰登尊享版,富国基金,,,2026-10-09,2026-10-09,最新库内披露仓位,latest_observed_current,,14,1,,"{""2026-06-30"": 100.00000000000001}",0,0.00342064153533817,41.32008174757632,1,1b456ae7908879ca9c6dc795.json,2026-10-09,源端最新仓位占比,1,源端占比直接使用；净值滚动未执行：缺少基准日之后净值：019441,100.00000000000001,100.00000000000001,0.0
fullgoal__ZYZXZH001,富国致远多资产配置-尊享001号,富国基金,,,2026-10-09,2026-10-09,最新库内披露仓位,latest_observed_current,,23,1,,"{""2026-06-30"": 100.0}",0,16.791232405023184,12.416543330315022,0,c0f12b917acccc70dfde1aed.json,2026-10-09,源端最新仓位占比,1,"源端占比直接使用；净值滚动未执行：缺少基准日之后净值：024239,024846,022374,022503,026228,519981",100.0,100.0,0.0
fullgoal__QQZZXZH001,带你投全球债,富国基金,,,2026-10-09,2026-10-09,最新库内披露仓位,latest_observed_current,,11,1,,"{""2026-06-30"": 100.00000000000003}",0,0.0,20.153543399382396,0,00732b29f250fa1ec49c50f2.json,2026-10-09,源端最新仓位占比,1,"源端占比直接使用；净值滚动未执行：缺少基准日之后净值：008095,002877,002400,050030,000103,019709,019518,000274,206006,000290",100.00000000000003,100.00000000000003,0.0
fullgoal__SZJJZXZH001,带你投数字经济,富国基金,,,2026-10-09,2026-10-09,最新库内披露仓位,latest_observed_current,,17,1,,"{""2026-06-30"": 100.0}",0,40.22860784292554,1.092309037240188,0,564a2841be38a9b1f049ccbe.json,2026-10-09,源端最新仓位占比,1,,100.0,100.0,0.0
fullgoal__XFYYZXZH001,带你投消费医药,富国基金,,,2026-10-09,2026-10-09,最新库内披露仓位,latest_observed_current,,16,1,,"{""2026-06-30"": 100.0}",0,74.35265982738716,0.3418102950993881,0,4aa20c1ebff878562a804c9c.json,2026-10-09,源端最新仓位占比,1,,100.0,100.0,0.0
fullgoal__HLDBZXZH001,带你投红利低波,富国基金,,,2026-10-09,2026-10-09,最新库内披露仓位,latest_observed_current,,9,1,,"{""2026-06-30"": 100.0}",0,17.94936137507723,1.5207916393657719,0,833f44c352642f57a44dfcc0.json,2026-10-09,源端最新仓位占比,1,,100.0,100.0,0.0
fullgoal__NYAQZXZH001,带你投能源安全,富国基金,,,2026-10-09,2026-10-09,最新库内披露仓位,latest_observed_current,,17,1,,"{""2026-06-30"": 99.99999999999999}",0,33.74663284618379,2.3802428982985386,0,7800d6329d22a0cc3a2faf14.json,2026-10-09,源端最新仓位占比,1,,99.99999999999999,99.99999999999999,0.0
fullgoal__HJZXZH001,带你投黄金,富国基金,,,2026-10-09,2026-10-09,最新库内披露仓位,latest_observed_current,,10,1,,"{""2026-06-30"": 100.0}",0,0.0,3.460318384951061,0,02e0e970db06c9bc5fdb2fb8.json,2026-10-09,源端最新仓位占比,1,,100.0,100.0,0.0
fullgoal__HQXZXZH001,活钱星活钱理财,富国基金,,,2026-10-09,2026-10-09,最新库内披露仓位,latest_observed_current,,9,1,,"{""2026-06-30"": 100.0}",0,0.0,25.633570164100686,0,e800cdd5956eb36416501a45.json,2026-10-09,源端最新仓位占比,1,,100.0,100.0,0.0
fullgoal__MTXZXZH001,满天星追求收益,富国基金,,,2026-10-09,2026-10-09,最新库内披露仓位,latest_observed_current,,13,1,,"{""2026-06-30"": 99.99999999999999}",0,73.45083215265643,2.8274748305159307,0,fbe6a7f793ae3203f77f2c47.json,2026-10-09,源端最新仓位占比,1,,99.99999999999999,99.99999999999999,0.0
fullgoal__mantianxing,满天星追求收益系列投顾组合（以下简称本组合）,富国基金,,public_strategy_doc,,,最新库内披露仓位,latest_observed_current,缺少当前基金仓位,0,0,缺少当前基金仓位,{},0,,,0,10638c54c77e828a4963533d.json,,缺少可用基金配置,0,缺少完整配置,,,
fullgoal__WZXZXZH001,稳债星稳健理财,富国基金,,,2026-10-09,2026-10-09,最新库内披露仓位,latest_observed_current,,8,1,,"{""2026-06-30"": 100.00000000000001}",0,0.0,27.102467814964452,0,8ff3e0f1d2bbd0b2cdbf2df0.json,2026-10-09,源端最新仓位占比,1,,100.00000000000001,100.00000000000001,0.0
fullgoal__WWXZXZH001,稳稳星稳健理财,富国基金,,,2026-10-09,2026-10-09,最新库内披露仓位,latest_observed_current,,13,1,,"{""2026-06-30"": 100.0}",0,1.194548984005827,18.257492128696992,0,9a994dbb74295ff27524e5ec.json,2026-10-09,源端最新仓位占比,1,,100.0,100.0,0.0
fullgoal__HBXZXZH001,货币星活钱理财,富国基金,,,2026-10-09,2026-10-09,最新库内披露仓位,latest_observed_current,,4,1,,"{""2026-06-30"": 100.00000000000001}",0,0.0,19.477467318341382,0,95b7e32bf5146a502cb5f288.json,2026-10-10,净值漂移推算,1,,100.00000000000001,100.00000000000001,0.0
fund99__fund99_648ca57942df,添富养老2030,汇添富基金/现金宝投顾,,public_fee_list,,,最新库内披露仓位,latest_observed_current,缺少当前基金仓位,0,0,缺少当前基金仓位,{},0,,,0,38081c7d22ecd8697eacd9ef.json,,缺少可用基金配置,0,缺少完整配置,,,
fund99__fund99_42d6652c62ac,添富养老2040,汇添富基金/现金宝投顾,,public_fee_list,,,最新库内披露仓位,latest_observed_current,缺少当前基金仓位,0,0,缺少当前基金仓位,{},0,,,0,01371cc2634bc2c7ee1b5e53.json,,缺少可用基金配置,0,缺少完整配置,,,
fund99__fund99_33b61caf8eb7,添富养老2050,汇添富基金/现金宝投顾,,public_fee_list,,,最新库内披露仓位,latest_observed_current,缺少当前基金仓位,0,0,缺少当前基金仓位,{},0,,,0,18a19cd835900a87e1727934.json,,缺少可用基金配置,0,缺少完整配置,,,
fund99__fund99_2772fb10166b,添富教育,汇添富基金/现金宝投顾,,public_fee_list,,,最新库内披露仓位,latest_observed_current,缺少当前基金仓位,0,0,缺少当前基金仓位,{},0,,,0,9f2c015c94b5614d9699e3f6.json,,缺少可用基金配置,0,缺少完整配置,,,
fund99__fund99_0dc62e0bc73e,理财佳,汇添富基金/现金宝投顾,,public_fee_list,,,最新库内披露仓位,latest_observed_current,缺少当前基金仓位,0,0,缺少当前基金仓位,{},0,,,0,09e933a3934648da55d9d98c.json,,缺少可用基金配置,0,缺少完整配置,,,
fund99__fund99_5a4db54ba026,稳稳小确幸1号,汇添富基金/现金宝投顾,,public_fee_list,,,最新库内披露仓位,latest_observed_current,缺少当前基金仓位,0,0,缺少当前基金仓位,{},0,,,0,233ff6558ce79a69b2854051.json,,缺少可用基金配置,0,缺少完整配置,,,
fund99__fund99_bee26eb84e93,稳稳小确幸2号,汇添富基金/现金宝投顾,,public_fee_list,,,最新库内披露仓位,latest_observed_current,缺少当前基金仓位,0,0,缺少当前基金仓位,{},0,,,0,cc58bd6d91f685145d030215.json,,缺少可用基金配置,0,缺少完整配置,,,
fund99__fund99_9e6611aac426,跟我投,汇添富基金/现金宝投顾,,public_fee_list,,,最新库内披露仓位,latest_observed_current,缺少当前基金仓位,0,0,缺少当前基金仓位,{},0,,,0,b3b72a838ad36029cfbadf4b.json,,缺少可用基金配置,0,缺少完整配置,,,
gfbank_cgb__ui-name-ecc3df21fb6bf933,南方基金超级定投,广发银行发现精彩,,active_authenticated_ui,,,最新库内披露仓位,latest_observed_current,缺少当前基金仓位,0,0,缺少当前基金仓位,{},0,,,0,0b7dc65ab335f3d88c55acb0.json,,缺少可用基金配置,0,缺少完整配置,,,
gfbank_cgb__ui-name-49da777d5bf3d78e,南方智投宝180天,广发银行发现精彩,,active_authenticated_ui,,,最新库内披露仓位,latest_observed_current,缺少当前基金仓位,0,0,缺少当前基金仓位,{},0,,,0,561b40f17575a738e3bb0934.json,,缺少可用基金配置,0,缺少完整配置,,,
gfbank_cgb__ui-name-9169288a36e7075e,南方智投宝30天,广发银行发现精彩,,active_authenticated_ui,,,最新库内披露仓位,latest_observed_current,缺少当前基金仓位,0,0,缺少当前基金仓位,{},0,,,0,1363a4c4f2769d9520a84dd5.json,,缺少可用基金配置,0,缺少完整配置,,,
gfbank_cgb__ui-name-1d31ad4d540c0887,南方智投宝60天,广发银行发现精彩,,active_authenticated_ui,,,最新库内披露仓位,latest_observed_current,缺少当前基金仓位,0,0,缺少当前基金仓位,{},0,,,0,c62327b8851d18eb090d2622.json,,缺少可用基金配置,0,缺少完整配置,,,
gfbank_cgb__ui-name-d62b5ab7f4ab7e6e,南方智投宝90天,广发银行发现精彩,,active_authenticated_ui,,,最新库内披露仓位,latest_observed_current,缺少当前基金仓位,0,0,缺少当前基金仓位,{},0,,,0,9522e9add7a7f7f71c63f07d.json,,缺少可用基金配置,0,缺少完整配置,,,
gfbank_cgb__ui-name-cbd061f56b3d20d5,南方智投小目标100期,广发银行发现精彩,,historical_authenticated_ui,,,最新库内披露仓位,latest_observed_current,缺少当前基金仓位,0,0,缺少当前基金仓位,{},0,,,0,9f9fb9752a21c8ac5aca531c.json,,缺少可用基金配置,0,缺少完整配置,,,
gfbank_cgb__ui-name-716be0e00c4fb9b2,南方智投小目标101期,广发银行发现精彩,,historical_authenticated_ui,,,最新库内披露仓位,latest_observed_current,缺少当前基金仓位,0,0,缺少当前基金仓位,{},0,,,0,35cf864f12bb7b260d309cff.json,,缺少可用基金配置,0,缺少完整配置,,,
gfbank_cgb__ui-name-c547d5fa856a0798,南方智投小目标102期,广发银行发现精彩,,historical_authenticated_ui,,,最新库内披露仓位,latest_observed_current,缺少当前基金仓位,0,0,缺少当前基金仓位,{},0,,,0,1b813464080e4520fe0bf536.json,,缺少可用基金配置,0,缺少完整配置,,,
gfbank_cgb__ui-name-19c1c47c7969f56c,南方智投小目标103期,广发银行发现精彩,,historical_authenticated_ui,,,最新库内披露仓位,latest_observed_current,缺少当前基金仓位,0,0,缺少当前基金仓位,{},0,,,0,b43cfcb4f18afc657667b508.json,,缺少可用基金配置,0,缺少完整配置,,,
gfbank_cgb__ui-name-84b32d633869e020,南方智投小目标104期,广发银行发现精彩,,historical_authenticated_ui,,,最新库内披露仓位,latest_observed_current,缺少当前基金仓位,0,0,缺少当前基金仓位,{},0,,,0,cbd529dd1128b198b13be726.json,,缺少可用基金配置,0,缺少完整配置,,,
gfbank_cgb__ui-name-69ca7e324ed1dc59,南方智投小目标105期,广发银行发现精彩,,historical_authenticated_ui,,,最新库内披露仓位,latest_observed_current,缺少当前基金仓位,0,0,缺少当前基金仓位,{},0,,,0,62e09027059e2b49fd60a211.json,,缺少可用基金配置,0,缺少完整配置,,,
gfbank_cgb__ui-name-b8c11938b73322c0,南方智投小目标106期,广发银行发现精彩,,historical_authenticated_ui,,,最新库内披露仓位,latest_observed_current,缺少当前基金仓位,0,0,缺少当前基金仓位,{},0,,,0,534a5f636a780524869c3a5f.json,,缺少可用基金配置,0,缺少完整配置,,,
gfbank_cgb__ui-name-3dbfeaabe59c601f,南方智投小目标107期,广发银行发现精彩,,historical_authenticated_ui,,,最新库内披露仓位,latest_observed_current,缺少当前基金仓位,0,0,缺少当前基金仓位,{},0,,,0,168a39b40defef8ab7d0c2c4.json,,缺少可用基金配置,0,缺少完整配置,,,
gfbank_cgb__ui-name-8d69db1d6c4676e2,南方智投小目标108期,广发银行发现精彩,,historical_authenticated_ui,,,最新库内披露仓位,latest_observed_current,缺少当前基金仓位,0,0,缺少当前基金仓位,{},0,,,0,c30db7778d0c6e9434362743.json,,缺少可用基金配置,0,缺少完整配置,,,
gfbank_cgb__ui-name-2095f3939232d4cf,南方智投小目标109期,广发银行发现精彩,,historical_authenticated_ui,,,最新库内披露仓位,latest_observed_current,缺少当前基金仓位,0,0,缺少当前基金仓位,{},0,,,0,d79374d263e96f87fa6148b1.json,,缺少可用基金配置,0,缺少完整配置,,,
gfbank_cgb__ui-name-d12860c88621526a,南方智投小目标110期,广发银行发现精彩,,historical_authenticated_ui,,,最新库内披露仓位,latest_observed_current,缺少当前基金仓位,0,0,缺少当前基金仓位,{},0,,,0,06f719a979842e7e8cdd9491.json,,缺少可用基金配置,0,缺少完整配置,,,
gfbank_cgb__ui-name-40ec9921e0eac816,南方智投小目标111期,广发银行发现精彩,,historical_authenticated_ui,,,最新库内披露仓位,latest_observed_current,缺少当前基金仓位,0,0,缺少当前基金仓位,{},0,,,0,aee7b15a5de48a93879f81b8.json,,缺少可用基金配置,0,缺少完整配置,,,
gfbank_cgb__ui-name-9278463e3897b4b1,南方智投小目标112期,广发银行发现精彩,,historical_authenticated_ui,,,最新库内披露仓位,latest_observed_current,缺少当前基金仓位,0,0,缺少当前基金仓位,{},0,,,0,3d7dfc1f9dab5996a730a1e4.json,,缺少可用基金配置,0,缺少完整配置,,,
gfbank_cgb__ui-name-77227ef249e75f77,南方智投小目标113期,广发银行发现精彩,,historical_authenticated_ui,,,最新库内披露仓位,latest_observed_current,缺少当前基金仓位,0,0,缺少当前基金仓位,{},0,,,0,1c99ed657db0aca66be6ee4c.json,,缺少可用基金配置,0,缺少完整配置,,,
gfbank_cgb__ui-name-ebf2ee7f71d270b2,南方智投小目标114期,广发银行发现精彩,,historical_authenticated_ui,,,最新库内披露仓位,latest_observed_current,缺少当前基金仓位,0,0,缺少当前基金仓位,{},0,,,0,8be788b435ce97cf95979295.json,,缺少可用基金配置,0,缺少完整配置,,,
gfbank_cgb__ui-name-1e4970999d6c11f3,南方智投小目标115期,广发银行发现精彩,,historical_authenticated_ui,,,最新库内披露仓位,latest_observed_current,缺少当前基金仓位,0,0,缺少当前基金仓位,{},0,,,0,aa7ff67229fa7070b7af0492.json,,缺少可用基金配置,0,缺少完整配置,,,
gfbank_cgb__ui-name-8a0470edbd2d0845,南方智投小目标116期,广发银行发现精彩,,historical_authenticated_ui,,,最新库内披露仓位,latest_observed_current,缺少当前基金仓位,0,0,缺少当前基金仓位,{},0,,,0,05f00918b1d52b3ef41170be.json,,缺少可用基金配置,0,缺少完整配置,,,
gfbank_cgb__ui-name-aee06e2e9aeb49a8,南方智投小目标117期,广发银行发现精彩,,historical_authenticated_ui,,,最新库内披露仓位,latest_observed_current,缺少当前基金仓位,0,0,缺少当前基金仓位,{},0,,,0,640c5c87d51200cf1bdec920.json,,缺少可用基金配置,0,缺少完整配置,,,
gfbank_cgb__ui-name-ac5ba8fd849eea64,南方智投小目标118期,广发银行发现精彩,,historical_authenticated_ui,,,最新库内披露仓位,latest_observed_current,缺少当前基金仓位,0,0,缺少当前基金仓位,{},0,,,0,d3d46f347f24fa7af9b3e17a.json,,缺少可用基金配置,0,缺少完整配置,,,
gfbank_cgb__ui-name-7b1754bfb09ec9ea,南方智投小目标119期,广发银行发现精彩,,historical_authenticated_ui,,,最新库内披露仓位,latest_observed_current,缺少当前基金仓位,0,0,缺少当前基金仓位,{},0,,,0,1f176bc972212654b5d581b5.json,,缺少可用基金配置,0,缺少完整配置,,,
gfbank_cgb__ui-name-0c5458e37f12f65d,南方智投小目标120期,广发银行发现精彩,,historical_authenticated_ui,,,最新库内披露仓位,latest_observed_current,缺少当前基金仓位,0,0,缺少当前基金仓位,{},0,,,0,d1d022158538a86c0ac49171.json,,缺少可用基金配置,0,缺少完整配置,,,
gfbank_cgb__ui-name-049868123f86a39e,南方智投小目标121期,广发银行发现精彩,,historical_authenticated_ui,,,最新库内披露仓位,latest_observed_current,缺少当前基金仓位,0,0,缺少当前基金仓位,{},0,,,0,26342dfbd673bb8386e0b3eb.json,,缺少可用基金配置,0,缺少完整配置,,,
gfbank_cgb__ui-name-ff04694b44c8830c,南方智投小目标122期,广发银行发现精彩,,historical_authenticated_ui,,,最新库内披露仓位,latest_observed_current,缺少当前基金仓位,0,0,缺少当前基金仓位,{},0,,,0,919af11eab46bb5b1157d7a6.json,,缺少可用基金配置,0,缺少完整配置,,,
gfbank_cgb__ui-name-610394f19ae71ae7,南方智投小目标123期,广发银行发现精彩,,historical_authenticated_ui,,,最新库内披露仓位,latest_observed_current,缺少当前基金仓位,0,0,缺少当前基金仓位,{},0,,,0,27acf47a911e259458804766.json,,缺少可用基金配置,0,缺少完整配置,,,
gfbank_cgb__ui-name-483acce8afc50113,南方智投小目标124期,广发银行发现精彩,,historical_authenticated_ui,,,最新库内披露仓位,latest_observed_current,缺少当前基金仓位,0,0,缺少当前基金仓位,{},0,,,0,a61ebc5e1cb2a70dfbe6d584.json,,缺少可用基金配置,0,缺少完整配置,,,
gfbank_cgb__ui-name-98081332598c1cf0,南方智投小目标125期,广发银行发现精彩,,historical_authenticated_ui,,,最新库内披露仓位,latest_observed_current,缺少当前基金仓位,0,0,缺少当前基金仓位,{},0,,,0,1322bbe82c9e8e11415052a7.json,,缺少可用基金配置,0,缺少完整配置,,,
gfbank_cgb__ui-name-7add70066d84ccd6,南方智投小目标126期,广发银行发现精彩,,historical_authenticated_ui,,,最新库内披露仓位,latest_observed_current,缺少当前基金仓位,0,0,缺少当前基金仓位,{},0,,,0,367dd3770df3d5af968988b1.json,,缺少可用基金配置,0,缺少完整配置,,,
gfbank_cgb__ui-name-eb20c8b4622035e9,南方智投小目标127期,广发银行发现精彩,,historical_authenticated_ui,,,最新库内披露仓位,latest_observed_current,缺少当前基金仓位,0,0,缺少当前基金仓位,{},0,,,0,30f96892e21215003545805f.json,,缺少可用基金配置,0,缺少完整配置,,,
gfbank_cgb__ui-name-ad537a7e417f0169,南方智投小目标128期,广发银行发现精彩,,historical_authenticated_ui,,,最新库内披露仓位,latest_observed_current,缺少当前基金仓位,0,0,缺少当前基金仓位,{},0,,,0,35480f0333547584f3cd6906.json,,缺少可用基金配置,0,缺少完整配置,,,
gfbank_cgb__ui-name-863cda2d7e2500a1,南方智投小目标129期,广发银行发现精彩,,historical_authenticated_ui,,,最新库内披露仓位,latest_observed_current,缺少当前基金仓位,0,0,缺少当前基金仓位,{},0,,,0,733c4d17b89d332661322f6a.json,,缺少可用基金配置,0,缺少完整配置,,,
gfbank_cgb__ui-name-289d86021f584419,南方智投小目标130期,广发银行发现精彩,,historical_authenticated_ui,,,最新库内披露仓位,latest_observed_current,缺少当前基金仓位,0,0,缺少当前基金仓位,{},0,,,0,b72ab031f762370415da1f1f.json,,缺少可用基金配置,0,缺少完整配置,,,
gfbank_cgb__ui-name-3068d45ade6c6ab8,南方智投小目标131期,广发银行发现精彩,,historical_authenticated_ui,,,最新库内披露仓位,latest_observed_current,缺少当前基金仓位,0,0,缺少当前基金仓位,{},0,,,0,53f9eaaa85168353cd7d58af.json,,缺少可用基金配置,0,缺少完整配置,,,
gfbank_cgb__ui-name-585c4219eae5acc9,南方智投小目标132期,广发银行发现精彩,,historical_authenticated_ui,,,最新库内披露仓位,latest_observed_current,缺少当前基金仓位,0,0,缺少当前基金仓位,{},0,,,0,89b769fe486156c3bca4fb4f.json,,缺少可用基金配置,0,缺少完整配置,,,
gfbank_cgb__ui-name-2531ef2c406b28a7,南方智投小目标133期,广发银行发现精彩,,historical_authenticated_ui,,,最新库内披露仓位,latest_observed_current,缺少当前基金仓位,0,0,缺少当前基金仓位,{},0,,,0,aa90b0fa833c6d277bfde2f0.json,,缺少可用基金配置,0,缺少完整配置,,,
gfbank_cgb__ui-name-206bcbfaae5ab78d,南方智投小目标134期,广发银行发现精彩,,active_authenticated_ui,,,最新库内披露仓位,latest_observed_current,缺少当前基金仓位,0,0,缺少当前基金仓位,{},0,,,0,624fe26cbbc0819691784836.json,,缺少可用基金配置,0,缺少完整配置,,,
gfbank_cgb__ui-name-aa76cd9da1eb8125,南方智投小目标94期,广发银行发现精彩,,historical_authenticated_ui,,,最新库内披露仓位,latest_observed_current,缺少当前基金仓位,0,0,缺少当前基金仓位,{},0,,,0,94b8c1cd942c8085a389384a.json,,缺少可用基金配置,0,缺少完整配置,,,
gfbank_cgb__ui-name-e9fe3e3580c1171e,南方智投小目标95期,广发银行发现精彩,,historical_authenticated_ui,,,最新库内披露仓位,latest_observed_current,缺少当前基金仓位,0,0,缺少当前基金仓位,{},0,,,0,da9a821d8db00f49d186295d.json,,缺少可用基金配置,0,缺少完整配置,,,
gfbank_cgb__ui-name-4c60e2fc18c016ca,南方智投小目标96期,广发银行发现精彩,,historical_authenticated_ui,,,最新库内披露仓位,latest_observed_current,缺少当前基金仓位,0,0,缺少当前基金仓位,{},0,,,0,1a9c43ba996a65783aa2c155.json,,缺少可用基金配置,0,缺少完整配置,,,
gfbank_cgb__ui-name-842437046aeba7fc,南方智投小目标97期,广发银行发现精彩,,historical_authenticated_ui,,,最新库内披露仓位,latest_observed_current,缺少当前基金仓位,0,0,缺少当前基金仓位,{},0,,,0,31da21078b7b086414d3efe4.json,,缺少可用基金配置,0,缺少完整配置,,,
gfbank_cgb__ui-name-8e6be08d9ff57979,南方智投小目标98期,广发银行发现精彩,,historical_authenticated_ui,,,最新库内披露仓位,latest_observed_current,缺少当前基金仓位,0,0,缺少当前基金仓位,{},0,,,0,d3d89080485849b0ac376602.json,,缺少可用基金配置,0,缺少完整配置,,,
gfbank_cgb__ui-name-7b2795e2942e86b8,南方智投小目标99期,广发银行发现精彩,,historical_authenticated_ui,,,最新库内披露仓位,latest_observed_current,缺少当前基金仓位,0,0,缺少当前基金仓位,{},0,,,0,a62a02c18532a7aa54d07708.json,,缺少可用基金配置,0,缺少完整配置,,,
gfbank_cgb__ui-name-39722f534222df9c,博乐小目标101期,广发银行发现精彩,,historical_authenticated_ui,,,最新库内披露仓位,latest_observed_current,缺少当前基金仓位,0,0,缺少当前基金仓位,{},0,,,0,db00bf4236dc59787e874842.json,,缺少可用基金配置,0,缺少完整配置,,,
gfbank_cgb__ui-name-70667115610093fe,博乐小目标102期,广发银行发现精彩,,historical_authenticated_ui,,,最新库内披露仓位,latest_observed_current,缺少当前基金仓位,0,0,缺少当前基金仓位,{},0,,,0,61a2e773c071ecf865b4fdaf.json,,缺少可用基金配置,0,缺少完整配置,,,
gfbank_cgb__ui-name-19e5808a7522e72f,博乐小目标103期,广发银行发现精彩,,historical_authenticated_ui,,,最新库内披露仓位,latest_observed_current,缺少当前基金仓位,0,0,缺少当前基金仓位,{},0,,,0,c7c7371fcda9f40eac312b31.json,,缺少可用基金配置,0,缺少完整配置,,,
gfbank_cgb__ui-name-761a8105ed55182f,博乐小目标105期,广发银行发现精彩,,historical_authenticated_ui,,,最新库内披露仓位,latest_observed_current,缺少当前基金仓位,0,0,缺少当前基金仓位,{},0,,,0,4ae3d996c937a5cd2891c416.json,,缺少可用基金配置,0,缺少完整配置,,,
gfbank_cgb__ui-name-19225c26c44b1905,博乐小目标106期,广发银行发现精彩,,historical_authenticated_ui,,,最新库内披露仓位,latest_observed_current,缺少当前基金仓位,0,0,缺少当前基金仓位,{},0,,,0,fca22e5226b402921ff9637e.json,,缺少可用基金配置,0,缺少完整配置,,,
gfbank_cgb__ui-name-17db1a4c894dc689,博乐小目标107期,广发银行发现精彩,,historical_authenticated_ui,,,最新库内披露仓位,latest_observed_current,缺少当前基金仓位,0,0,缺少当前基金仓位,{},0,,,0,ed928087d1fe15789c9df11e.json,,缺少可用基金配置,0,缺少完整配置,,,
gfbank_cgb__ui-name-fe9f47d12b0fa9c4,博乐小目标108期,广发银行发现精彩,,historical_authenticated_ui,,,最新库内披露仓位,latest_observed_current,缺少当前基金仓位,0,0,缺少当前基金仓位,{},0,,,0,21f14e1f27d48ec3f17a9b17.json,,缺少可用基金配置,0,缺少完整配置,,,
gfbank_cgb__ui-name-9c45128d15244c17,博乐小目标109期,广发银行发现精彩,,historical_authenticated_ui,,,最新库内披露仓位,latest_observed_current,缺少当前基金仓位,0,0,缺少当前基金仓位,{},0,,,0,a4f9b3cefec699a2ecd6e9c6.json,,缺少可用基金配置,0,缺少完整配置,,,
gfbank_cgb__ui-name-5c11053f424089ec,博乐小目标110期,广发银行发现精彩,,historical_authenticated_ui,,,最新库内披露仓位,latest_observed_current,缺少当前基金仓位,0,0,缺少当前基金仓位,{},0,,,0,7d1662a12ed7616674a2d678.json,,缺少可用基金配置,0,缺少完整配置,,,
gfbank_cgb__ui-name-0a9157cec80a13df,博乐小目标111期,广发银行发现精彩,,historical_authenticated_ui,,,最新库内披露仓位,latest_observed_current,缺少当前基金仓位,0,0,缺少当前基金仓位,{},0,,,0,49d292ce05f10cfe914bed56.json,,缺少可用基金配置,0,缺少完整配置,,,
gfbank_cgb__ui-name-42841954a6f015ca,博乐小目标112期,广发银行发现精彩,,historical_authenticated_ui,,,最新库内披露仓位,latest_observed_current,缺少当前基金仓位,0,0,缺少当前基金仓位,{},0,,,0,add2779662b71703380b1730.json,,缺少可用基金配置,0,缺少完整配置,,,
gfbank_cgb__ui-name-6dc89d3bdebc9152,博乐小目标113期,广发银行发现精彩,,historical_authenticated_ui,,,最新库内披露仓位,latest_observed_current,缺少当前基金仓位,0,0,缺少当前基金仓位,{},0,,,0,b706fd9ba61395cd50076e4e.json,,缺少可用基金配置,0,缺少完整配置,,,
gfbank_cgb__ui-name-34374b804c0bc435,博乐小目标114期,广发银行发现精彩,,historical_authenticated_ui,,,最新库内披露仓位,latest_observed_current,缺少当前基金仓位,0,0,缺少当前基金仓位,{},0,,,0,6ac0ca4029820c67f18edd86.json,,缺少可用基金配置,0,缺少完整配置,,,
gfbank_cgb__ui-name-4359eca5010d95c1,博乐小目标115期,广发银行发现精彩,,historical_authenticated_ui,,,最新库内披露仓位,latest_observed_current,缺少当前基金仓位,0,0,缺少当前基金仓位,{},0,,,0,c7a5f8fbb55c9863ca785b54.json,,缺少可用基金配置,0,缺少完整配置,,,
gfbank_cgb__ui-name-5ab821754ac9ef38,博乐小目标116期,广发银行发现精彩,,historical_authenticated_ui,,,最新库内披露仓位,latest_observed_current,缺少当前基金仓位,0,0,缺少当前基金仓位,{},0,,,0,296936dcc63635e71979412a.json,,缺少可用基金配置,0,缺少完整配置,,,
gfbank_cgb__ui-name-e4ed290049402ebe,博乐小目标117期,广发银行发现精彩,,historical_authenticated_ui,,,最新库内披露仓位,latest_observed_current,缺少当前基金仓位,0,0,缺少当前基金仓位,{},0,,,0,2c9d6cf6204b5ada6bb6f541.json,,缺少可用基金配置,0,缺少完整配置,,,
gfbank_cgb__ui-name-f8c8b866af7bf8f8,博乐小目标118期,广发银行发现精彩,,historical_authenticated_ui,,,最新库内披露仓位,latest_observed_current,缺少当前基金仓位,0,0,缺少当前基金仓位,{},0,,,0,fd6b212efbca1d2e6ae8aa42.json,,缺少可用基金配置,0,缺少完整配置,,,
gfbank_cgb__ui-name-990fd77087c4b021,博乐小目标119期,广发银行发现精彩,,historical_authenticated_ui,,,最新库内披露仓位,latest_observed_current,缺少当前基金仓位,0,0,缺少当前基金仓位,{},0,,,0,5d2707c1ec31ff093c3b3188.json,,缺少可用基金配置,0,缺少完整配置,,,
gfbank_cgb__ui-name-3ffe1366e25998e6,博乐小目标120期,广发银行发现精彩,,historical_authenticated_ui,,,最新库内披露仓位,latest_observed_current,缺少当前基金仓位,0,0,缺少当前基金仓位,{},0,,,0,cd6a27c12ea03347e7884991.json,,缺少可用基金配置,0,缺少完整配置,,,
gfbank_cgb__ui-name-28aab9733d1cb249,博乐小目标121期,广发银行发现精彩,,historical_authenticated_ui,,,最新库内披露仓位,latest_observed_current,缺少当前基金仓位,0,0,缺少当前基金仓位,{},0,,,0,36cf791cb79a76fdaaec5b43.json,,缺少可用基金配置,0,缺少完整配置,,,
gfbank_cgb__ui-name-2508ddf77b7c996b,博乐小目标122期,广发银行发现精彩,,historical_authenticated_ui,,,最新库内披露仓位,latest_observed_current,缺少当前基金仓位,0,0,缺少当前基金仓位,{},0,,,0,0fa18d14122c93de09252f23.json,,缺少可用基金配置,0,缺少完整配置,,,
gfbank_cgb__ui-name-b7f3813d59dd612b,博乐小目标123期,广发银行发现精彩,,historical_authenticated_ui,,,最新库内披露仓位,latest_observed_current,缺少当前基金仓位,0,0,缺少当前基金仓位,{},0,,,0,f1085551aaa494c89735bfcb.json,,缺少可用基金配置,0,缺少完整配置,,,
gfbank_cgb__ui-name-16daff83c2cb6e32,博乐小目标124期,广发银行发现精彩,,historical_authenticated_ui,,,最新库内披露仓位,latest_observed_current,缺少当前基金仓位,0,0,缺少当前基金仓位,{},0,,,0,919d245befbcdbe30daa1c44.json,,缺少可用基金配置,0,缺少完整配置,,,
gfbank_cgb__ui-name-294e40f299c60ad1,博乐小目标125期,广发银行发现精彩,,historical_authenticated_ui,,,最新库内披露仓位,latest_observed_current,缺少当前基金仓位,0,0,缺少当前基金仓位,{},0,,,0,b0c4278adaf7312b4175ff74.json,,缺少可用基金配置,0,缺少完整配置,,,
gfbank_cgb__ui-name-373a6827c1d35e12,博乐小目标126期,广发银行发现精彩,,historical_authenticated_ui,,,最新库内披露仓位,latest_observed_current,缺少当前基金仓位,0,0,缺少当前基金仓位,{},0,,,0,2469bf756e6f70c98d709b31.json,,缺少可用基金配置,0,缺少完整配置,,,
gfbank_cgb__ui-name-5f45dda955767f61,博乐小目标127期,广发银行发现精彩,,historical_authenticated_ui,,,最新库内披露仓位,latest_observed_current,缺少当前基金仓位,0,0,缺少当前基金仓位,{},0,,,0,b305eec44fea6d19fb52e411.json,,缺少可用基金配置,0,缺少完整配置,,,
gfbank_cgb__ui-name-f6c5d36e39789200,博乐小目标128期,广发银行发现精彩,,historical_authenticated_ui,,,最新库内披露仓位,latest_observed_current,缺少当前基金仓位,0,0,缺少当前基金仓位,{},0,,,0,a209512cf5b937505dc42ae5.json,,缺少可用基金配置,0,缺少完整配置,,,
gfbank_cgb__ui-name-0fe63437cb9b4dae,博乐小目标129期,广发银行发现精彩,,historical_authenticated_ui,,,最新库内披露仓位,latest_observed_current,缺少当前基金仓位,0,0,缺少当前基金仓位,{},0,,,0,8c0888782b31ba4593a62336.json,,缺少可用基金配置,0,缺少完整配置,,,
gfbank_cgb__ui-name-27eb0f6f83a050a0,博乐小目标130期,广发银行发现精彩,,historical_authenticated_ui,,,最新库内披露仓位,latest_observed_current,缺少当前基金仓位,0,0,缺少当前基金仓位,{},0,,,0,1e8849e3b1eefb685bfed00f.json,,缺少可用基金配置,0,缺少完整配置,,,
gfbank_cgb__ui-name-29b67b29d91d380d,博乐小目标131期,广发银行发现精彩,,historical_authenticated_ui,,,最新库内披露仓位,latest_observed_current,缺少当前基金仓位,0,0,缺少当前基金仓位,{},0,,,0,72984835cf0e586c0ceec16a.json,,缺少可用基金配置,0,缺少完整配置,,,
gfbank_cgb__ui-name-dd546f1737b8839d,博乐小目标132期,广发银行发现精彩,,historical_authenticated_ui,,,最新库内披露仓位,latest_observed_current,缺少当前基金仓位,0,0,缺少当前基金仓位,{},0,,,0,36825f1309e9da1bd2a1a7c3.json,,缺少可用基金配置,0,缺少完整配置,,,
gfbank_cgb__ui-name-e42e943cbf5b02b1,博乐小目标133期,广发银行发现精彩,,historical_authenticated_ui,,,最新库内披露仓位,latest_observed_current,缺少当前基金仓位,0,0,缺少当前基金仓位,{},0,,,0,f800e318482dac596e071aa5.json,,缺少可用基金配置,0,缺少完整配置,,,
gfbank_cgb__ui-name-f5ab9f51de927a11,博乐小目标134期,广发银行发现精彩,,historical_authenticated_ui,,,最新库内披露仓位,latest_observed_current,缺少当前基金仓位,0,0,缺少当前基金仓位,{},0,,,0,8f7f1d371cb3b8148a280c30.json,,缺少可用基金配置,0,缺少完整配置,,,
gfbank_cgb__ui-name-19b51e64cfeb8ad1,博乐小目标135期,广发银行发现精彩,,historical_authenticated_ui,,,最新库内披露仓位,latest_observed_current,缺少当前基金仓位,0,0,缺少当前基金仓位,{},0,,,0,5299889637e73aa0dd9c0464.json,,缺少可用基金配置,0,缺少完整配置,,,
gfbank_cgb__ui-name-2e6a8ee8eefaa93e,博乐小目标136期,广发银行发现精彩,,historical_authenticated_ui,,,最新库内披露仓位,latest_observed_current,缺少当前基金仓位,0,0,缺少当前基金仓位,{},0,,,0,2c5062221cb7b06b86c61631.json,,缺少可用基金配置,0,缺少完整配置,,,
gfbank_cgb__ui-name-763857e4ee022c6a,博乐小目标137期,广发银行发现精彩,,historical_authenticated_ui,,,最新库内披露仓位,latest_observed_current,缺少当前基金仓位,0,0,缺少当前基金仓位,{},0,,,0,6f90186dda4c2d81cd1efe1a.json,,缺少可用基金配置,0,缺少完整配置,,,
gfbank_cgb__ui-name-4a2c8124a7965218,博乐小目标138期,广发银行发现精彩,,historical_authenticated_ui,,,最新库内披露仓位,latest_observed_current,缺少当前基金仓位,0,0,缺少当前基金仓位,{},0,,,0,b5ba83cdcbe6adc45eb398c4.json,,缺少可用基金配置,0,缺少完整配置,,,
gfbank_cgb__ui-name-d25c4662dd39bf6c,博乐小目标139期,广发银行发现精彩,,historical_authenticated_ui,,,最新库内披露仓位,latest_observed_current,缺少当前基金仓位,0,0,缺少当前基金仓位,{},0,,,0,ea76072862bc5c829c804b3c.json,,缺少可用基金配置,0,缺少完整配置,,,
gfbank_cgb__ui-name-118359b52cf5e0d3,博乐小目标140期,广发银行发现精彩,,historical_authenticated_ui,,,最新库内披露仓位,latest_observed_current,缺少当前基金仓位,0,0,缺少当前基金仓位,{},0,,,0,427e5ad72f3a22f7da442cdc.json,,缺少可用基金配置,0,缺少完整配置,,,
gfbank_cgb__ui-name-26e90b4fdbcb3b56,博乐小目标141期,广发银行发现精彩,,active_authenticated_ui,,,最新库内披露仓位,latest_observed_current,缺少当前基金仓位,0,0,缺少当前基金仓位,{},0,,,0,c71ed52a2f82c0073a483de0.json,,缺少可用基金配置,0,缺少完整配置,,,
gfbank_cgb__ui-name-45b951e2b225a0aa,博乐小目标38期,广发银行发现精彩,,historical_authenticated_ui,,,最新库内披露仓位,latest_observed_current,缺少当前基金仓位,0,0,缺少当前基金仓位,{},0,,,0,0ebd2f6bb8a56a8d11df6d8a.json,,缺少可用基金配置,0,缺少完整配置,,,
gfbank_cgb__ui-name-1b815a69a228100b,博时乐享30天,广发银行发现精彩,,active_authenticated_ui,,,最新库内披露仓位,latest_observed_current,缺少当前基金仓位,0,0,缺少当前基金仓位,{},0,,,0,c18b5cc7290535a958ce48b7.json,,缺少可用基金配置,0,缺少完整配置,,,
gfbank_cgb__ui-name-aa494b3950eadbc1,博时乐享90天,广发银行发现精彩,,active_authenticated_ui,,,最新库内披露仓位,latest_observed_current,缺少当前基金仓位,0,0,缺少当前基金仓位,{},0,,,0,176566c0099638f2d629aecc.json,,缺少可用基金配置,0,缺少完整配置,,,
gfbank_cgb__ui-name-4ea56084d4c29fe5,幸福小列车目标盈17期,广发银行发现精彩,,historical_authenticated_ui,,,最新库内披露仓位,latest_observed_current,缺少当前基金仓位,0,0,缺少当前基金仓位,{},0,,,0,4ed2a9f4d2ecbbe3a4266d82.json,,缺少可用基金配置,0,缺少完整配置,,,
gfbank_cgb__ui-name-a3b18132b9db8aec,幸福小列车目标盈55期,广发银行发现精彩,,historical_authenticated_ui,,,最新库内披露仓位,latest_observed_current,缺少当前基金仓位,0,0,缺少当前基金仓位,{},0,,,0,6fbdbae5fa0cd54e8d43f0f2.json,,缺少可用基金配置,0,缺少完整配置,,,
gfbank_cgb__ui-name-87f0876a25e676a5,幸福小列车目标盈56期,广发银行发现精彩,,historical_authenticated_ui,,,最新库内披露仓位,latest_observed_current,缺少当前基金仓位,0,0,缺少当前基金仓位,{},0,,,0,38d84e83670dea3e7eaea988.json,,缺少可用基金配置,0,缺少完整配置,,,
gfbank_cgb__ui-name-fd4c1751a80e32bc,幸福小列车目标盈57期,广发银行发现精彩,,historical_authenticated_ui,,,最新库内披露仓位,latest_observed_current,缺少当前基金仓位,0,0,缺少当前基金仓位,{},0,,,0,736abcc79e524b9ae5879836.json,,缺少可用基金配置,0,缺少完整配置,,,
gfbank_cgb__ui-name-b805d60ecd190af7,幸福小列车目标盈58期,广发银行发现精彩,,historical_authenticated_ui,,,最新库内披露仓位,latest_observed_current,缺少当前基金仓位,0,0,缺少当前基金仓位,{},0,,,0,64c000cad8bb589f6d5630be.json,,缺少可用基金配置,0,缺少完整配置,,,
gfbank_cgb__ui-name-7da16ed5b5403523,幸福小列车目标盈59期,广发银行发现精彩,,historical_authenticated_ui,,,最新库内披露仓位,latest_observed_current,缺少当前基金仓位,0,0,缺少当前基金仓位,{},0,,,0,5ff33cb247180232d92f5267.json,,缺少可用基金配置,0,缺少完整配置,,,
gfbank_cgb__ui-name-f87a04dca8bdec24,幸福小列车目标盈60期,广发银行发现精彩,,historical_authenticated_ui,,,最新库内披露仓位,latest_observed_current,缺少当前基金仓位,0,0,缺少当前基金仓位,{},0,,,0,47fd0f27ed05bac2158439df.json,,缺少可用基金配置,0,缺少完整配置,,,
gfbank_cgb__ui-name-39b07467b0ce5895,幸福小列车目标盈61期,广发银行发现精彩,,historical_authenticated_ui,,,最新库内披露仓位,latest_observed_current,缺少当前基金仓位,0,0,缺少当前基金仓位,{},0,,,0,28d99435a1c013d2c33db548.json,,缺少可用基金配置,0,缺少完整配置,,,
gfbank_cgb__ui-name-8e1aec9113ab77f4,幸福小列车目标盈62期,广发银行发现精彩,,historical_authenticated_ui,,,最新库内披露仓位,latest_observed_current,缺少当前基金仓位,0,0,缺少当前基金仓位,{},0,,,0,4d3471ceb8681b6d8f1a018d.json,,缺少可用基金配置,0,缺少完整配置,,,
gfbank_cgb__ui-name-f6af868bf25d68b1,幸福小列车目标盈63期,广发银行发现精彩,,historical_authenticated_ui,,,最新库内披露仓位,latest_observed_current,缺少当前基金仓位,0,0,缺少当前基金仓位,{},0,,,0,d86ce5d825a8ce7604c8ccf6.json,,缺少可用基金配置,0,缺少完整配置,,,
gfbank_cgb__ui-name-e3bd5cda35ba8128,幸福小列车目标盈64期,广发银行发现精彩,,historical_authenticated_ui,,,最新库内披露仓位,latest_observed_current,缺少当前基金仓位,0,0,缺少当前基金仓位,{},0,,,0,aba449793d282cbc6e16e241.json,,缺少可用基金配置,0,缺少完整配置,,,
gfbank_cgb__ui-name-7c851fc7005cd35c,幸福小列车目标盈65期,广发银行发现精彩,,historical_authenticated_ui,,,最新库内披露仓位,latest_observed_current,缺少当前基金仓位,0,0,缺少当前基金仓位,{},0,,,0,361383cb49e508461de888a3.json,,缺少可用基金配置,0,缺少完整配置,,,
gfbank_cgb__ui-name-253bbcde2177ea0f,幸福小列车目标盈66期,广发银行发现精彩,,historical_authenticated_ui,,,最新库内披露仓位,latest_observed_current,缺少当前基金仓位,0,0,缺少当前基金仓位,{},0,,,0,6a6eb5d51e1fece5f5d71690.json,,缺少可用基金配置,0,缺少完整配置,,,
gfbank_cgb__ui-name-c3d5a5dce89cd7ef,幸福小列车目标盈67期,广发银行发现精彩,,historical_authenticated_ui,,,最新库内披露仓位,latest_observed_current,缺少当前基金仓位,0,0,缺少当前基金仓位,{},0,,,0,6c3db2bda8fc822a28307d5b.json,,缺少可用基金配置,0,缺少完整配置,,,
gfbank_cgb__ui-name-f623fac1e805df9c,幸福小列车目标盈68期,广发银行发现精彩,,historical_authenticated_ui,,,最新库内披露仓位,latest_observed_current,缺少当前基金仓位,0,0,缺少当前基金仓位,{},0,,,0,9619e9aa2623ee53a866f472.json,,缺少可用基金配置,0,缺少完整配置,,,
gfbank_cgb__ui-name-134a89e8ee152922,幸福小列车目标盈69期,广发银行发现精彩,,historical_authenticated_ui,,,最新库内披露仓位,latest_observed_current,缺少当前基金仓位,0,0,缺少当前基金仓位,{},0,,,0,567e109038f36e2385970607.json,,缺少可用基金配置,0,缺少完整配置,,,
gfbank_cgb__ui-name-6468a20c158ca18f,幸福小列车目标盈70期,广发银行发现精彩,,historical_authenticated_ui,,,最新库内披露仓位,latest_observed_current,缺少当前基金仓位,0,0,缺少当前基金仓位,{},0,,,0,7382ce4c4c30679d84ef7f3a.json,,缺少可用基金配置,0,缺少完整配置,,,
gfbank_cgb__ui-name-2e9bbfff4007bdd8,幸福小列车目标盈71期,广发银行发现精彩,,historical_authenticated_ui,,,最新库内披露仓位,latest_observed_current,缺少当前基金仓位,0,0,缺少当前基金仓位,{},0,,,0,51c294e8c5a0863a4b71f8ba.json,,缺少可用基金配置,0,缺少完整配置,,,
gfbank_cgb__ui-name-67df481815cb9022,幸福小列车目标盈72期,广发银行发现精彩,,historical_authenticated_ui,,,最新库内披露仓位,latest_observed_current,缺少当前基金仓位,0,0,缺少当前基金仓位,{},0,,,0,997c8a7b3f10c5ddc6364714.json,,缺少可用基金配置,0,缺少完整配置,,,
gfbank_cgb__ui-name-ac9c961c2fd45c33,幸福小列车目标盈73期,广发银行发现精彩,,historical_authenticated_ui,,,最新库内披露仓位,latest_observed_current,缺少当前基金仓位,0,0,缺少当前基金仓位,{},0,,,0,f32d5af4d48b6fab11cf641f.json,,缺少可用基金配置,0,缺少完整配置,,,
gfbank_cgb__ui-name-bf78ad6014c62f71,幸福小列车目标盈74期,广发银行发现精彩,,historical_authenticated_ui,,,最新库内披露仓位,latest_observed_current,缺少当前基金仓位,0,0,缺少当前基金仓位,{},0,,,0,2de8d93bb7e9d380edb70ad2.json,,缺少可用基金配置,0,缺少完整配置,,,
gfbank_cgb__ui-name-a896b349bcaeeb8b,幸福小列车目标盈75期,广发银行发现精彩,,historical_authenticated_ui,,,最新库内披露仓位,latest_observed_current,缺少当前基金仓位,0,0,缺少当前基金仓位,{},0,,,0,0c1db7bdfc41225060d1b405.json,,缺少可用基金配置,0,缺少完整配置,,,
gfbank_cgb__ui-name-f2f3dde62a1518cb,幸福小列车目标盈77期,广发银行发现精彩,,historical_authenticated_ui,,,最新库内披露仓位,latest_observed_current,缺少当前基金仓位,0,0,缺少当前基金仓位,{},0,,,0,b2262d8282f3a28ceb572686.json,,缺少可用基金配置,0,缺少完整配置,,,
gfbank_cgb__ui-name-ca54b635652dda1c,幸福小列车目标盈78期,广发银行发现精彩,,historical_authenticated_ui,,,最新库内披露仓位,latest_observed_current,缺少当前基金仓位,0,0,缺少当前基金仓位,{},0,,,0,6fbf5cec519aaf009d1c3f7e.json,,缺少可用基金配置,0,缺少完整配置,,,
gfbank_cgb__ui-name-9f34fde38f422002,幸福小列车目标盈79期,广发银行发现精彩,,historical_authenticated_ui,,,最新库内披露仓位,latest_observed_current,缺少当前基金仓位,0,0,缺少当前基金仓位,{},0,,,0,583bea16281015cadf8cac04.json,,缺少可用基金配置,0,缺少完整配置,,,
gfbank_cgb__ui-name-711bb569b2a48b51,幸福小列车目标盈80期,广发银行发现精彩,,historical_authenticated_ui,,,最新库内披露仓位,latest_observed_current,缺少当前基金仓位,0,0,缺少当前基金仓位,{},0,,,0,d4cff9a35bdc81287929632d.json,,缺少可用基金配置,0,缺少完整配置,,,
gfbank_cgb__ui-name-dd6b47cdc3c92438,幸福小列车目标盈81期,广发银行发现精彩,,historical_authenticated_ui,,,最新库内披露仓位,latest_observed_current,缺少当前基金仓位,0,0,缺少当前基金仓位,{},0,,,0,27b6a77c36090a8a4303332c.json,,缺少可用基金配置,0,缺少完整配置,,,
gfbank_cgb__ui-name-b2e94d9cbd026351,幸福小列车目标盈82期,广发银行发现精彩,,historical_authenticated_ui,,,最新库内披露仓位,latest_observed_current,缺少当前基金仓位,0,0,缺少当前基金仓位,{},0,,,0,d914fa64b0dd2069e55254ee.json,,缺少可用基金配置,0,缺少完整配置,,,
gfbank_cgb__ui-name-749ce305978bda57,幸福小列车目标盈83期,广发银行发现精彩,,historical_authenticated_ui,,,最新库内披露仓位,latest_observed_current,缺少当前基金仓位,0,0,缺少当前基金仓位,{},0,,,0,4006ea22e9620d06985f02f0.json,,缺少可用基金配置,0,缺少完整配置,,,
gfbank_cgb__ui-name-e54cad752c459f03,幸福小列车目标盈84期,广发银行发现精彩,,historical_authenticated_ui,,,最新库内披露仓位,latest_observed_current,缺少当前基金仓位,0,0,缺少当前基金仓位,{},0,,,0,b766778d350b32e208759ff1.json,,缺少可用基金配置,0,缺少完整配置,,,
gfbank_cgb__ui-name-16e04a6d4e192a81,幸福小列车目标盈85期,广发银行发现精彩,,historical_authenticated_ui,,,最新库内披露仓位,latest_observed_current,缺少当前基金仓位,0,0,缺少当前基金仓位,{},0,,,0,97da02617d14e37b6360d6ff.json,,缺少可用基金配置,0,缺少完整配置,,,
gfbank_cgb__ui-name-65d3d9c2366cd143,幸福小列车目标盈86期,广发银行发现精彩,,historical_authenticated_ui,,,最新库内披露仓位,latest_observed_current,缺少当前基金仓位,0,0,缺少当前基金仓位,{},0,,,0,7bcbabf6c336fd3130402e43.json,,缺少可用基金配置,0,缺少完整配置,,,
gfbank_cgb__ui-name-a8748018dc182047,幸福小列车目标盈87期,广发银行发现精彩,,historical_authenticated_ui,,,最新库内披露仓位,latest_observed_current,缺少当前基金仓位,0,0,缺少当前基金仓位,{},0,,,0,2693ef190c6bb1b7288b2b51.json,,缺少可用基金配置,0,缺少完整配置,,,
gfbank_cgb__ui-name-9631a01bb67a1cf2,幸福小列车目标盈88期,广发银行发现精彩,,historical_authenticated_ui,,,最新库内披露仓位,latest_observed_current,缺少当前基金仓位,0,0,缺少当前基金仓位,{},0,,,0,04dd2159ca7e7df828f8ac3a.json,,缺少可用基金配置,0,缺少完整配置,,,
gfbank_cgb__ui-name-d77073150ee6c9fb,幸福小列车目标盈89期,广发银行发现精彩,,historical_authenticated_ui,,,最新库内披露仓位,latest_observed_current,缺少当前基金仓位,0,0,缺少当前基金仓位,{},0,,,0,afb494a533c3238e6c1fca5b.json,,缺少可用基金配置,0,缺少完整配置,,,
gfbank_cgb__ui-name-a2e2f6c684126a67,幸福小列车目标盈90期,广发银行发现精彩,,historical_authenticated_ui,,,最新库内披露仓位,latest_observed_current,缺少当前基金仓位,0,0,缺少当前基金仓位,{},0,,,0,e6e633454d7ce87cd529bcfb.json,,缺少可用基金配置,0,缺少完整配置,,,
gfbank_cgb__ui-name-4173b1a1ee9f5b80,幸福小列车目标盈91期,广发银行发现精彩,,historical_authenticated_ui,,,最新库内披露仓位,latest_observed_current,缺少当前基金仓位,0,0,缺少当前基金仓位,{},0,,,0,655f0ab4c81641a18304b8a3.json,,缺少可用基金配置,0,缺少完整配置,,,
gfbank_cgb__ui-name-c232085b8e3a40b7,幸福小列车目标盈92期,广发银行发现精彩,,historical_authenticated_ui,,,最新库内披露仓位,latest_observed_current,缺少当前基金仓位,0,0,缺少当前基金仓位,{},0,,,0,df2201710396397df0e673f5.json,,缺少可用基金配置,0,缺少完整配置,,,
gfbank_cgb__ui-name-44680557bd2603cf,幸福小列车目标盈93期,广发银行发现精彩,,historical_authenticated_ui,,,最新库内披露仓位,latest_observed_current,缺少当前基金仓位,0,0,缺少当前基金仓位,{},0,,,0,fcff7b2ec3e4f20d89bb0876.json,,缺少可用基金配置,0,缺少完整配置,,,
gfbank_cgb__ui-name-f9e92f1060143741,幸福小列车目标盈94期,广发银行发现精彩,,historical_authenticated_ui,,,最新库内披露仓位,latest_observed_current,缺少当前基金仓位,0,0,缺少当前基金仓位,{},0,,,0,1a7e851bfb23680048412931.json,,缺少可用基金配置,0,缺少完整配置,,,
gfbank_cgb__ui-name-e7f34d46bf912428,幸福小列车目标盈95期,广发银行发现精彩,,active_authenticated_ui,,,最新库内披露仓位,latest_observed_current,缺少当前基金仓位,0,0,缺少当前基金仓位,{},0,,,0,6a0e3253b742550f2d428bfc.json,,缺少可用基金配置,0,缺少完整配置,,,
gfbank_cgb__ui-name-014b98eacd3f48dd,广发优配活期佳30天,广发银行发现精彩,,active_authenticated_ui,,,最新库内披露仓位,latest_observed_current,缺少当前基金仓位,0,0,缺少当前基金仓位,{},0,,,0,b6c6232323df1f8f2e2f605c.json,,缺少可用基金配置,0,缺少完整配置,,,
gfbank_cgb__ui-name-ae98f3149877bcec,广发基金超级定投,广发银行发现精彩,,active_authenticated_ui,,,最新库内披露仓位,latest_observed_current,缺少当前基金仓位,0,0,缺少当前基金仓位,{},0,,,0,828f4e2be886cc0a79c54717.json,,缺少可用基金配置,0,缺少完整配置,,,
gfbank_cgb__ui-name-863a3be109efa76c,广发爱理财60天,广发银行发现精彩,,active_authenticated_ui,,,最新库内披露仓位,latest_observed_current,缺少当前基金仓位,0,0,缺少当前基金仓位,{},0,,,0,1217eee9f85d0670adb022c5.json,,缺少可用基金配置,0,缺少完整配置,,,
gfbank_cgb__ui-name-4d928abd0603077b,招商佳薪90天,广发银行发现精彩,,active_authenticated_ui,,,最新库内披露仓位,latest_observed_current,缺少当前基金仓位,0,0,缺少当前基金仓位,{},0,,,0,4b965c345c0de34d8c3ccb1b.json,,缺少可用基金配置,0,缺少完整配置,,,
gfbank_cgb__ui-name-94388db260e9ee20,招商目标盈106期,广发银行发现精彩,,historical_authenticated_ui,,,最新库内披露仓位,latest_observed_current,缺少当前基金仓位,0,0,缺少当前基金仓位,{},0,,,0,966710890fa2fde096d64fbf.json,,缺少可用基金配置,0,缺少完整配置,,,
gfbank_cgb__ui-name-adda4ddcc83f1581,招商目标盈107期,广发银行发现精彩,,historical_authenticated_ui,,,最新库内披露仓位,latest_observed_current,缺少当前基金仓位,0,0,缺少当前基金仓位,{},0,,,0,989084a978570ceb3ad0090a.json,,缺少可用基金配置,0,缺少完整配置,,,
gfbank_cgb__ui-name-b808521c36ba54a5,招商目标盈118期,广发银行发现精彩,,historical_authenticated_ui,,,最新库内披露仓位,latest_observed_current,缺少当前基金仓位,0,0,缺少当前基金仓位,{},0,,,0,c674416da9467a7a0ec6d76e.json,,缺少可用基金配置,0,缺少完整配置,,,
gfbank_cgb__ui-name-cb70eeadbc79ea9c,招商目标盈119期,广发银行发现精彩,,historical_authenticated_ui,,,最新库内披露仓位,latest_observed_current,缺少当前基金仓位,0,0,缺少当前基金仓位,{},0,,,0,8881ff7f9629407a6cb6a95f.json,,缺少可用基金配置,0,缺少完整配置,,,
gfbank_cgb__ui-name-9e56e7519a666453,招商目标盈120期,广发银行发现精彩,,historical_authenticated_ui,,,最新库内披露仓位,latest_observed_current,缺少当前基金仓位,0,0,缺少当前基金仓位,{},0,,,0,257f980a96c6e849e7d90831.json,,缺少可用基金配置,0,缺少完整配置,,,
gfbank_cgb__ui-name-a6cfa645345fc4be,招商目标盈121期,广发银行发现精彩,,historical_authenticated_ui,,,最新库内披露仓位,latest_observed_current,缺少当前基金仓位,0,0,缺少当前基金仓位,{},0,,,0,f85d300b12998f284892b5eb.json,,缺少可用基金配置,0,缺少完整配置,,,
gfbank_cgb__ui-name-93e4f5b9a529df1c,招商目标盈122期,广发银行发现精彩,,historical_authenticated_ui,,,最新库内披露仓位,latest_observed_current,缺少当前基金仓位,0,0,缺少当前基金仓位,{},0,,,0,332df3808a110027c2376523.json,,缺少可用基金配置,0,缺少完整配置,,,
gfbank_cgb__ui-name-4749e96435cd2404,招商目标盈123期,广发银行发现精彩,,historical_authenticated_ui,,,最新库内披露仓位,latest_observed_current,缺少当前基金仓位,0,0,缺少当前基金仓位,{},0,,,0,35467b79dfba15f51a9c5647.json,,缺少可用基金配置,0,缺少完整配置,,,
gfbank_cgb__ui-name-74f11d0c036a0551,招商目标盈124期,广发银行发现精彩,,historical_authenticated_ui,,,最新库内披露仓位,latest_observed_current,缺少当前基金仓位,0,0,缺少当前基金仓位,{},0,,,0,21be205fe6e3ba287281568f.json,,缺少可用基金配置,0,缺少完整配置,,,
gfbank_cgb__ui-name-584710871f6dbe2b,招商目标盈125期,广发银行发现精彩,,historical_authenticated_ui,,,最新库内披露仓位,latest_observed_current,缺少当前基金仓位,0,0,缺少当前基金仓位,{},0,,,0,80711e5bd25fd77dd68daa91.json,,缺少可用基金配置,0,缺少完整配置,,,
gfbank_cgb__ui-name-048b1123c02bf4c7,招商目标盈126期,广发银行发现精彩,,historical_authenticated_ui,,,最新库内披露仓位,latest_observed_current,缺少当前基金仓位,0,0,缺少当前基金仓位,{},0,,,0,e95795566b0577348d8bdc43.json,,缺少可用基金配置,0,缺少完整配置,,,
gfbank_cgb__ui-name-c022bdd6a8ae855c,招商目标盈127期,广发银行发现精彩,,historical_authenticated_ui,,,最新库内披露仓位,latest_observed_current,缺少当前基金仓位,0,0,缺少当前基金仓位,{},0,,,0,9b05928a31ab6165c404a8b6.json,,缺少可用基金配置,0,缺少完整配置,,,
gfbank_cgb__ui-name-ad1dc2f1744fd91a,招商目标盈128期,广发银行发现精彩,,historical_authenticated_ui,,,最新库内披露仓位,latest_observed_current,缺少当前基金仓位,0,0,缺少当前基金仓位,{},0,,,0,99b5a53a3c29d4818b845b38.json,,缺少可用基金配置,0,缺少完整配置,,,
gfbank_cgb__ui-name-ec3c081cc4f63ecd,招商目标盈129期,广发银行发现精彩,,historical_authenticated_ui,,,最新库内披露仓位,latest_observed_current,缺少当前基金仓位,0,0,缺少当前基金仓位,{},0,,,0,0622173472f433727f427792.json,,缺少可用基金配置,0,缺少完整配置,,,
gfbank_cgb__ui-name-b0999f3ee11b0f0b,招商目标盈130期,广发银行发现精彩,,historical_authenticated_ui,,,最新库内披露仓位,latest_observed_current,缺少当前基金仓位,0,0,缺少当前基金仓位,{},0,,,0,5f2631deb32b6192be95776a.json,,缺少可用基金配置,0,缺少完整配置,,,
gfbank_cgb__ui-name-511be0174d946f8b,招商目标盈131期,广发银行发现精彩,,historical_authenticated_ui,,,最新库内披露仓位,latest_observed_current,缺少当前基金仓位,0,0,缺少当前基金仓位,{},0,,,0,2e349dc4e53e7f43873ed9c2.json,,缺少可用基金配置,0,缺少完整配置,,,
gfbank_cgb__ui-name-bcdf58dbd19a5301,招商目标盈132期,广发银行发现精彩,,historical_authenticated_ui,,,最新库内披露仓位,latest_observed_current,缺少当前基金仓位,0,0,缺少当前基金仓位,{},0,,,0,b0a0ed2b47bd5cf05beac86e.json,,缺少可用基金配置,0,缺少完整配置,,,
gfbank_cgb__ui-name-373cf6edc54f456c,招商目标盈133期,广发银行发现精彩,,historical_authenticated_ui,,,最新库内披露仓位,latest_observed_current,缺少当前基金仓位,0,0,缺少当前基金仓位,{},0,,,0,0ab90e48eab3b0b38fd14da8.json,,缺少可用基金配置,0,缺少完整配置,,,
gfbank_cgb__ui-name-3f8f6efa09c182b0,招商目标盈134期,广发银行发现精彩,,historical_authenticated_ui,,,最新库内披露仓位,latest_observed_current,缺少当前基金仓位,0,0,缺少当前基金仓位,{},0,,,0,1d451bc7f7ba5213fc2d80a8.json,,缺少可用基金配置,0,缺少完整配置,,,
gfbank_cgb__ui-name-7fb9944855d1e0b0,招商目标盈135期,广发银行发现精彩,,historical_authenticated_ui,,,最新库内披露仓位,latest_observed_current,缺少当前基金仓位,0,0,缺少当前基金仓位,{},0,,,0,32f3aefb5a207d1a87afb698.json,,缺少可用基金配置,0,缺少完整配置,,,
gfbank_cgb__ui-name-3a58373d023b163f,招商目标盈136期,广发银行发现精彩,,historical_authenticated_ui,,,最新库内披露仓位,latest_observed_current,缺少当前基金仓位,0,0,缺少当前基金仓位,{},0,,,0,2fc9fde79c0219488a9316a6.json,,缺少可用基金配置,0,缺少完整配置,,,
gfbank_cgb__ui-name-6e7dc8f647c3d157,招商目标盈137期,广发银行发现精彩,,historical_authenticated_ui,,,最新库内披露仓位,latest_observed_current,缺少当前基金仓位,0,0,缺少当前基金仓位,{},0,,,0,3b585d33e05689abc2b4f8eb.json,,缺少可用基金配置,0,缺少完整配置,,,
gfbank_cgb__ui-name-8a6d1c40d37cb0fd,招商目标盈138期,广发银行发现精彩,,historical_authenticated_ui,,,最新库内披露仓位,latest_observed_current,缺少当前基金仓位,0,0,缺少当前基金仓位,{},0,,,0,58320d1dece4a0dc5658d25e.json,,缺少可用基金配置,0,缺少完整配置,,,
gfbank_cgb__ui-name-d61ca4e17fb14a2b,招商目标盈139期,广发银行发现精彩,,historical_authenticated_ui,,,最新库内披露仓位,latest_observed_current,缺少当前基金仓位,0,0,缺少当前基金仓位,{},0,,,0,cc9d0ea73c6b60994b650f85.json,,缺少可用基金配置,0,缺少完整配置,,,
gfbank_cgb__ui-name-06468b5449605eb8,招商目标盈140期,广发银行发现精彩,,historical_authenticated_ui,,,最新库内披露仓位,latest_observed_current,缺少当前基金仓位,0,0,缺少当前基金仓位,{},0,,,0,136260cd83183220da13b857.json,,缺少可用基金配置,0,缺少完整配置,,,
gfbank_cgb__ui-name-659859c65d1bd9ed,招商目标盈141期,广发银行发现精彩,,historical_authenticated_ui,,,最新库内披露仓位,latest_observed_current,缺少当前基金仓位,0,0,缺少当前基金仓位,{},0,,,0,77cb2b4c140af675cf4483b3.json,,缺少可用基金配置,0,缺少完整配置,,,
gfbank_cgb__ui-name-a7ec54372614dcf2,招商目标盈142期,广发银行发现精彩,,historical_authenticated_ui,,,最新库内披露仓位,latest_observed_current,缺少当前基金仓位,0,0,缺少当前基金仓位,{},0,,,0,97bb20e319ebb608c7f533fd.json,,缺少可用基金配置,0,缺少完整配置,,,
gfbank_cgb__ui-name-0ea12ec2596ab48b,招商目标盈143期,广发银行发现精彩,,historical_authenticated_ui,,,最新库内披露仓位,latest_observed_current,缺少当前基金仓位,0,0,缺少当前基金仓位,{},0,,,0,1cc3c1bbfae2bf77182af6c0.json,,缺少可用基金配置,0,缺少完整配置,,,
gfbank_cgb__ui-name-cd6b143af69cb960,招商目标盈144期,广发银行发现精彩,,historical_authenticated_ui,,,最新库内披露仓位,latest_observed_current,缺少当前基金仓位,0,0,缺少当前基金仓位,{},0,,,0,1d8d923062af9e1eef255a2b.json,,缺少可用基金配置,0,缺少完整配置,,,
gfbank_cgb__ui-name-4e39444f2636ecbd,招商目标盈145期,广发银行发现精彩,,historical_authenticated_ui,,,最新库内披露仓位,latest_observed_current,缺少当前基金仓位,0,0,缺少当前基金仓位,{},0,,,0,2777c55d9481a69870305018.json,,缺少可用基金配置,0,缺少完整配置,,,
gfbank_cgb__ui-name-9e43bc77fd1c7b64,招商目标盈146期,广发银行发现精彩,,historical_authenticated_ui,,,最新库内披露仓位,latest_observed_current,缺少当前基金仓位,0,0,缺少当前基金仓位,{},0,,,0,f011a2d24d649f0120cc02ae.json,,缺少可用基金配置,0,缺少完整配置,,,
gfbank_cgb__ui-name-bacb6bba14272794,招商目标盈147期,广发银行发现精彩,,historical_authenticated_ui,,,最新库内披露仓位,latest_observed_current,缺少当前基金仓位,0,0,缺少当前基金仓位,{},0,,,0,4da03b1cc749773716ec464d.json,,缺少可用基金配置,0,缺少完整配置,,,
gfbank_cgb__ui-name-87ed831f7030109e,招商目标盈148期,广发银行发现精彩,,historical_authenticated_ui,,,最新库内披露仓位,latest_observed_current,缺少当前基金仓位,0,0,缺少当前基金仓位,{},0,,,0,11904d31aeaa18b95a7b5699.json,,缺少可用基金配置,0,缺少完整配置,,,
gfbank_cgb__ui-name-54d0b348f18de2c6,招商目标盈149期,广发银行发现精彩,,historical_authenticated_ui,,,最新库内披露仓位,latest_observed_current,缺少当前基金仓位,0,0,缺少当前基金仓位,{},0,,,0,43370c8dd8ab8b2b40d5f9e9.json,,缺少可用基金配置,0,缺少完整配置,,,
gfbank_cgb__ui-name-6388118982e28793,招商目标盈150期,广发银行发现精彩,,historical_authenticated_ui,,,最新库内披露仓位,latest_observed_current,缺少当前基金仓位,0,0,缺少当前基金仓位,{},0,,,0,a110b93c01d8741add5f11cf.json,,缺少可用基金配置,0,缺少完整配置,,,
gfbank_cgb__ui-name-a89d629395eb9ebc,招商目标盈151期,广发银行发现精彩,,historical_authenticated_ui,,,最新库内披露仓位,latest_observed_current,缺少当前基金仓位,0,0,缺少当前基金仓位,{},0,,,0,0dcee28943a01c1eb39c4bf3.json,,缺少可用基金配置,0,缺少完整配置,,,
gfbank_cgb__ui-name-265e4caf5e9cdf83,招商目标盈152期,广发银行发现精彩,,historical_authenticated_ui,,,最新库内披露仓位,latest_observed_current,缺少当前基金仓位,0,0,缺少当前基金仓位,{},0,,,0,e95d024ded2dbc85a3db8c77.json,,缺少可用基金配置,0,缺少完整配置,,,
gfbank_cgb__ui-name-2a7c46cde67459d1,招商目标盈153期,广发银行发现精彩,,historical_authenticated_ui,,,最新库内披露仓位,latest_observed_current,缺少当前基金仓位,0,0,缺少当前基金仓位,{},0,,,0,915331e40404548f0030d909.json,,缺少可用基金配置,0,缺少完整配置,,,
gfbank_cgb__ui-name-db67d01301cfb784,招商目标盈154期,广发银行发现精彩,,historical_authenticated_ui,,,最新库内披露仓位,latest_observed_current,缺少当前基金仓位,0,0,缺少当前基金仓位,{},0,,,0,fd872701e74ee313c7cf29d2.json,,缺少可用基金配置,0,缺少完整配置,,,
gfbank_cgb__ui-name-1d41e23b063d1e7a,招商目标盈155期,广发银行发现精彩,,historical_authenticated_ui,,,最新库内披露仓位,latest_observed_current,缺少当前基金仓位,0,0,缺少当前基金仓位,{},0,,,0,ab115f11cd4e27a31ab2dcc6.json,,缺少可用基金配置,0,缺少完整配置,,,
gfbank_cgb__ui-name-8e53f5fef11d7e3e,招商目标盈156期,广发银行发现精彩,,historical_authenticated_ui,,,最新库内披露仓位,latest_observed_current,缺少当前基金仓位,0,0,缺少当前基金仓位,{},0,,,0,11fbe94a66137aeaba32bff1.json,,缺少可用基金配置,0,缺少完整配置,,,
gfbank_cgb__ui-name-64f319814c5d8598,招商目标盈157期,广发银行发现精彩,,historical_authenticated_ui,,,最新库内披露仓位,latest_observed_current,缺少当前基金仓位,0,0,缺少当前基金仓位,{},0,,,0,f83fd8f7807804502be1a3d7.json,,缺少可用基金配置,0,缺少完整配置,,,
gfbank_cgb__ui-name-51c1f15d73cf6437,招商目标盈158期,广发银行发现精彩,,active_authenticated_ui,,,最新库内披露仓位,latest_observed_current,缺少当前基金仓位,0,0,缺少当前基金仓位,{},0,,,0,1221186bc8ec8eb4fc90e694.json,,缺少可用基金配置,0,缺少完整配置,,,
gfbank_cgb__ui-name-3204b703754e1bdd,招商闲钱佳30天,广发银行发现精彩,,active_authenticated_ui,,,最新库内披露仓位,latest_observed_current,缺少当前基金仓位,0,0,缺少当前基金仓位,{},0,,,0,3918f0669884ab93c08c49d5.json,,缺少可用基金配置,0,缺少完整配置,,,
gfbank_cgb__ui-name-410c604d773764c8,景顺长城目标盈100期,广发银行发现精彩,,historical_authenticated_ui,,,最新库内披露仓位,latest_observed_current,缺少当前基金仓位,0,0,缺少当前基金仓位,{},0,,,0,e81faa921b21d76dd12ae33b.json,,缺少可用基金配置,0,缺少完整配置,,,
gfbank_cgb__ui-name-d175c5aa69116668,景顺长城目标盈101期,广发银行发现精彩,,historical_authenticated_ui,,,最新库内披露仓位,latest_observed_current,缺少当前基金仓位,0,0,缺少当前基金仓位,{},0,,,0,3c68fc7ab09e07f54a933f05.json,,缺少可用基金配置,0,缺少完整配置,,,
gfbank_cgb__ui-name-c35912d24d3e0de6,景顺长城目标盈102期,广发银行发现精彩,,historical_authenticated_ui,,,最新库内披露仓位,latest_observed_current,缺少当前基金仓位,0,0,缺少当前基金仓位,{},0,,,0,97d3465600cfd40a4b659c53.json,,缺少可用基金配置,0,缺少完整配置,,,
gfbank_cgb__ui-name-67f6c0da2f36cc08,景顺长城目标盈103期,广发银行发现精彩,,historical_authenticated_ui,,,最新库内披露仓位,latest_observed_current,缺少当前基金仓位,0,0,缺少当前基金仓位,{},0,,,0,ec2d0454cc91337227a2e39c.json,,缺少可用基金配置,0,缺少完整配置,,,
gfbank_cgb__ui-name-20ab36505679cfdd,景顺长城目标盈104期,广发银行发现精彩,,historical_authenticated_ui,,,最新库内披露仓位,latest_observed_current,缺少当前基金仓位,0,0,缺少当前基金仓位,{},0,,,0,e6fb2274d81c7ff53918d703.json,,缺少可用基金配置,0,缺少完整配置,,,
gfbank_cgb__ui-name-4b899e8c291a73d4,景顺长城目标盈105期,广发银行发现精彩,,historical_authenticated_ui,,,最新库内披露仓位,latest_observed_current,缺少当前基金仓位,0,0,缺少当前基金仓位,{},0,,,0,9b3ad58b07a54d98507b12ac.json,,缺少可用基金配置,0,缺少完整配置,,,
gfbank_cgb__ui-name-3d834ed056aa89da,景顺长城目标盈106期,广发银行发现精彩,,historical_authenticated_ui,,,最新库内披露仓位,latest_observed_current,缺少当前基金仓位,0,0,缺少当前基金仓位,{},0,,,0,703f0a13171e4f4424f1e302.json,,缺少可用基金配置,0,缺少完整配置,,,
gfbank_cgb__ui-name-08efcfa48b051573,景顺长城目标盈107期,广发银行发现精彩,,historical_authenticated_ui,,,最新库内披露仓位,latest_observed_current,缺少当前基金仓位,0,0,缺少当前基金仓位,{},0,,,0,53dd5fddd6a74754be088c20.json,,缺少可用基金配置,0,缺少完整配置,,,
gfbank_cgb__ui-name-93654b56ce33417a,景顺长城目标盈108期,广发银行发现精彩,,historical_authenticated_ui,,,最新库内披露仓位,latest_observed_current,缺少当前基金仓位,0,0,缺少当前基金仓位,{},0,,,0,a7343ecd55acbbc868ed14b5.json,,缺少可用基金配置,0,缺少完整配置,,,
gfbank_cgb__ui-name-61eaadfb6ac656eb,景顺长城目标盈109期,广发银行发现精彩,,historical_authenticated_ui,,,最新库内披露仓位,latest_observed_current,缺少当前基金仓位,0,0,缺少当前基金仓位,{},0,,,0,5db223482e0a61d32baf5f5d.json,,缺少可用基金配置,0,缺少完整配置,,,
gfbank_cgb__ui-name-ba62ecf54eac98cf,景顺长城目标盈110期,广发银行发现精彩,,historical_authenticated_ui,,,最新库内披露仓位,latest_observed_current,缺少当前基金仓位,0,0,缺少当前基金仓位,{},0,,,0,446d564bba52738fb5d9a475.json,,缺少可用基金配置,0,缺少完整配置,,,
gfbank_cgb__ui-name-fcfa75ed6c8f8f52,景顺长城目标盈111期,广发银行发现精彩,,historical_authenticated_ui,,,最新库内披露仓位,latest_observed_current,缺少当前基金仓位,0,0,缺少当前基金仓位,{},0,,,0,cad448d93b1474f80c0dca08.json,,缺少可用基金配置,0,缺少完整配置,,,
gfbank_cgb__ui-name-091baa964525c228,景顺长城目标盈112期,广发银行发现精彩,,historical_authenticated_ui,,,最新库内披露仓位,latest_observed_current,缺少当前基金仓位,0,0,缺少当前基金仓位,{},0,,,0,2b7255d63fc39b4e33edf79a.json,,缺少可用基金配置,0,缺少完整配置,,,
gfbank_cgb__ui-name-884ce3ca3f2d86d9,景顺长城目标盈113期,广发银行发现精彩,,historical_authenticated_ui,,,最新库内披露仓位,latest_observed_current,缺少当前基金仓位,0,0,缺少当前基金仓位,{},0,,,0,e746eb979c0b0f11bf66894d.json,,缺少可用基金配置,0,缺少完整配置,,,
gfbank_cgb__ui-name-e13923e8be46ccc6,景顺长城目标盈114期,广发银行发现精彩,,historical_authenticated_ui,,,最新库内披露仓位,latest_observed_current,缺少当前基金仓位,0,0,缺少当前基金仓位,{},0,,,0,165964a3ae173dd70970d350.json,,缺少可用基金配置,0,缺少完整配置,,,
gfbank_cgb__ui-name-78e86f32dfb8f73c,景顺长城目标盈115期,广发银行发现精彩,,active_authenticated_ui,,,最新库内披露仓位,latest_observed_current,缺少当前基金仓位,0,0,缺少当前基金仓位,{},0,,,0,eb9af0cd0320c79297be1eb2.json,,缺少可用基金配置,0,缺少完整配置,,,
gfbank_cgb__ui-name-227810ad2dddf310,景顺长城目标盈75期,广发银行发现精彩,,historical_authenticated_ui,,,最新库内披露仓位,latest_observed_current,缺少当前基金仓位,0,0,缺少当前基金仓位,{},0,,,0,b451fe9a9291a615a2a29ecb.json,,缺少可用基金配置,0,缺少完整配置,,,
gfbank_cgb__ui-name-0f6ebb0c6044bb25,景顺长城目标盈76期,广发银行发现精彩,,historical_authenticated_ui,,,最新库内披露仓位,latest_observed_current,缺少当前基金仓位,0,0,缺少当前基金仓位,{},0,,,0,8d25c4a74a37f9a3f505c6f4.json,,缺少可用基金配置,0,缺少完整配置,,,
gfbank_cgb__ui-name-bc06196911309529,景顺长城目标盈77期,广发银行发现精彩,,historical_authenticated_ui,,,最新库内披露仓位,latest_observed_current,缺少当前基金仓位,0,0,缺少当前基金仓位,{},0,,,0,f969bf96397e7655e6e15767.json,,缺少可用基金配置,0,缺少完整配置,,,
gfbank_cgb__ui-name-e00b40f0c284261a,景顺长城目标盈78期,广发银行发现精彩,,historical_authenticated_ui,,,最新库内披露仓位,latest_observed_current,缺少当前基金仓位,0,0,缺少当前基金仓位,{},0,,,0,bf11992c0f60b7195069d03c.json,,缺少可用基金配置,0,缺少完整配置,,,
gfbank_cgb__ui-name-0ef812128f23df91,景顺长城目标盈79期,广发银行发现精彩,,historical_authenticated_ui,,,最新库内披露仓位,latest_observed_current,缺少当前基金仓位,0,0,缺少当前基金仓位,{},0,,,0,05667fe31b847dedaa5f6017.json,,缺少可用基金配置,0,缺少完整配置,,,
gfbank_cgb__ui-name-49edca6b1c8fcf51,景顺长城目标盈80期,广发银行发现精彩,,historical_authenticated_ui,,,最新库内披露仓位,latest_observed_current,缺少当前基金仓位,0,0,缺少当前基金仓位,{},0,,,0,14fa037a5d76fd6025a62dbc.json,,缺少可用基金配置,0,缺少完整配置,,,
gfbank_cgb__ui-name-21e5d350e262665b,景顺长城目标盈81期,广发银行发现精彩,,historical_authenticated_ui,,,最新库内披露仓位,latest_observed_current,缺少当前基金仓位,0,0,缺少当前基金仓位,{},0,,,0,eac716a3f77ae1f875c82a49.json,,缺少可用基金配置,0,缺少完整配置,,,
gfbank_cgb__ui-name-8d5db7e1c5e34e71,景顺长城目标盈82期,广发银行发现精彩,,historical_authenticated_ui,,,最新库内披露仓位,latest_observed_current,缺少当前基金仓位,0,0,缺少当前基金仓位,{},0,,,0,b030e6dd8a3cfe1a7e9cfa80.json,,缺少可用基金配置,0,缺少完整配置,,,
gfbank_cgb__ui-name-b3051b5660618f0a,景顺长城目标盈83期,广发银行发现精彩,,historical_authenticated_ui,,,最新库内披露仓位,latest_observed_current,缺少当前基金仓位,0,0,缺少当前基金仓位,{},0,,,0,a5afbeec08db9a8744b66a67.json,,缺少可用基金配置,0,缺少完整配置,,,
gfbank_cgb__ui-name-6799a31619ea68e2,景顺长城目标盈84期,广发银行发现精彩,,historical_authenticated_ui,,,最新库内披露仓位,latest_observed_current,缺少当前基金仓位,0,0,缺少当前基金仓位,{},0,,,0,b69fd0bf2a0a8d5714aaae44.json,,缺少可用基金配置,0,缺少完整配置,,,
gfbank_cgb__ui-name-504df3991ede2685,景顺长城目标盈85期,广发银行发现精彩,,historical_authenticated_ui,,,最新库内披露仓位,latest_observed_current,缺少当前基金仓位,0,0,缺少当前基金仓位,{},0,,,0,65c41e1ff7faf8c70c7f6964.json,,缺少可用基金配置,0,缺少完整配置,,,
gfbank_cgb__ui-name-cc1a4f40cbf10ce7,景顺长城目标盈86期,广发银行发现精彩,,historical_authenticated_ui,,,最新库内披露仓位,latest_observed_current,缺少当前基金仓位,0,0,缺少当前基金仓位,{},0,,,0,ff2144b4ab972873f750eac2.json,,缺少可用基金配置,0,缺少完整配置,,,
gfbank_cgb__ui-name-3183e40c4f7aa2ad,景顺长城目标盈87期,广发银行发现精彩,,historical_authenticated_ui,,,最新库内披露仓位,latest_observed_current,缺少当前基金仓位,0,0,缺少当前基金仓位,{},0,,,0,ebfabec1e1914f01ae123b0b.json,,缺少可用基金配置,0,缺少完整配置,,,
gfbank_cgb__ui-name-1bbf804c3a99cdc2,景顺长城目标盈88期,广发银行发现精彩,,historical_authenticated_ui,,,最新库内披露仓位,latest_observed_current,缺少当前基金仓位,0,0,缺少当前基金仓位,{},0,,,0,30fd8beae4ae7469d9ef0097.json,,缺少可用基金配置,0,缺少完整配置,,,
gfbank_cgb__ui-name-875a948263c6bd3a,景顺长城目标盈89期,广发银行发现精彩,,historical_authenticated_ui,,,最新库内披露仓位,latest_observed_current,缺少当前基金仓位,0,0,缺少当前基金仓位,{},0,,,0,b25a7a762ccf5fb52f6346a9.json,,缺少可用基金配置,0,缺少完整配置,,,
gfbank_cgb__ui-name-96f9edfb66fdc486,景顺长城目标盈90期,广发银行发现精彩,,historical_authenticated_ui,,,最新库内披露仓位,latest_observed_current,缺少当前基金仓位,0,0,缺少当前基金仓位,{},0,,,0,497c052ae3e5566596256f05.json,,缺少可用基金配置,0,缺少完整配置,,,
gfbank_cgb__ui-name-6ebd4f4882e662e2,景顺长城目标盈91期,广发银行发现精彩,,historical_authenticated_ui,,,最新库内披露仓位,latest_observed_current,缺少当前基金仓位,0,0,缺少当前基金仓位,{},0,,,0,6ac887f70e62438c1266600f.json,,缺少可用基金配置,0,缺少完整配置,,,
gfbank_cgb__ui-name-99886b806c2b836c,景顺长城目标盈92期,广发银行发现精彩,,historical_authenticated_ui,,,最新库内披露仓位,latest_observed_current,缺少当前基金仓位,0,0,缺少当前基金仓位,{},0,,,0,61659fca0a82249e52af73ff.json,,缺少可用基金配置,0,缺少完整配置,,,
gfbank_cgb__ui-name-9f54d08baef8e85f,景顺长城目标盈93期,广发银行发现精彩,,historical_authenticated_ui,,,最新库内披露仓位,latest_observed_current,缺少当前基金仓位,0,0,缺少当前基金仓位,{},0,,,0,82bcc3a1acf85a5e9a3f8305.json,,缺少可用基金配置,0,缺少完整配置,,,
gfbank_cgb__ui-name-382eb12a1a25bd66,景顺长城目标盈94期,广发银行发现精彩,,historical_authenticated_ui,,,最新库内披露仓位,latest_observed_current,缺少当前基金仓位,0,0,缺少当前基金仓位,{},0,,,0,d4bb35210d7dbffedd91ed3f.json,,缺少可用基金配置,0,缺少完整配置,,,
gfbank_cgb__ui-name-d78fcb4ad78a9cbd,景顺长城目标盈95期,广发银行发现精彩,,historical_authenticated_ui,,,最新库内披露仓位,latest_observed_current,缺少当前基金仓位,0,0,缺少当前基金仓位,{},0,,,0,0f41c16866afa659245ffea8.json,,缺少可用基金配置,0,缺少完整配置,,,
gfbank_cgb__ui-name-64208486905d6b5d,景顺长城目标盈96期,广发银行发现精彩,,historical_authenticated_ui,,,最新库内披露仓位,latest_observed_current,缺少当前基金仓位,0,0,缺少当前基金仓位,{},0,,,0,9238f38bb3cc2d4956746004.json,,缺少可用基金配置,0,缺少完整配置,,,
gfbank_cgb__ui-name-cd54265cd0f3be92,景顺长城目标盈97期,广发银行发现精彩,,historical_authenticated_ui,,,最新库内披露仓位,latest_observed_current,缺少当前基金仓位,0,0,缺少当前基金仓位,{},0,,,0,4c437f4427977c5e743c9ee1.json,,缺少可用基金配置,0,缺少完整配置,,,
gfbank_cgb__ui-name-29bdef05e279de18,景顺长城目标盈98期,广发银行发现精彩,,historical_authenticated_ui,,,最新库内披露仓位,latest_observed_current,缺少当前基金仓位,0,0,缺少当前基金仓位,{},0,,,0,dc083b68dcb903b5ad6a5baf.json,,缺少可用基金配置,0,缺少完整配置,,,
gfbank_cgb__ui-name-5a6778a0b63db80d,景顺长城目标盈99期,广发银行发现精彩,,historical_authenticated_ui,,,最新库内披露仓位,latest_observed_current,缺少当前基金仓位,0,0,缺少当前基金仓位,{},0,,,0,4b5e9b8e1be77b94557fa0e8.json,,缺少可用基金配置,0,缺少完整配置,,,
gfbank_cgb__ui-name-f6de47c582e2849c,景顺长城稳健添利60天,广发银行发现精彩,,active_authenticated_ui,,,最新库内披露仓位,latest_observed_current,缺少当前基金仓位,0,0,缺少当前基金仓位,{},0,,,0,bae03680621eabeed112c8a8.json,,缺少可用基金配置,0,缺少完整配置,,,
gfbank_cgb__ui-name-1c772b29ff2a52da,景顺长城闲钱宝30天,广发银行发现精彩,,active_authenticated_ui,,,最新库内披露仓位,latest_observed_current,缺少当前基金仓位,0,0,缺少当前基金仓位,{},0,,,0,05f9a163af1aa6dc39a3f705.json,,缺少可用基金配置,0,缺少完整配置,,,
gfbank_cgb__ui-name-6545a56e1b1f4065,鹏华优选宝60天,广发银行发现精彩,,active_authenticated_ui,,,最新库内披露仓位,latest_observed_current,缺少当前基金仓位,0,0,缺少当前基金仓位,{},0,,,0,eee18da7119f2de3d55ec4aa.json,,缺少可用基金配置,0,缺少完整配置,,,
gfbank_cgb__ui-name-402f627a177bd24e,鹏华添利宝30天,广发银行发现精彩,,active_authenticated_ui,,,最新库内披露仓位,latest_observed_current,缺少当前基金仓位,0,0,缺少当前基金仓位,{},0,,,0,8b796b43238f4a8786c04885.json,,缺少可用基金配置,0,缺少完整配置,,,
gffunds__GFJJ000006,一起幸福增长,广发基金,正常运行,public,2026-07-09,2026-07-09,最新库内披露仓位,latest_observed_current,,19,1,,"{""2026-06-30"": 99.99999999999999}",0,17.29525262472917,15.983802924292325,0,0f9095f6725ddbe64359ac0d.json,2026-10-08,净值漂移推算,1,,99.99999999999999,99.99999999999999,0.0
gffunds__GFJJ000578,亲子理财加,广发基金,正常运行,public,2026-01-07,2026-01-07,最新库内披露仓位,latest_observed_current,,21,1,,"{""2026-06-30"": 99.99999999999999}",0,6.336514890690673,12.709242075840907,0,2d046aa2289105293fa2efa9.json,2026-10-08,净值漂移推算,1,,99.99999999999999,99.99999999999999,0.0
gffunds__GFJJ000767,优选成长组合,广发基金,已清盘策略（业绩停更）,public,2024-07-30,2024-07-30,最新库内披露仓位,latest_observed_current,,11,1,,"{""2026-06-30"": 100.00000000000003}",0,58.86927981965435,3.0500094233387376,0,a04406ec8b38162985d41907.json,2026-10-09,净值漂移推算,1,,100.00000000000003,100.00000000000003,0.0
gffunds__GFJJ001400,优选香港组合,广发基金,正常运行,public,2026-07-06,2026-07-06,最新库内披露仓位,latest_observed_current,,8,1,,"{""2026-06-30"": 100.00000000000001}",0,11.081288618535195,0.1621778863635414,0,ea481100401e33f527bd6fa8.json,2026-10-08,净值漂移推算,1,,100.00000000000001,100.00000000000001,0.0
gffunds__GFJJ002302,全球多元平衡,广发基金,正常运行,public,2025-11-13,2025-11-13,最新库内披露仓位,latest_observed_current,,16,1,,"{""2026-06-30"": 99.99999999999999}",0,12.173341199833231,5.701777827066832,0,8a74e325c447d373417f4fc0.json,2026-10-08,净值漂移推算,1,,99.99999999999999,99.99999999999999,0.0
gffunds__GFJJ002414,全球多元平衡尊享,广发基金,正常运行,public,2025-11-28,2025-11-28,最新库内披露仓位,latest_observed_current,,18,1,,"{""2026-06-30"": 99.99999999999999}",0,9.627650721033156,7.994499103744455,0,2a0817f2e2ad6c4bd404f8ea.json,2026-10-08,净值漂移推算,1,,99.99999999999999,99.99999999999999,0.0
gffunds__GFJJ001222,全球多元稳健,广发基金,正常运行,public,2026-07-07,2026-07-07,最新库内披露仓位,latest_observed_current,,21,1,,"{""2026-06-30"": 100.0}",0,5.7837680798500966,19.752262142981227,0,12bb8f14413a09ceaf1fbe79.json,2026-10-08,净值漂移推算,1,,100.0,100.0,0.0
gffunds__GFJJ001501,全球多元稳健增长,广发基金,正常运行,public,2026-07-07,2026-07-07,最新库内披露仓位,latest_observed_current,,21,1,,"{""2026-06-30"": 100.0}",0,9.525476170392166,17.254845701549787,0,74bdf8c62b0e7b65a8401d6a.json,2026-10-08,净值漂移推算,1,,100.0,100.0,0.0
gffunds__GFJJ001236,全球多元进取,广发基金,正常运行,public,2026-07-07,2026-07-07,最新库内披露仓位,latest_observed_current,,15,1,,"{""2026-06-30"": 100.0}",0,21.647860239942986,1.471487715314232,0,beb2f33160d1ac229b2b9358.json,2026-10-08,净值漂移推算,1,,100.0,100.0,0.0
gffunds__GFJJ001482,南海定制1号,广发基金,正常运行,public,2026-06-17,2026-06-17,最新库内披露仓位,latest_observed_current,,19,1,,"{""2026-06-30"": 100.0}",0,2.3392412304823154,12.964109857856268,0,e7ef80d13b795a3337374197.json,2026-10-08,净值漂移推算,1,,100.0,100.0,0.0
gffunds__GFJJ002221,南海定制2号,广发基金,正常运行,public,2026-06-17,2026-06-17,最新库内披露仓位,latest_observed_current,,19,1,,"{""2026-06-30"": 100.00000000000001}",0,2.3366767257419183,12.309945868256657,0,dbbbbb08fbe52e610d60793a.json,2026-10-08,净值漂移推算,1,,100.00000000000001,100.00000000000001,0.0
gffunds__GFJJ001201,固收增强组合,广发基金,已清盘策略（业绩停更）,public,2025-09-12,2025-09-12,最新库内披露仓位,latest_observed_current,,20,1,,"{""2026-06-30"": 100.0}",0,9.759146873919587,10.600553297934063,0,970369e5a967f63334aa83cb.json,2026-10-09,净值漂移推算,1,,100.0,100.0,0.0
gffunds__GFJJ000579,奔跑吧少年,广发基金,正常运行,public,2026-01-07,2026-01-07,最新库内披露仓位,latest_observed_current,,19,1,,"{""2026-06-30"": 99.99999999999999}",0,30.84535261691164,11.141511915286868,0,74d7c22db697d6f074af5795.json,2026-10-09,净值漂移推算,1,,99.99999999999999,99.99999999999999,0.0
gffunds__GFJJ000008,奔跑吧牛基,广发基金,正常运行,public,2026-07-30,2026-07-30,最新库内披露仓位,latest_observed_current,,17,1,,"{""2026-06-30"": 100.0}",0,39.51318051339552,4.619235723396007,0,1500ce9c6ed42098f3b87ade.json,2026-10-09,净值漂移推算,1,,100.0,100.0,0.0
gffunds__ZY00000015,小列车目标盈01期,广发基金,目标盈期次,public,2025-11-12,2025-11-12,最新库内披露仓位,latest_observed_current,,24,1,,"{""2026-06-30"": 100.00000000000001}",1,6.423535975512655,12.786491324137636,1,c2302ac2d166736c72aab68f.json,2026-10-08,净值漂移推算,1,,100.00000000000001,100.00000000000001,0.0
gffunds__ZY00000017,小列车目标盈02期,广发基金,目标盈期次,public,2025-11-12,2025-11-12,最新库内披露仓位,latest_observed_current,,24,1,,"{""2026-06-30"": 100.00000000000001}",1,6.423535975512655,12.786491324137636,1,b7326487fa89eba2a0905670.json,2026-10-08,净值漂移推算,1,,100.00000000000001,100.00000000000001,0.0
gffunds__ZY00000018,小列车目标盈03期,广发基金,目标盈期次,public,2025-11-12,2025-11-12,最新库内披露仓位,latest_observed_current,,24,1,,"{""2026-06-30"": 100.00000000000001}",1,6.423535975512655,12.786491324137636,1,acd774d50f1b0eb67791645b.json,2026-10-08,净值漂移推算,1,,100.00000000000001,100.00000000000001,0.0
gffunds__ZY00000019,小列车目标盈04期,广发基金,目标盈期次,public,2025-11-12,2025-11-12,最新库内披露仓位,latest_observed_current,,24,1,,"{""2026-06-30"": 100.00000000000001}",1,6.423535975512655,12.786491324137636,1,1089e277aaeb8158a954f5c5.json,2026-10-08,净值漂移推算,1,,100.00000000000001,100.00000000000001,0.0
gffunds__ZY00000020,小列车目标盈05期,广发基金,目标盈期次,public,2025-11-12,2025-11-12,最新库内披露仓位,latest_observed_current,,24,1,,"{""2026-06-30"": 100.00000000000001}",1,6.423535975512655,12.786491324137636,1,c5a5178fc7ff26e7333a0b74.json,2026-10-08,净值漂移推算,1,,100.00000000000001,100.00000000000001,0.0
gffunds__ZY00000021,小列车目标盈06期,广发基金,目标盈期次,public,2025-11-12,2025-11-12,最新库内披露仓位,latest_observed_current,,24,1,,"{""2026-06-30"": 100.00000000000001}",1,6.423535975512655,12.786491324137636,1,4bf60dbd237bd26c741cb086.json,2026-10-08,净值漂移推算,1,,100.00000000000001,100.00000000000001,0.0
gffunds__ZY00000022,小列车目标盈07期,广发基金,目标盈期次,public,2025-11-12,2025-11-12,最新库内披露仓位,latest_observed_current,,24,1,,"{""2026-06-30"": 100.00000000000001}",1,6.423535975512655,12.786491324137636,1,5d57908f45bf60f6f40a6534.json,2026-10-08,净值漂移推算,1,,100.00000000000001,100.00000000000001,0.0
gffunds__ZY00000023,小列车目标盈08期,广发基金,目标盈期次,public,2025-11-12,2025-11-12,最新库内披露仓位,latest_observed_current,,24,1,,"{""2026-06-30"": 100.00000000000001}",1,6.423535975512655,12.786491324137636,1,7d4e8411ce4c00344acd6295.json,2026-10-08,净值漂移推算,1,,100.00000000000001,100.00000000000001,0.0
gffunds__ZY00000024,小列车目标盈09期,广发基金,目标盈期次,public,2025-11-12,2025-11-12,最新库内披露仓位,latest_observed_current,,24,1,,"{""2026-06-30"": 100.00000000000001}",1,6.423535975512655,12.786491324137636,1,d6db34a6cf62f64b8753b879.json,2026-10-08,净值漂移推算,1,,100.00000000000001,100.00000000000001,0.0
gffunds__ZY00000025,小列车目标盈10期,广发基金,目标盈期次,public,2025-11-12,2025-11-12,最新库内披露仓位,latest_observed_current,,24,1,,"{""2026-06-30"": 100.00000000000001}",1,6.423535975512655,12.786491324137636,1,9ad47bdc6afa41fc63ce6a23.json,2026-10-08,净值漂移推算,1,,100.00000000000001,100.00000000000001,0.0
gffunds__ZY00000026,小列车目标盈11期,广发基金,目标盈期次,public,2025-11-12,2025-11-12,最新库内披露仓位,latest_observed_current,,24,1,,"{""2026-06-30"": 100.00000000000001}",1,6.423535975512655,12.786491324137636,1,feff194747f79769c5256c9e.json,2026-10-08,净值漂移推算,1,,100.00000000000001,100.00000000000001,0.0
gffunds__ZY00000027,小列车目标盈12期,广发基金,目标盈期次,public,2025-11-12,2025-11-12,最新库内披露仓位,latest_observed_current,,24,1,,"{""2026-06-30"": 100.00000000000001}",1,6.423535975512655,12.786491324137636,1,084c2ef66312677e5bfefe1c.json,2026-10-08,净值漂移推算,1,,100.00000000000001,100.00000000000001,0.0
gffunds__ZY00000028,小列车目标盈13期,广发基金,目标盈期次,public,2025-11-12,2025-11-12,最新库内披露仓位,latest_observed_current,,24,1,,"{""2026-06-30"": 100.00000000000001}",1,6.423535975512655,12.786491324137636,1,d4b6efda701977804d45fb33.json,2026-10-08,净值漂移推算,1,,100.00000000000001,100.00000000000001,0.0
gffunds__ZY00000029,小列车目标盈14期,广发基金,目标盈期次,public,2025-11-12,2025-11-12,最新库内披露仓位,latest_observed_current,,24,1,,"{""2026-06-30"": 100.00000000000001}",1,6.423535975512655,12.786491324137636,1,c1f1b619d06e8a3c7aa0c512.json,2026-10-08,净值漂移推算,1,,100.00000000000001,100.00000000000001,0.0
gffunds__ZY00000030,小列车目标盈15期,广发基金,目标盈期次,public,2025-11-12,2025-11-12,最新库内披露仓位,latest_observed_current,,24,1,,"{""2026-06-30"": 100.00000000000001}",1,6.423535975512655,12.786491324137636,1,7ef426f34440ce95c76f06a0.json,2026-10-08,净值漂移推算,1,,100.00000000000001,100.00000000000001,0.0
gffunds__ZY00000031,小列车目标盈16期,广发基金,目标盈期次,public,2025-11-12,2025-11-12,最新库内披露仓位,latest_observed_current,,24,1,,"{""2026-06-30"": 100.00000000000001}",1,6.423535975512655,12.786491324137636,1,416fd5eb633f3a801ca9fb8c.json,2026-10-08,净值漂移推算,1,,100.00000000000001,100.00000000000001,0.0
gffunds__ZY00000032,小列车目标盈17期,广发基金,目标盈期次,public,2025-11-12,2025-11-12,最新库内披露仓位,latest_observed_current,,24,1,,"{""2026-06-30"": 100.00000000000001}",1,6.423535975512655,12.786491324137636,1,5152f372fe212129405a4fd8.json,2026-10-08,净值漂移推算,1,,100.00000000000001,100.00000000000001,0.0
gffunds__ZY00000033,小列车目标盈18期,广发基金,目标盈期次,public,2025-11-12,2025-11-12,最新库内披露仓位,latest_observed_current,,24,1,,"{""2026-06-30"": 100.00000000000001}",1,6.423535975512655,12.786491324137636,1,11f5ee5820d50500a8d60597.json,2026-10-08,净值漂移推算,1,,100.00000000000001,100.00000000000001,0.0
gffunds__ZY00000034,小列车目标盈19期,广发基金,目标盈期次,public,2025-11-12,2025-11-12,最新库内披露仓位,latest_observed_current,,24,1,,"{""2026-06-30"": 100.00000000000001}",1,6.423535975512655,12.786491324137636,1,99f3a6b9ac558f30729a74db.json,2026-10-08,净值漂移推算,1,,100.00000000000001,100.00000000000001,0.0
gffunds__ZY00000035,小列车目标盈20期,广发基金,目标盈期次,public,2025-11-12,2025-11-12,最新库内披露仓位,latest_observed_current,,24,1,,"{""2026-06-30"": 100.00000000000001}",1,6.423535975512655,12.786491324137636,1,505ae77456b3a07178d1c0c3.json,2026-10-08,净值漂移推算,1,,100.00000000000001,100.00000000000001,0.0
gffunds__ZY00000036,小列车目标盈21期,广发基金,目标盈期次,public,2025-11-12,2025-11-12,最新库内披露仓位,latest_observed_current,,24,1,,"{""2026-06-30"": 100.00000000000001}",1,6.423535975512655,12.786491324137636,1,aae104ff06c15e9d33cc9607.json,2026-10-08,净值漂移推算,1,,100.00000000000001,100.00000000000001,0.0
gffunds__ZY00000037,小列车目标盈22期,广发基金,目标盈期次,public,2025-11-12,2025-11-12,最新库内披露仓位,latest_observed_current,,24,1,,"{""2026-06-30"": 100.00000000000001}",1,6.423535975512655,12.786491324137636,1,3e3b131575913cabb022bf16.json,2026-10-08,净值漂移推算,1,,100.00000000000001,100.00000000000001,0.0
gffunds__GFJJ000004,小小的太阳,广发基金,正常运行,public,2026-07-09,2026-07-09,最新库内披露仓位,latest_observed_current,,23,1,,"{""2026-06-30"": 99.99999999999999}",0,8.308461603547222,19.122111873840975,0,d1f4fbea2d9868b6ce0d1b16.json,2026-10-08,净值漂移推算,1,,99.99999999999999,99.99999999999999,0.0
gffunds__ZY00000064,小心愿Pro目标盈01期,广发基金,目标盈期次,public,2026-03-11,2026-03-11,最新库内披露仓位,latest_observed_current,,25,1,,"{""2026-06-30"": 100.0}",1,4.801535698821851,13.48462181759447,0,32c469184a68643ddb8a4c8c.json,2026-10-08,净值漂移推算,1,,100.0,100.0,0.0
gffunds__ZY00000068,小心愿Pro目标盈02期,广发基金,目标盈期次,public,2026-03-11,2026-03-11,最新库内披露仓位,latest_observed_current,,25,1,,"{""2026-06-30"": 100.0}",1,4.801535698821851,13.48462181759447,0,9b9d00df763814aba34acb86.json,2026-10-08,净值漂移推算,1,,100.0,100.0,0.0
gffunds__ZY00000073,小心愿Pro目标盈03期,广发基金,目标盈期次,public,2026-09-04,2026-09-04,最新库内披露仓位,latest_observed_current,,25,1,,"{""2026-06-30"": 100.00000000000001}",1,6.592604086940113,23.70142665181349,0,494af4c7f58d6c60e45de607.json,2026-10-08,净值漂移推算,1,,100.00000000000001,100.00000000000001,0.0
gffunds__ZY00000076,小心愿Pro目标盈04期,广发基金,目标盈期次,public,2026-03-11,2026-03-11,最新库内披露仓位,latest_observed_current,,25,1,,"{""2026-06-30"": 100.0}",1,4.801535698821851,13.48462181759447,0,53da3d898f5fa1d7dc437203.json,2026-10-08,净值漂移推算,1,,100.0,100.0,0.0
gffunds__ZY00000080,小心愿Pro目标盈05期,广发基金,目标盈期次,public,2026-09-04,2026-09-04,最新库内披露仓位,latest_observed_current,,25,1,,"{""2026-06-30"": 100.00000000000001}",1,6.592604086940113,23.70142665181349,0,f6e976c1e600de991710f84b.json,2026-10-08,净值漂移推算,1,,100.00000000000001,100.00000000000001,0.0
gffunds__ZY00000086,小心愿Pro目标盈06期,广发基金,目标盈期次,public,2026-09-04,2026-09-04,最新库内披露仓位,latest_observed_current,,25,1,,"{""2026-06-30"": 100.00000000000001}",1,6.592604086940113,23.70142665181349,0,392762d4df6cc228381b36c3.json,2026-10-08,净值漂移推算,1,,100.00000000000001,100.00000000000001,0.0
gffunds__ZY00000089,小心愿Pro目标盈07期,广发基金,目标盈期次,public,2026-09-04,2026-09-04,最新库内披露仓位,latest_observed_current,,25,1,,"{""2026-06-30"": 100.00000000000001}",1,6.592604086940113,23.70142665181349,0,b19f49f4b38920de8fdcb17f.json,2026-10-08,净值漂移推算,1,,100.00000000000001,100.00000000000001,0.0
gffunds__ZY00000038,小心愿目标盈01期,广发基金,目标盈期次,public,2026-03-31,2026-03-31,最新库内披露仓位,latest_observed_current,,31,1,,"{""2026-06-30"": 100.0}",1,4.082126255530628,19.13408262630458,0,043db1a154754e9f1eb1e903.json,2026-10-08,净值漂移推算,1,,100.0,100.0,0.0
gffunds__ZY00000039,小心愿目标盈02期,广发基金,目标盈期次,public,2026-03-31,2026-03-31,最新库内披露仓位,latest_observed_current,,31,1,,"{""2026-06-30"": 100.0}",1,4.082126255530628,19.13408262630458,0,86de8809262ade53df25129f.json,2026-10-08,净值漂移推算,1,,100.0,100.0,0.0
gffunds__ZY00000040,小心愿目标盈03期,广发基金,目标盈期次,public,2026-03-31,2026-03-31,最新库内披露仓位,latest_observed_current,,31,1,,"{""2026-06-30"": 100.0}",1,4.082126255530628,19.13408262630458,0,dec4fd02d9e8ae9d248b82fb.json,2026-10-08,净值漂移推算,1,,100.0,100.0,0.0
gffunds__ZY00000041,小心愿目标盈04期,广发基金,目标盈期次,public,2026-03-31,2026-03-31,最新库内披露仓位,latest_observed_current,,31,1,,"{""2026-06-30"": 100.0}",1,4.082126255530628,19.13408262630458,0,3e774ab2b981303108909b6e.json,2026-10-08,净值漂移推算,1,,100.0,100.0,0.0
gffunds__ZY00000042,小心愿目标盈05期,广发基金,目标盈期次,public,2026-03-31,2026-03-31,最新库内披露仓位,latest_observed_current,,31,1,,"{""2026-06-30"": 100.0}",1,4.082126255530628,19.13408262630458,0,a9b2d9a5a43b39c8f9d61361.json,2026-10-08,净值漂移推算,1,,100.0,100.0,0.0
gffunds__ZY00000043,小心愿目标盈06期,广发基金,目标盈期次,public,2026-03-31,2026-03-31,最新库内披露仓位,latest_observed_current,,31,1,,"{""2026-06-30"": 100.0}",1,4.082126255530628,19.13408262630458,0,feea848e05951fd1ae8b04c1.json,2026-10-08,净值漂移推算,1,,100.0,100.0,0.0
gffunds__ZY00000044,小心愿目标盈07期,广发基金,目标盈期次,public,2026-03-31,2026-03-31,最新库内披露仓位,latest_observed_current,,31,1,,"{""2026-06-30"": 100.0}",1,4.082126255530628,19.13408262630458,0,351e75964c1007cb77861bdc.json,2026-10-08,净值漂移推算,1,,100.0,100.0,0.0
gffunds__ZY00000045,小心愿目标盈08期,广发基金,目标盈期次,public,2026-03-31,2026-03-31,最新库内披露仓位,latest_observed_current,,31,1,,"{""2026-06-30"": 100.0}",1,4.082126255530628,19.13408262630458,0,c1805dd93068ecf02aa4663e.json,2026-10-08,净值漂移推算,1,,100.0,100.0,0.0
gffunds__ZY00000046,小心愿目标盈09期,广发基金,目标盈期次,public,2026-03-31,2026-03-31,最新库内披露仓位,latest_observed_current,,31,1,,"{""2026-06-30"": 100.0}",1,4.082126255530628,19.13408262630458,0,9421620c743d8f01303108e7.json,2026-10-08,净值漂移推算,1,,100.0,100.0,0.0
gffunds__ZY00000047,小心愿目标盈10期,广发基金,目标盈期次,public,2026-03-31,2026-03-31,最新库内披露仓位,latest_observed_current,,31,1,,"{""2026-06-30"": 100.0}",1,4.082126255530628,19.13408262630458,0,639cb217fd1e4501ac7264fc.json,2026-10-08,净值漂移推算,1,,100.0,100.0,0.0
gffunds__ZY00000048,小心愿目标盈11期,广发基金,目标盈期次,public,2026-03-31,2026-03-31,最新库内披露仓位,latest_observed_current,,31,1,,"{""2026-06-30"": 100.0}",1,4.082126255530628,19.13408262630458,0,761276dcb25b7f8ed5034e40.json,2026-10-08,净值漂移推算,1,,100.0,100.0,0.0
gffunds__ZY00000049,小心愿目标盈12期,广发基金,目标盈期次,public,2026-03-31,2026-03-31,最新库内披露仓位,latest_observed_current,,31,1,,"{""2026-06-30"": 100.0}",1,4.082126255530628,19.13408262630458,0,374f5d6f3ffe7dff78a77ace.json,2026-10-08,净值漂移推算,1,,100.0,100.0,0.0
gffunds__ZY00000050,小心愿目标盈13期,广发基金,目标盈期次,public,2026-03-31,2026-03-31,最新库内披露仓位,latest_observed_current,,31,1,,"{""2026-06-30"": 100.0}",1,4.082126255530628,19.13408262630458,0,9d71b7815849a2075002433f.json,2026-10-08,净值漂移推算,1,,100.0,100.0,0.0
gffunds__ZY00000051,小心愿目标盈14期,广发基金,目标盈期次,public,2026-03-31,2026-03-31,最新库内披露仓位,latest_observed_current,,31,1,,"{""2026-06-30"": 100.0}",1,4.082126255530628,19.13408262630458,0,960f00e60a5705952ff55401.json,2026-10-08,净值漂移推算,1,,100.0,100.0,0.0
gffunds__ZY00000052,小心愿目标盈15期,广发基金,目标盈期次,public,2026-03-31,2026-03-31,最新库内披露仓位,latest_observed_current,,31,1,,"{""2026-06-30"": 100.0}",1,4.082126255530628,19.13408262630458,0,c136eb9635393eaa4e656d5d.json,2026-10-08,净值漂移推算,1,,100.0,100.0,0.0
gffunds__ZY00000053,小心愿目标盈16期,广发基金,目标盈期次,public,2026-03-31,2026-03-31,最新库内披露仓位,latest_observed_current,,31,1,,"{""2026-06-30"": 100.0}",1,4.082126255530628,19.13408262630458,0,5b0bf43f0d098cb815400689.json,2026-10-08,净值漂移推算,1,,100.0,100.0,0.0
gffunds__ZY00000054,小心愿目标盈17期,广发基金,目标盈期次,public,2026-03-31,2026-03-31,最新库内披露仓位,latest_observed_current,,31,1,,"{""2026-06-30"": 100.0}",1,4.082126255530628,19.13408262630458,0,f6ab724624cb9844acfbce41.json,2026-10-08,净值漂移推算,1,,100.0,100.0,0.0
gffunds__ZY00000055,小心愿目标盈18期,广发基金,目标盈期次,public,2026-03-31,2026-03-31,最新库内披露仓位,latest_observed_current,,31,1,,"{""2026-06-30"": 100.0}",1,4.082126255530628,19.13408262630458,0,600d93ada1fbc5e1e9fd5340.json,2026-10-08,净值漂移推算,1,,100.0,100.0,0.0
gffunds__ZY00000057,小心愿目标盈20期,广发基金,目标盈期次,public,2026-03-31,2026-03-31,最新库内披露仓位,latest_observed_current,,31,1,,"{""2026-06-30"": 100.0}",1,4.082126255530628,19.13408262630458,0,547771ea6847c1d987c43f4d.json,2026-10-08,净值漂移推算,1,,100.0,100.0,0.0
gffunds__ZY00000058,小心愿目标盈21期,广发基金,目标盈期次,public,2026-03-31,2026-03-31,最新库内披露仓位,latest_observed_current,,31,1,,"{""2026-06-30"": 100.0}",1,4.082126255530628,19.13408262630458,0,14bc281f96c5c8f9d50d9c4f.json,2026-10-08,净值漂移推算,1,,100.0,100.0,0.0
gffunds__ZY00000059,小心愿目标盈22期,广发基金,目标盈期次,public,2026-03-31,2026-03-31,最新库内披露仓位,latest_observed_current,,31,1,,"{""2026-06-30"": 100.0}",1,4.082126255530628,19.13408262630458,0,4a6f54c58b509240e15e684b.json,2026-10-08,净值漂移推算,1,,100.0,100.0,0.0
gffunds__ZY00000060,小心愿目标盈23期,广发基金,目标盈期次,public,2026-03-31,2026-03-31,最新库内披露仓位,latest_observed_current,,31,1,,"{""2026-06-30"": 100.0}",1,4.082126255530628,19.13408262630458,0,11b06ed49a0e19e9ec88641a.json,2026-10-08,净值漂移推算,1,,100.0,100.0,0.0
gffunds__ZY00000061,小心愿目标盈24期,广发基金,目标盈期次,public,2026-03-31,2026-03-31,最新库内披露仓位,latest_observed_current,,31,1,,"{""2026-06-30"": 100.0}",1,4.082126255530628,19.13408262630458,0,3e4b570fd0c748325c39cfe0.json,2026-10-08,净值漂移推算,1,,100.0,100.0,0.0
gffunds__ZY00000062,小心愿目标盈25期,广发基金,目标盈期次,public,2026-03-31,2026-03-31,最新库内披露仓位,latest_observed_current,,31,1,,"{""2026-06-30"": 100.0}",1,4.082126255530628,19.13408262630458,0,22331e28d162949560dae2f4.json,2026-10-08,净值漂移推算,1,,100.0,100.0,0.0
gffunds__ZY00000063,小心愿目标盈26期,广发基金,目标盈期次,public,2026-03-31,2026-03-31,最新库内披露仓位,latest_observed_current,,31,1,,"{""2026-06-30"": 100.0}",1,4.082126255530628,19.13408262630458,0,53618c7723f1baf8e5f3c158.json,2026-10-08,净值漂移推算,1,,100.0,100.0,0.0
gffunds__ZY00000065,小心愿目标盈27期,广发基金,目标盈期次,public,2026-03-31,2026-03-31,最新库内披露仓位,latest_observed_current,,31,1,,"{""2026-06-30"": 100.0}",1,4.082126255530628,19.13408262630458,0,7abc55fc0be7ba2a8e6e7d6a.json,2026-10-08,净值漂移推算,1,,100.0,100.0,0.0
gffunds__ZY00000066,小心愿目标盈28期,广发基金,目标盈期次,public,2026-03-31,2026-03-31,最新库内披露仓位,latest_observed_current,,31,1,,"{""2026-06-30"": 100.0}",1,4.082126255530628,19.13408262630458,0,07cfa9a5e5d12debdaa6b7ce.json,2026-10-08,净值漂移推算,1,,100.0,100.0,0.0
gffunds__ZY00000067,小心愿目标盈29期,广发基金,目标盈期次,public,2026-03-31,2026-03-31,最新库内披露仓位,latest_observed_current,,31,1,,"{""2026-06-30"": 100.0}",1,4.082126255530628,19.13408262630458,0,d74ecd7268e2cecf2faa576c.json,2026-10-08,净值漂移推算,1,,100.0,100.0,0.0
gffunds__ZY00000069,小心愿目标盈30期,广发基金,目标盈期次,public,2026-03-31,2026-03-31,最新库内披露仓位,latest_observed_current,,31,1,,"{""2026-06-30"": 100.0}",1,4.082126255530628,19.13408262630458,0,e0a86232fae0319fb52105ca.json,2026-10-08,净值漂移推算,1,,100.0,100.0,0.0
gffunds__ZY00000070,小心愿目标盈31期,广发基金,目标盈期次,public,2026-03-31,2026-03-31,最新库内披露仓位,latest_observed_current,,31,1,,"{""2026-06-30"": 100.0}",1,4.082126255530628,19.13408262630458,0,1cfc4d94c575de650ef7119d.json,2026-10-08,净值漂移推算,1,,100.0,100.0,0.0
gffunds__ZY00000071,小心愿目标盈32期,广发基金,目标盈期次,public,2026-03-31,2026-03-31,最新库内披露仓位,latest_observed_current,,31,1,,"{""2026-06-30"": 100.0}",1,4.082126255530628,19.13408262630458,0,86243d2234dd61299c173685.json,2026-10-08,净值漂移推算,1,,100.0,100.0,0.0
gffunds__ZY00000072,小心愿目标盈33期,广发基金,目标盈期次,public,2026-08-25,2026-08-25,最新库内披露仓位,latest_observed_current,,29,1,,"{""2026-06-30"": 100.00000000000004}",1,4.3581581964425125,19.04314527211084,0,eb2408fe0d0ebfc691389dc2.json,2026-10-08,净值漂移推算,1,,100.00000000000004,100.00000000000004,0.0
gffunds__ZY00000074,小心愿目标盈34期,广发基金,目标盈期次,public,2026-08-25,2026-08-25,最新库内披露仓位,latest_observed_current,,29,1,,"{""2026-06-30"": 100.00000000000004}",1,4.3581581964425125,19.04314527211084,0,1e92f2037b5bd453dbfc86e2.json,2026-10-08,净值漂移推算,1,,100.00000000000004,100.00000000000004,0.0
gffunds__ZY00000075,小心愿目标盈35期,广发基金,目标盈期次,public,2026-08-25,2026-08-25,最新库内披露仓位,latest_observed_current,,29,1,,"{""2026-06-30"": 100.00000000000004}",1,4.3581581964425125,19.04314527211084,0,287c59a63ef51784af7f047c.json,2026-10-08,净值漂移推算,1,,100.00000000000004,100.00000000000004,0.0
gffunds__ZY00000077,小心愿目标盈36期,广发基金,目标盈期次,public,2026-08-25,2026-08-25,最新库内披露仓位,latest_observed_current,,29,1,,"{""2026-06-30"": 100.00000000000004}",1,4.3581581964425125,19.04314527211084,0,ec8ff766e925aa1e388456a0.json,2026-10-08,净值漂移推算,1,,100.00000000000004,100.00000000000004,0.0
gffunds__ZY00000078,小心愿目标盈37期,广发基金,目标盈期次,public,2026-03-31,2026-03-31,最新库内披露仓位,latest_observed_current,,31,1,,"{""2026-06-30"": 100.0}",1,4.082126255530628,19.13408262630458,0,855e1b10a65687945e044c47.json,2026-10-08,净值漂移推算,1,,100.0,100.0,0.0
gffunds__ZY00000079,小心愿目标盈38期,广发基金,目标盈期次,public,2026-08-25,2026-08-25,最新库内披露仓位,latest_observed_current,,29,1,,"{""2026-06-30"": 100.00000000000004}",1,4.3581581964425125,19.04314527211084,0,ebaeafe21fa51d327a44e41a.json,2026-10-08,净值漂移推算,1,,100.00000000000004,100.00000000000004,0.0
gffunds__ZY00000081,小心愿目标盈39期,广发基金,目标盈期次,public,2026-08-25,2026-08-25,最新库内披露仓位,latest_observed_current,,29,1,,"{""2026-06-30"": 100.00000000000004}",1,4.3581581964425125,19.04314527211084,0,6a3761989c6e68d42e22f59c.json,2026-10-08,净值漂移推算,1,,100.00000000000004,100.00000000000004,0.0
gffunds__ZY00000082,小心愿目标盈40期,广发基金,目标盈期次,public,2026-08-25,2026-08-25,最新库内披露仓位,latest_observed_current,,29,1,,"{""2026-06-30"": 100.00000000000004}",1,4.3581581964425125,19.04314527211084,0,2ae71bfb3f26a82371a33689.json,2026-10-08,净值漂移推算,1,,100.00000000000004,100.00000000000004,0.0
gffunds__ZY00000083,小心愿目标盈41期,广发基金,目标盈期次,public,2026-08-25,2026-08-25,最新库内披露仓位,latest_observed_current,,29,1,,"{""2026-06-30"": 100.00000000000004}",1,4.3581581964425125,19.04314527211084,0,efb102b058db40d497b4751a.json,2026-10-08,净值漂移推算,1,,100.00000000000004,100.00000000000004,0.0
gffunds__ZY00000084,小心愿目标盈42期,广发基金,目标盈期次,public,2026-08-25,2026-08-25,最新库内披露仓位,latest_observed_current,,29,1,,"{""2026-06-30"": 100.00000000000004}",1,4.3581581964425125,19.04314527211084,0,2a001f86340eb8d703cac93c.json,2026-10-08,净值漂移推算,1,,100.00000000000004,100.00000000000004,0.0
gffunds__ZY00000085,小心愿目标盈43期,广发基金,目标盈期次,public,2026-08-25,2026-08-25,最新库内披露仓位,latest_observed_current,,29,1,,"{""2026-06-30"": 100.00000000000004}",1,4.3581581964425125,19.04314527211084,0,c73a84c858b2e3f493fd57ff.json,2026-10-08,净值漂移推算,1,,100.00000000000004,100.00000000000004,0.0
gffunds__ZY00000087,小心愿目标盈44期,广发基金,目标盈期次,public,2026-08-25,2026-08-25,最新库内披露仓位,latest_observed_current,,29,1,,"{""2026-06-30"": 100.00000000000004}",1,4.3581581964425125,19.04314527211084,0,29a6465563355e9ec26670d0.json,2026-10-08,净值漂移推算,1,,100.00000000000004,100.00000000000004,0.0
gffunds__ZY00000088,小心愿目标盈45期,广发基金,目标盈期次,public,2026-08-25,2026-08-25,最新库内披露仓位,latest_observed_current,,29,1,,"{""2026-06-30"": 100.00000000000004}",1,4.3581581964425125,19.04314527211084,0,96a463dc6c9c13ae4e5571f9.json,2026-10-08,净值漂移推算,1,,100.00000000000004,100.00000000000004,0.0
gffunds__ZY00000090,小心愿目标盈46期,广发基金,目标盈期次,public,2026-08-25,2026-08-25,最新库内披露仓位,latest_observed_current,,29,1,,"{""2026-06-30"": 100.00000000000004}",1,4.3581581964425125,19.04314527211084,0,422f1630b1076714e3585db2.json,2026-10-08,净值漂移推算,1,,100.00000000000004,100.00000000000004,0.0
gffunds__ZY00000091,小心愿目标盈47期,广发基金,目标盈期次,public,2026-08-25,2026-08-25,最新库内披露仓位,latest_observed_current,,29,1,,"{""2026-06-30"": 100.00000000000004}",1,4.3581581964425125,19.04314527211084,0,bd2535b61e7128205db6df1d.json,2026-10-08,净值漂移推算,1,,100.00000000000004,100.00000000000004,0.0
gffunds__ZY00000092,小心愿目标盈48期,广发基金,目标盈期次,public,2026-08-25,2026-08-25,最新库内披露仓位,latest_observed_current,,29,1,,"{""2026-06-30"": 100.00000000000004}",1,4.3581581964425125,19.04314527211084,0,9f7f19381f3ef9b6bcfafa11.json,2026-10-08,净值漂移推算,1,,100.00000000000004,100.00000000000004,0.0
gffunds__ZY00000093,小心愿目标盈49期,广发基金,目标盈期次,public,2026-08-25,2026-08-25,最新库内披露仓位,latest_observed_current,,29,1,,"{""2026-06-30"": 100.00000000000004}",1,4.3581581964425125,19.04314527211084,0,ffb76765a1a0148af87a2e04.json,2026-10-08,净值漂移推算,1,,100.00000000000004,100.00000000000004,0.0
gffunds__ZY00000094,小心愿目标盈50期,广发基金,目标盈期次,public,2026-08-25,2026-08-25,最新库内披露仓位,latest_observed_current,,29,1,,"{""2026-06-30"": 100.00000000000004}",1,4.3581581964425125,19.04314527211084,0,2004b123285331fed9328edb.json,2026-10-08,净值漂移推算,1,,100.00000000000004,100.00000000000004,0.0
gffunds__ZY00000056,小心愿目标盈第19期,广发基金,目标盈期次,public,2026-03-31,2026-03-31,最新库内披露仓位,latest_observed_current,,31,1,,"{""2026-06-30"": 100.0}",1,4.082126255530628,19.13408262630458,0,711507d5b3a639f6f221ba8f.json,2026-10-08,净值漂移推算,1,,100.0,100.0,0.0
gffunds__GFJJ000900,幸福小列车目标盈,广发基金,目标盈期次,public,2025-11-12,2025-11-12,最新库内披露仓位,latest_observed_current,,24,1,,"{""2026-06-30"": 100.00000000000001}",0,6.423535975512655,12.786491324137636,1,e2237baeaa9c8e58414c9bb6.json,2026-10-08,净值漂移推算,1,,100.00000000000001,100.00000000000001,0.0
gffunds__ZY00000014,幸福小列车第0期,广发基金,正常运行,public,2025-11-12,2025-11-12,最新库内披露仓位,latest_observed_current,,24,1,,"{""2026-06-30"": 100.00000000000001}",1,6.423535975512655,12.786491324137636,1,8df5a4cb0feea7802c142ae6.json,2026-10-08,净值漂移推算,1,,100.00000000000001,100.00000000000001,0.0
gffunds__GFJJ002101,幸福小心愿Pro目标盈,广发基金,目标盈期次,public,2026-09-04,2026-09-04,最新库内披露仓位,latest_observed_current,,25,1,,"{""2026-06-30"": 100.00000000000001}",0,6.592604086940113,23.70142665181349,0,bf3ee7d36de995fda9d5ae4b.json,2026-10-08,净值漂移推算,1,,100.00000000000001,100.00000000000001,0.0
gffunds__GFJJ001507,幸福小心愿目标盈,广发基金,目标盈期次,public,2026-08-25,2026-08-25,最新库内披露仓位,latest_observed_current,,29,1,,"{""2026-06-30"": 100.00000000000004}",0,4.3581581964425125,19.04314527211084,0,95280ef8a4baa97e302e6d68.json,2026-10-08,净值漂移推算,1,,100.00000000000004,100.00000000000004,0.0
gffunds__GFJJ001387,广发中国30甄选,广发基金,正常运行,public,2026-09-07,2026-09-07,最新库内披露仓位,latest_observed_current,,23,1,,"{""2026-06-30"": 99.99999999999997}",0,61.09860601597325,0.5665168363818412,0,900a59ced74d5cb617ce8e63.json,2026-10-09,净值漂移推算,1,,99.99999999999997,99.99999999999997,0.0
gffunds__GFJJ001204,广发价值30甄选,广发基金,正常运行,public,2026-03-18,2026-03-18,最新库内披露仓位,latest_observed_current,,14,1,,"{""2026-06-30"": 99.99999999999999}",0,46.66820880453848,1.070468774719052,0,54effa3155e2e0b2834a6899.json,2026-10-09,净值漂移推算,1,,99.99999999999999,99.99999999999999,0.0
gffunds__GFJJ001581,广发债券宝,广发基金,正常运行,public,2025-10-14,2025-10-14,最新库内披露仓位,latest_observed_current,,8,1,,"{""2026-06-30"": 100.0}",0,0.0,15.9528590721081,0,363a75a0ce21fe8de3a957ae.json,2026-10-09,净值漂移推算,1,,100.0,100.0,0.0
gffunds__GFJJ001563,广发债基精选,广发基金,已清盘策略（业绩停更）,public,2024-09-27,2024-09-27,最新库内披露仓位,latest_observed_current,,8,1,,"{""2026-06-30"": 100.0}",0,0.0,11.963152013864727,0,04b3c891750ab84d50fbd610.json,2026-10-09,净值漂移推算,1,,100.0,100.0,0.0
gffunds__GFJJ001665,广发全天候多元稳健,广发基金,正常运行,public,2026-02-06,2026-02-06,最新库内披露仓位,latest_observed_current,,18,1,,"{""2026-06-30"": 100.0}",0,6.253790188327108,12.004016174329296,0,924eca9a1d20de8969272bc5.json,2026-10-08,净值漂移推算,1,,100.0,100.0,0.0
gffunds__GFJJ001664,广发全天候多元稳健增长,广发基金,正常运行,public,2026-02-06,2026-02-06,最新库内披露仓位,latest_observed_current,,15,1,,"{""2026-06-30"": 100.00000000000001}",0,9.172434615381208,18.893507910735558,0,a4ecf037820450da62139713.json,2026-10-08,净值漂移推算,1,,100.00000000000001,100.00000000000001,0.0
gffunds__GFJJ001681,广发全天候多元配置定制策略,广发基金,正常运行,public,2025-11-05,2025-11-05,最新库内披露仓位,latest_observed_current,,15,1,,"{""2026-06-30"": 100.0}",0,17.221296501252603,11.249725860205672,1,e4cad93dbdb8b432e02f4632.json,2026-10-08,净值漂移推算,1,,100.0,100.0,0.0
gffunds__GFJJ002301,广发全天候进取定制策略,广发基金,正常运行,public,2025-11-05,2025-11-05,最新库内披露仓位,latest_observed_current,,14,1,,"{""2026-06-30"": 99.99999999999999}",0,21.9465639411492,11.187199280637335,1,8f7e40d7cd8695b9fd809fe7.json,2026-10-08,净值漂移推算,1,,99.99999999999999,99.99999999999999,0.0
gffunds__GFJJ001261,广发全球30甄选,广发基金,正常运行,public,2025-10-23,2025-10-23,最新库内披露仓位,latest_observed_current,,14,1,,"{""2026-06-30"": 99.99999999999997}",0,25.921426962691644,0.4326309499220299,1,bf643cc9b1ac842d57041c6f.json,2026-10-08,净值漂移推算,1,,99.99999999999997,99.99999999999997,0.0
gffunds__GFJJ001422,广发全球债券30甄选组合,广发基金,正常运行,public,2025-09-25,2025-09-25,最新库内披露仓位,latest_observed_current,,11,1,,"{""2026-06-30"": 44.92631181325602}",0,0.0,7.2605234123067826,0,9810ce9336bc5e2b4ccde6ed.json,2026-05-22,净值漂移推算（净值较旧）,0,共同净值日期距观察日超过14天，未标为最新可用,44.92631181325602,44.92631181325602,55.07368818674398
gffunds__GFJJ001384,广发全球商品甄选,广发基金,正常运行,public,2025-11-20,2025-11-20,最新库内披露仓位,latest_observed_current,,10,1,,"{""2026-06-30"": 100.00000000000001}",0,0.0,0.8808557335945815,0,e087aba5eec28aaa81f2bcbb.json,2026-10-08,净值漂移推算,1,,100.00000000000001,100.00000000000001,0.0
gffunds__GFJJ001394,广发全球甄选尊享1号,广发基金,正常运行,public,2025-08-25,2026-07-21,最近完整历史仓位,historical_exact,同日基金业务键重复；基金权重和104.6500%超出100%±0.02个百分点,13,1,,"{""2026-06-30"": 100.0}",0,14.941704717340244,0.08321821344004761,3,f87077b205602bc49c3b4415.json,2025-08-25,披露配置（最新权重不可推算）,0,已有更新调仓记录但未通过完整配置核验，不能跨越该事件推算,100.0,100.0,0.0
gffunds__GFJJ001564,广发尊享稳健甄选,广发基金,正常运行,public,2026-04-02,2026-04-02,最新库内披露仓位,latest_observed_current,,24,1,,"{""2026-06-30"": 100.00000000000003}",0,3.8754279200217865,16.977498064577407,0,775a95aa0d5a959f94d48e6a.json,2026-10-08,净值漂移推算,1,,100.00000000000003,100.00000000000003,0.0
gffunds__GFJJ001569,广发尊享稳健甄选（机构版）,广发基金,正常运行,public,2026-04-02,2026-04-02,最新库内披露仓位,latest_observed_current,,23,1,,"{""2026-06-30"": 99.99999999999999}",0,3.775189310199219,17.08577702747567,0,d5f6cf0a3f9a71fd2140f21e.json,2026-10-08,净值漂移推算,1,,99.99999999999999,99.99999999999999,0.0
gffunds__GFJJ001411,广发小盘先锋,广发基金,正常运行,public,2026-03-25,2026-03-25,最新库内披露仓位,latest_observed_current,,10,1,,"{""2026-06-30"": 100.00000000000001}",0,39.86279790637646,0.7911229870629849,0,c4a6896fb90b8c84c6d3f7a9.json,2026-10-09,净值漂移推算,1,,100.00000000000001,100.00000000000001,0.0
gffunds__GFJJ001577,广发指数宝,广发基金,正常运行,public,2025-07-25,2025-07-25,最新库内披露仓位,latest_observed_current,,7,1,,"{""2026-06-30"": 99.99999999999999}",0,0.5174440522207782,0.15701325810331757,0,2dd84e38812d845ff1c860a8.json,2026-10-09,净值漂移推算,1,,99.99999999999999,99.99999999999999,0.0
gffunds__GFJJ001503,广发甄选尊享组合,广发基金,正常运行,public,2026-01-12,2026-01-12,最新库内披露仓位,latest_observed_current,,14,1,,"{""2026-06-30"": 100.0}",0,53.404052275852806,0.9403473879476696,0,f92b78bd17b74870c2619ebf.json,2026-10-09,净值漂移推算,1,,100.0,100.0,0.0
gffunds__GFJJ001325,广发短债甄选,广发基金,已清盘策略（业绩停更）,public,2025-07-31,2025-07-31,最新库内披露仓位,latest_observed_current,,11,1,,"{""2026-06-30"": 99.99999999999999}",0,0.0,14.28632126841294,0,f9b6f2e51ecad5543f0d73fc.json,2026-10-09,净值漂移推算,1,,99.99999999999999,99.99999999999999,0.0
gffunds__GFJJ001081,广发积极养老,广发基金,已清盘策略（业绩停更）,public,2023-07-04,2023-07-04,最新库内披露仓位,latest_observed_current,,16,1,,"{""2026-06-30"": 99.99999999999997}",0,69.46867036095354,3.041684888718282,0,9cfd3a1fb8dda97760bcf8b2.json,2026-10-09,净值漂移推算,1,,99.99999999999997,99.99999999999997,0.0
gffunds__GFJJ001326,广发纯债甄选,广发基金,正常运行,public,2025-08-08,2025-08-08,最新库内披露仓位,latest_observed_current,,14,1,,"{""2026-06-30"": 99.99999999999999}",0,0.0,13.095713379615677,0,a0709942f25be3227683b1d9.json,2026-10-08,净值漂移推算,1,,99.99999999999999,99.99999999999999,0.0
gffunds__GFJJ000763,广发货币优选,广发基金,正常运行,public,2025-04-08,2025-04-08,最新库内披露仓位,latest_observed_current,,3,1,,"{""2026-06-30"": 100.00000000000001}",0,0.0,12.400003030079041,0,e277d7d6e3a2edc08ea94b20.json,2026-10-10,净值漂移推算,1,,100.00000000000001,100.00000000000001,0.0
gffunds__GFJJ001510,广发货币优选（机构版）,广发基金,正常运行,public,2025-02-07,2025-02-07,最新库内披露仓位,latest_observed_current,,3,1,,"{""2026-06-30"": 100.00000000000001}",0,0.0,10.79303367158697,0,5c24a2aabe53891250151019.json,2026-10-10,净值漂移推算,1,,100.00000000000001,100.00000000000001,0.0
gffunds__GFJJ000001,广发货币加,广发基金,正常运行,public,2026-04-13,2026-04-13,最新库内披露仓位,latest_observed_current,,9,1,,"{""2026-06-30"": 100.00000000000001}",0,0.0,13.461864012387247,0,dde3bb08576ca6ef5582d8dc.json,2026-10-09,净值漂移推算,1,,100.00000000000001,100.00000000000001,0.0
gffunds__GFJJ001221,指数100份,广发基金,信号类策略,public,2026-08-12,2026-08-12,最新库内披露仓位,latest_observed_current,信号组合，未按真实基金配置穿透,39,0,信号组合，未按真实基金配置穿透,{},0,,,0,7b11a62ea9fb986ad73f9eef.json,,缺少可用基金配置,0,缺少完整配置,,,
gffunds__GFJJ000598,智慧教育金2025,广发基金,正常运行,public,2026-01-08,2026-01-08,最新库内披露仓位,latest_observed_current,,17,1,,"{""2026-06-30"": 100.0}",0,12.141355860012721,15.89786057872141,0,b606136473ccf983ad4747cd.json,2026-10-09,净值漂移推算,1,,100.0,100.0,0.0
gffunds__GFJJ000600,智慧教育金2030,广发基金,正常运行,public,2026-01-08,2026-01-08,最新库内披露仓位,latest_observed_current,,14,1,,"{""2026-06-30"": 99.99999999999999}",0,18.203384711728596,14.394872843222197,0,c3f043a06f34f858c8c642d5.json,2026-10-09,净值漂移推算,1,,99.99999999999999,99.99999999999999,0.0
gffunds__GFJJ000601,智慧教育金2035,广发基金,正常运行,public,2026-01-12,2026-01-12,最新库内披露仓位,latest_observed_current,,19,1,,"{""2026-06-30"": 99.99999999999999}",0,24.51463145243695,13.397321410030854,0,7d33ba2593ae533a49ea6492.json,2026-10-09,净值漂移推算,1,,99.99999999999999,99.99999999999999,0.0
gffunds__GFJJ000602,智慧教育金2040,广发基金,正常运行,public,2026-01-12,2026-01-12,最新库内披露仓位,latest_observed_current,,18,1,,"{""2026-06-30"": 100.0}",0,30.50167934872072,11.109857868590838,0,8a1c314e81ea7cd6cffb23c4.json,2026-10-09,净值漂移推算,1,,100.0,100.0,0.0
gffunds__GFJJ000603,智慧教育金2045,广发基金,正常运行,public,2026-01-12,2026-01-12,最新库内披露仓位,latest_observed_current,,17,1,,"{""2026-06-30"": 99.99999999999999}",0,35.83123737754988,6.543936324070456,0,458bfe7634c854d8787f351d.json,2026-10-09,净值漂移推算,1,,99.99999999999999,99.99999999999999,0.0
gffunds__GFJJ001502,智选理财Plus,广发基金,正常运行,public,2026-07-07,2026-07-07,最新库内披露仓位,latest_observed_current,,21,1,,"{""2026-06-30"": 99.99999999999999}",0,3.416101498265769,19.006176135137235,0,553bcf0ec41d46751d313bf6.json,2026-10-08,净值漂移推算,1,,99.99999999999999,99.99999999999999,0.0
gffunds__GFJJ000011,添利30天,广发基金,正常运行,public,2026-07-28,2026-07-28,最新库内披露仓位,latest_observed_current,,23,1,,"{""2026-06-30"": 100.00000000000003}",0,0.5873737994086918,14.545801180855765,0,c88c14e4f98e70e82336ed66.json,2026-10-09,净值漂移推算,1,,100.00000000000003,100.00000000000003,0.0
gffunds__GFJJ001508,添利30天（机构版）,广发基金,已清盘策略（业绩停更）,public,2025-09-17,2025-09-17,最新库内披露仓位,latest_observed_current,,24,1,,"{""2026-06-30"": 100.0}",0,0.5640889424743282,13.370197194990764,0,49723a5ea28b01e6eaca6790.json,2026-10-09,净值漂移推算,1,,100.0,100.0,0.0
gffunds__GFJJ000002,理财小加,广发基金,正常运行,public,2026-07-08,2026-07-08,最新库内披露仓位,latest_observed_current,,24,1,,"{""2026-06-30"": 100.0}",0,3.6771793521069696,14.036646496962247,0,874cece30459b0ad49530691.json,2026-10-08,净值漂移推算,1,,100.0,100.0,0.0
gffunds__GFJJ000834,积极优选组合,广发基金,已清盘策略（业绩停更）,public,2023-06-21,2023-06-21,最新库内披露仓位,latest_observed_current,,16,1,,"{""2026-06-30"": 100.0}",0,50.58028880546601,1.5710051331152532,0,bf6c7e4a01f03bb869213881.json,2026-10-09,净值漂移推算,1,,100.0,100.0,0.0
gffunds__GFJJ000783,积极精选组合,广发基金,已清盘策略（业绩停更）,public,2024-09-10,2024-09-10,最新库内披露仓位,latest_observed_current,,20,1,,"{""2026-06-30"": 100.0}",0,73.76533854610012,0.9217615115845477,0,bfd32135663cfcef769c84ed.json,2026-10-09,净值漂移推算,1,,100.0,100.0,0.0
gffunds__GFJJ000758,积极进取组合,广发基金,已清盘策略（业绩停更）,public,2024-09-10,2024-09-10,最新库内披露仓位,latest_observed_current,,20,1,,"{""2026-06-30"": 100.0}",0,73.76533854610012,0.9217615115845477,0,12f4cbcd01953bb1749c3f8b.json,2026-10-09,净值漂移推算,1,,100.0,100.0,0.0
gffunds__GFJJ000835,稳健优选组合,广发基金,已清盘策略（业绩停更）,public,2023-06-16,2023-06-16,最新库内披露仓位,latest_observed_current,,17,1,,"{""2026-06-30"": 100.00000000000001}",0,11.561312715245432,11.957974089140722,0,07188cea1b4d2c8a0d44e553.json,2026-10-09,净值漂移推算,1,,100.00000000000001,100.00000000000001,0.0
gffunds__GFJJ000005,稳健向前跑,广发基金,正常运行,public,2025-06-18,2025-06-18,最新库内披露仓位,latest_observed_current,,20,1,,"{""2026-06-30"": 100.0}",0,17.147023078052353,9.200219717398724,0,609657384e2dcff0098564b0.json,2026-10-09,净值漂移推算,1,,100.0,100.0,0.0
gffunds__GFJJ000759,稳健增强组合,广发基金,已清盘策略（业绩停更）,public,2024-07-12,2024-07-12,最新库内披露仓位,latest_observed_current,,22,1,,"{""2026-06-30"": 99.99999999999999}",0,16.650476583503437,11.757021940257038,0,3459a1e2b00b155dc88caa87.json,2026-10-09,净值漂移推算,1,,99.99999999999999,99.99999999999999,0.0
gffunds__GFJJ000768,稳健增长组合,广发基金,已清盘策略（业绩停更）,public,2024-12-26,2024-12-26,最新库内披露仓位,latest_observed_current,,20,1,,"{""2026-06-30"": 100.0}",0,6.363536151513662,24.037351727329728,0,0b8d931775f5ee5f6e3b7bc2.json,2026-10-09,净值漂移推算,1,,100.0,100.0,0.0
gffunds__GFJJ000782,稳健理财组合,广发基金,已清盘策略（业绩停更）,public,2024-07-12,2024-07-12,最新库内披露仓位,latest_observed_current,,22,1,,"{""2026-06-30"": 99.99999999999999}",0,16.650476583503437,11.757021940257038,0,f11a459285f5d051deeef35b.json,2026-10-09,净值漂移推算,1,,99.99999999999999,99.99999999999999,0.0
gffunds__GFJJ000769,股债动态配置组合,广发基金,已清盘策略（业绩停更）,public,2024-10-15,2024-10-15,最新库内披露仓位,latest_observed_current,,13,1,,"{""2026-06-30"": 100.0}",0,37.01472082248403,24.749187459263048,0,76da9790b17f897ed7ca7e10.json,2026-10-08,净值漂移推算,1,,100.0,100.0,0.0
gffunds__GFJJ000007,股债平衡大师,广发基金,正常运行,public,2026-07-30,2026-07-30,最新库内披露仓位,latest_observed_current,,20,1,,"{""2026-06-30"": 100.00000000000001}",0,21.275545257061584,9.391345349597094,0,8b84b7da3027dcce5b0897d0.json,2026-10-09,净值漂移推算,1,,100.00000000000001,100.00000000000001,0.0
gffunds__GFJJ001509,货币加（机构版）,广发基金,已清盘策略（业绩停更）,public,2024-09-05,2024-09-05,最新库内披露仓位,latest_observed_current,,8,1,,"{""2026-06-30"": 99.99999999999999}",0,0.0,14.694463317494556,0,fe4320c4629bc3e2559537ca.json,2026-10-09,净值漂移推算,1,,99.99999999999999,99.99999999999999,0.0
gffunds__GFJJ000219,超级定投家,广发基金,信号类策略,public,2026-09-07,2026-09-07,最新库内披露仓位,latest_observed_current,信号组合，未按真实基金配置穿透,23,0,信号组合，未按真实基金配置穿透,{},0,,,0,fb696729a197c0c6d2dc1004.json,,缺少可用基金配置,0,缺少完整配置,,,
gffunds__GFJJ000003,超级理财加,广发基金,正常运行,public,2026-06-08,2026-06-08,最新库内披露仓位,latest_observed_current,,23,1,,"{""2026-06-30"": 100.0}",0,5.936072190578376,15.260094671720138,0,81d175b7185462b3b114f6ba.json,2026-10-08,净值漂移推算,1,,100.0,100.0,0.0
gffunds__GFJJ000078,超级理财加（机构版）,广发基金,已清盘策略（业绩停更）,public,2024-02-29,2024-02-29,最新库内披露仓位,latest_observed_current,,26,1,,"{""2026-06-30"": 99.99999999999999}",0,9.580228446218385,14.931715033738438,0,14318394ec4eadce6db6c731.json,2026-10-09,净值漂移推算,1,,99.99999999999999,99.99999999999999,0.0
gffunds__GFJJ002222,辉享全天候稳健增长,广发基金,正常运行,public,2025-12-04,2025-12-04,最新库内披露仓位,latest_observed_current,,11,1,,"{""2026-06-30"": 100.0}",0,3.4189114100160514,37.81663956904991,0,7fe945514adef64c1cdc10cc.json,2026-10-08,净值漂移推算,1,,100.0,100.0,0.0
gfsec_fima__regular:gffund:GFXFZZ,一起幸福增长,广发证券（gfsec_fima）,正常运行,public,2026-10-11,2026-10-11,最新库内披露仓位,latest_observed_current,,18,1,,"{""2026-06-30"": 100.0}",0,17.817776337201757,9.805378803446228,0,6d1d2f55d51508c1077a308a.json,2026-10-11,源端最新仓位占比,1,"源端占比直接使用；净值滚动未执行：缺少基准日之后净值：001204,004234,005178,006337,006104,002400,007471,013642,008207,008987,002183,015935,000037,006591,006780,005225,001442,004388",100.0,100.0,0.0
gfsec_fima__regular:zofund:ZOYSH,中欧优势行业全明星,广发证券（gfsec_fima）,正常运行,public,2026-10-11,2026-10-11,最新库内披露仓位,latest_observed_current,,17,1,,"{""2026-06-30"": 100.00000000000004}",0,64.69835345522678,0.6479186173854747,0,81f96ce8c2e6eab2f6bec95d.json,2026-10-11,源端最新仓位占比,1,"源端占比直接使用；净值滚动未执行：缺少基准日之后净值：004812,005242,002747,004075,011598,519918,002980,017470,070018,090016,010710,006751,519915,006002,010023,000688,008657",100.00000000000004,100.00000000000004,0.0
gfsec_fima__regular:zofund:ZOSJL,中欧固收佳,广发证券（gfsec_fima）,正常运行,public,2026-10-11,2026-10-11,最新库内披露仓位,latest_observed_current,,21,1,,"{""2026-06-30"": 99.99999999999997}",0,5.26510557456679,15.00525047693951,0,1910560ee78c8ca666212f0f.json,2026-10-11,源端最新仓位占比,1,"源端占比直接使用；净值滚动未执行：缺少基准日之后净值：007446,002010,006562,002747,007667,006015,000217,005160,003613,014847,003693,001593,010169,002865,110018,110008,000386,008657,017090,009985,003280",99.99999999999997,99.99999999999997,0.0
gfsec_fima__regular:zofund:ZODYPZ,中欧多元配置,广发证券（gfsec_fima）,正常运行,public,2026-10-11,2026-10-11,最新库内披露仓位,latest_observed_current,,38,1,,"{""2026-06-30"": 100.0}",0,5.96135413901006,16.80705330752551,5,12b6c7acd5ee5fbef331d037.json,2026-10-11,源端最新仓位占比,1,"源端占比直接使用；净值滚动未执行：缺少基准日之后净值：015503,021376,002747,016482,017654,023918,017145,011068,002401,023591,007045,007818,008280,011584,001557,010770,001593,100068,016186,012738,018291,001356,010160,009034,004195,019512,019578,378006,020512,009803,161120,118001,000833,011609,501306,004877,023350,161815",100.0,100.0,0.0
gfsec_fima__regular:zofund:ZOHWGP,中欧海外股票精选,广发证券（gfsec_fima）,正常运行,public,2026-10-11,2026-10-11,最新库内披露仓位,latest_observed_current,,18,1,,"{""2026-06-30"": 100.00000000000003}",0,16.40351527677157,1.5183641003723036,5,ac1b52ff2fe691bf62502c47.json,2026-10-11,源端最新仓位占比,1,"源端占比直接使用；净值滚动未执行：缺少基准日之后净值：002747,000041,000216,040046,016452,096001,007721,100050,486002,000369,377016,378006,007280,006282,019172,012920,118002,161815",100.00000000000003,100.00000000000003,0.0
gfsec_fima__regular:zofund:ZOJDG,中欧经典股债全明星,广发证券（gfsec_fima）,正常运行,public,2026-10-11,2026-10-11,最新库内披露仓位,latest_observed_current,,14,1,,"{""2026-06-30"": 99.99999999999999}",0,42.570012060822314,6.475112724193955,0,d298816d74a7d868c13fea7d.json,2026-10-11,源端最新仓位占比,1,"源端占比直接使用；净值滚动未执行：缺少基准日之后净值：002685,001887,016311,001165,002009,004231,002747,001980,001667,005267,450004,000386,519003,005543",99.99999999999999,99.99999999999999,0.0
gfsec_fima__regular:zofund:ZOQMX,中欧超级股票全明星,广发证券（gfsec_fima）,正常运行,public,2026-10-11,2026-10-11,最新库内披露仓位,latest_observed_current,,17,1,,"{""2026-06-30"": 99.99999999999999}",0,68.84163938212426,1.3283683325860582,0,6f606faba3c4ac1e7957aa55.json,2026-10-11,源端最新仓位占比,1,"源端占比直接使用；净值滚动未执行：缺少基准日之后净值：166005,005421,002747,001980,002980,011251,013642,008891,450004,014674,519915,010624,011426,270028,010388,007346,519133",99.99999999999999,99.99999999999999,0.0
gfsec_fima__regular:nffund:SFSYB,司南双月宝,广发证券（gfsec_fima）,正常运行,public,2026-10-11,2026-10-11,最新库内披露仓位,latest_observed_current,,21,1,,"{""2026-06-30"": 99.99999999999999}",0,1.9973344654446505,16.075949404700324,0,83a81f8e6df15f9a1b97cf76.json,2026-10-11,源端最新仓位占比,1,"源端占比直接使用；净值滚动未执行：缺少基准日之后净值：008204,006824,009093,000355,011034,012946,202307,008122,002015,000084,017739,008847,002794,014060,002864,009532,003157,110053,001442,675113,675163",99.99999999999999,99.99999999999999,0.0
gfsec_fima__regular:nffund:SFDYZ,司南多因子成长,广发证券（gfsec_fima）,正常运行,public,2026-10-11,2026-10-11,最新库内披露仓位,latest_observed_current,,14,1,,"{""2026-06-30"": 100.0}",0,25.146378278697455,1.9918880954223894,0,ceac1be49954d9755ec3f067.json,2026-10-11,源端最新仓位占比,1,"源端占比直接使用；净值滚动未执行：缺少基准日之后净值：008173,016441,160424,000217,007874,022435,004343,202307,008164,006594,007818,009439,673101,010365",100.0,100.0,0.0
gfsec_fima__regular:nffund:SFJDSY,司南绝对收益,广发证券（gfsec_fima）,正常运行,public,2026-10-11,2026-10-11,最新库内披露仓位,latest_observed_current,,16,1,,"{""2026-06-30"": 100.0}",0,9.712915941043542,16.37752602066878,0,74c66e76bb60d24cf7f7955a.json,2026-10-11,源端最新仓位占比,1,"源端占比直接使用；净值滚动未执行：缺少基准日之后净值：400030,001164,002592,001570,008514,010880,011034,012946,202307,007415,002015,008846,000037,001343,000147,011555",100.0,100.0,0.0
gfsec_fima__regular:nffund:SFGZPH,司南股债平衡,广发证券（gfsec_fima）,正常运行,public,2026-10-11,2026-10-11,最新库内披露仓位,latest_observed_current,,20,1,,"{""2026-06-30"": 100.00000000000001}",0,43.07938251594902,9.178947410753567,0,7bb10892156b0a5fc745df62.json,2026-10-11,源端最新仓位占比,1,"源端占比直接使用；净值滚动未执行：缺少基准日之后净值：003567,000356,008632,001536,202102,202307,004706,007415,014499,050022,008319,070027,017874,481008,004195,002910,003293,021500,017090,519003",100.00000000000001,100.00000000000001,0.0
gfsec_fima__regular:gffund:GFQYYX,奔跑吧牛基,广发证券（gfsec_fima）,正常运行,public,2026-10-11,2026-10-11,最新库内披露仓位,latest_observed_current,,14,1,,"{""2026-06-30"": 100.0}",0,53.29227197548483,4.887116752944098,0,10bd6a060ad1e4c7ac559513.json,2026-10-11,源端最新仓位占比,1,"源端占比直接使用；净值滚动未执行：缺少基准日之后净值：015144,004815,007127,022500,008270,002036,013955,012630,002943,002183,012805,010236,015916,000297",100.0,100.0,0.0
gfsec_fima__regular:gffund:GFAXHB,小小的太阳,广发证券（gfsec_fima）,正常运行,public,2026-10-11,2026-10-11,最新库内披露仓位,latest_observed_current,,20,1,,"{""2026-06-30"": 100.0}",0,7.568114761314422,15.619783123166501,0,5c59a0f647c8a5e29e38ff4a.json,2026-10-11,源端最新仓位占比,1,"源端占比直接使用；净值滚动未执行：缺少基准日之后净值：001204,001891,005178,006337,002400,202213,002160,000931,008207,008987,002183,015935,000037,006591,005225,003039,016277,001442,002217,004388",100.0,100.0,0.0
gfsec_fima__target:zofund:10010,幸福盈家小目标-中欧多元1期,广发证券（gfsec_fima）,目标盈期次,public,2026-10-11,2026-10-11,最新库内披露仓位,latest_observed_current,,33,1,,"{""2026-06-30"": 99.99999999999999}",0,3.828440753515771,19.37941887911568,4,232c2f20d7da8b0bd490f699.json,2026-10-11,源端最新仓位占比,1,"源端占比直接使用；净值滚动未执行：缺少基准日之后净值：015503,021376,166016,002747,016482,023918,017145,007045,007818,008280,011584,001557,010770,001593,016186,012738,018291,010160,009034,004195,019512,019578,378006,020512,009803,161120,006663,000833,021458,011609,004877,023350,161815",99.99999999999999,99.99999999999999,0.0
gfsec_fima__target:hxfund:10009,幸福盈家小目标-华夏多元1期,广发证券（gfsec_fima）,已清盘目标盈期次（业绩停更）,public,2026-10-11,2026-10-11,最新库内披露仓位,latest_observed_current,,31,1,,"{""2026-06-30"": 99.99999999999996}",0,4.33886162807004,21.34247544301407,0,998bfe235b4b89110d33668b.json,2026-10-11,源端最新仓位占比,1,"源端占比直接使用；净值滚动未执行：缺少基准日之后净值：590010,002400,002401,378006,005562,021143,005698,000041,013403,018729,003003,000016,008702,004043,040023,005125,005160,023591,007791,001661,013642,007910,003377,019512,019449,019450,009803,006663,013380,008320,000290",99.99999999999996,99.99999999999996,0.0
gfsec_fima__target:hxfund:10011,幸福盈家小目标-华夏多元2期,广发证券（gfsec_fima）,已清盘目标盈期次（业绩停更）,public,2026-10-11,2026-10-11,最新库内披露仓位,latest_observed_current,,31,1,,"{""2026-06-30"": 100.00000000000001}",0,4.109250554208161,20.644587876870922,1,878c2cd3241300261375945c.json,2026-10-11,源端最新仓位占比,1,"源端占比直接使用；净值滚动未执行：缺少基准日之后净值：002400,002401,378006,005562,021143,005698,000041,023918,013403,018729,003003,000016,008702,004043,040023,005125,005160,023591,007791,001661,013642,007910,003377,019512,019578,009803,006663,013380,675113,008320,000290",100.00000000000001,100.00000000000001,0.0
gfsec_fima__target:zofund:10012,幸福盈家小目标03期丨中欧多元,广发证券（gfsec_fima）,目标盈期次,public,2026-10-11,2026-10-11,最新库内披露仓位,latest_observed_current,,29,1,,"{""2026-06-30"": 99.99999999999997}",0,3.701386509560852,19.16314860634276,4,dd13bdf662468c9e3f422eda.json,2026-10-11,源端最新仓位占比,1,"源端占比直接使用；净值滚动未执行：缺少基准日之后净值：015503,021376,166016,002747,016482,023918,000217,017145,003613,007045,008280,007911,011584,010770,021620,001593,010160,019512,019578,378006,020512,009803,161120,006663,000833,021458,004877,023350,161815",99.99999999999997,99.99999999999997,0.0
gfsec_fima__target:hxfund:10013,幸福盈家小目标04期丨华夏多元,广发证券（gfsec_fima）,目标盈期次,public,2026-10-11,2026-10-11,最新库内披露仓位,latest_observed_current,,33,1,,"{""2026-06-30"": 100.0}",0,5.899219624489591,18.97329554163998,2,28cfc5b6c79c3462ab0b4207.json,2026-10-11,源端最新仓位占比,1,"源端占比直接使用；净值滚动未执行：缺少基准日之后净值：016556,020957,378006,005562,006669,021143,000041,023918,013403,018729,003003,000016,008702,004043,014982,005125,006532,023591,007791,013642,008280,022486,007910,003377,019512,009803,006663,013380,675113,161815,008320,000290,010365",100.0,100.0,0.0
gfsec_fima__target:zofund:10014,幸福盈家小目标05期丨中欧多元,广发证券（gfsec_fima）,目标盈期次,public,2026-10-11,2026-10-11,最新库内披露仓位,latest_observed_current,,32,1,,"{""2026-06-30"": 99.99999999999999}",0,4.426613423913391,20.730787073541503,1,42a6e7c9a5d468969a142e2d.json,2026-10-11,源端最新仓位占比,1,"源端占比直接使用；净值滚动未执行：缺少基准日之后净值：015454,021376,166016,002747,016482,017654,023918,000217,012538,011068,007045,007818,008280,011584,001557,016186,012738,018291,010160,004195,019512,378006,020512,009803,161120,004744,006663,000833,021458,011609,023350,161815",99.99999999999999,99.99999999999999,0.0
gfsec_fima__target:hxfund:10015,幸福盈家小目标06期丨华夏多元,广发证券（gfsec_fima）,已清盘目标盈期次（业绩停更）,public,2026-10-11,2026-10-11,最新库内披露仓位,latest_observed_current,,28,1,,"{""2026-06-30"": 100.00000000000001}",0,3.353468310392078,20.50168329462235,0,828927092ba908c824ebccb6.json,2026-10-11,源端最新仓位占比,1,"源端占比直接使用；净值滚动未执行：缺少基准日之后净值：005562,006669,021143,005698,023918,013403,018729,003003,000016,008702,004043,040023,005125,005160,023591,007791,013642,007910,100055,003377,019512,009803,006663,013380,675113,161815,008320,000290",100.00000000000001,100.00000000000001,0.0
gfsec_fima__target:gffund:10018,幸福盈家小目标07期丨广发基金多元,广发证券（gfsec_fima）,目标盈期次,public,2026-10-11,2026-10-11,最新库内披露仓位,latest_observed_current,,19,1,,"{""2026-06-30"": 100.0}",0,7.340412098740695,15.350151733951769,0,d3a5006f102dd2c0da25db96.json,2026-10-11,源端最新仓位占比,1,"源端占比直接使用；净值滚动未执行：缺少基准日之后净值：001204,007667,013642,019125,007176,008987,002183,015935,013449,009532,021151,025192,020089,025645,531021,016277,000206,002217,020636",100.0,100.0,0.0
gfsec_fima__target:hxfund:10019,幸福盈家小目标08期丨华夏多元,广发证券（gfsec_fima）,目标盈期次,public,2026-10-11,2026-10-11,最新库内披露仓位,latest_observed_current,,32,1,,"{""2026-06-30"": 99.99999999999999}",0,5.425333601791582,18.9886898712186,2,5b13393ddaf4947122807dc8.json,2026-10-11,源端最新仓位占比,1,"源端占比直接使用；净值滚动未执行：缺少基准日之后净值：016556,020957,005562,006669,021143,023918,013403,018729,003003,000016,008702,004043,014982,005125,006532,023591,007791,013642,008280,022486,007910,100055,003377,019512,009803,006663,013380,675113,161815,008320,000290,010365",99.99999999999999,99.99999999999999,0.0
gfsec_fima__target:zofund:10021,幸福盈家小目标09期丨中欧多元,广发证券（gfsec_fima）,目标盈期次,public,2026-10-11,2026-10-11,最新库内披露仓位,latest_observed_current,,33,1,,"{""2026-06-30"": 99.99999999999994}",0,3.037185686560807,21.348759171544934,4,e75e75ee7a388fae6ca83b69.json,2026-10-11,源端最新仓位占比,1,"源端占比直接使用；净值滚动未执行：缺少基准日之后净值：021376,024362,166016,002747,016482,023918,000217,017145,019924,004433,023591,007015,007818,008280,011584,001557,010770,012738,018291,010160,004195,019578,020512,009803,161120,004744,006663,000833,021458,011609,004877,023350,161815",99.99999999999994,99.99999999999994,0.0
gfsec_fima__target:gffund:10020,幸福盈家小目标10期丨广发基金多元,广发证券（gfsec_fima）,目标盈期次,public,2026-10-11,2026-10-11,最新库内披露仓位,latest_observed_current,,19,1,,"{""2026-06-30"": 100.0}",0,7.340412098740695,15.350151733951769,0,72a20f214ef897afb8b20d95.json,2026-10-11,源端最新仓位占比,1,"源端占比直接使用；净值滚动未执行：缺少基准日之后净值：001204,007667,013642,019125,007176,008987,002183,015935,013449,009532,021151,025192,020089,025645,531021,016277,000206,002217,020636",100.0,100.0,0.0
gfsec_fima__target:zofund:10022,幸福盈家小目标11期丨中欧多元,广发证券（gfsec_fima）,目标盈期次,public,2026-10-11,2026-10-11,最新库内披露仓位,latest_observed_current,,35,1,,"{""2026-06-30"": 100.0}",0,3.7264828003837573,21.909090098089347,4,583e1e09274e4382b813d756.json,2026-10-11,源端最新仓位占比,1,"源端占比直接使用；净值滚动未执行：缺少基准日之后净值：021376,024362,166016,002747,016482,023918,000217,017145,019924,004433,023591,007045,007015,007818,008280,011584,001557,010770,016186,012738,018291,010160,004195,019578,020512,009803,161120,004744,006663,000833,021458,011609,004877,023350,161815",100.0,100.0,0.0
gfsec_fima__target:hxfund:10023,幸福盈家小目标12期丨华夏多元,广发证券（gfsec_fima）,目标盈期次,public,2026-10-11,2026-10-11,最新库内披露仓位,latest_observed_current,,28,1,,"{""2026-06-30"": 100.0}",0,3.254565071542573,20.436022550316775,1,f9e106a687ab1d7ab42b0d8e.json,2026-10-11,源端最新仓位占比,1,"源端占比直接使用；净值滚动未执行：缺少基准日之后净值：005562,006669,021143,000041,023918,018729,003003,000016,008702,004043,040023,005125,005160,023591,007791,013642,007910,100055,003377,019512,009803,006663,013380,675113,161815,016702,008320,000290",100.0,100.0,0.0
gfsec_fima__target:gffund:10024,幸福盈家小目标13期丨广发基金多元,广发证券（gfsec_fima）,目标盈期次,public,2026-10-11,2026-10-11,最新库内披露仓位,latest_observed_current,,19,1,,"{""2026-06-30"": 100.0}",0,7.340412098740695,15.350151733951769,0,f401b07ce96744beccb1f16e.json,2026-10-11,源端最新仓位占比,1,"源端占比直接使用；净值滚动未执行：缺少基准日之后净值：001204,007667,013642,019125,007176,008987,002183,015935,013449,009532,021151,025192,020089,025645,531021,016277,000206,002217,020636",100.0,100.0,0.0
gfsec_fima__target:zofund:10025,幸福盈家小目标14期丨中欧多元,广发证券（gfsec_fima）,目标盈期次,public,2026-10-11,2026-10-11,最新库内披露仓位,latest_observed_current,,34,1,,"{""2026-06-30"": 100.00000000000001}",0,3.5591564533656084,19.552978056029758,4,7ace38981343be4a14f26e29.json,2026-10-11,源端最新仓位占比,1,"源端占比直接使用；净值滚动未执行：缺少基准日之后净值：015503,021376,024362,166016,002747,016482,005698,023918,023591,017645,007045,007818,008280,007911,011584,001557,016186,012738,018291,010160,009034,019578,020512,009803,161120,018230,004744,006663,000833,021458,011609,004877,023350,161815",100.00000000000001,100.00000000000001,0.0
gfsec_fima__target:hxfund:10026,幸福盈家小目标15期丨华夏多元,广发证券（gfsec_fima）,目标盈期次,public,2026-10-11,2026-10-11,最新库内披露仓位,latest_observed_current,,28,1,,"{""2026-06-30"": 99.99999999999997}",0,3.6633237989846226,19.59151430320791,1,42742676da1c7ab34f225b28.json,2026-10-11,源端最新仓位占比,1,"源端占比直接使用；净值滚动未执行：缺少基准日之后净值：016556,008173,005562,006669,021143,000041,023918,003003,000016,008702,004043,040023,005125,023591,007791,013642,007910,100055,003377,019512,009803,006663,013380,675113,161815,016702,008320,000290",99.99999999999997,99.99999999999997,0.0
gfsec_fima__target:gffund:10027,幸福盈家小目标16期丨广发基金多元,广发证券（gfsec_fima）,目标盈期次,public,2026-10-11,2026-10-11,最新库内披露仓位,latest_observed_current,,19,1,,"{""2026-06-30"": 100.0}",0,7.340412098740695,15.350151733951769,0,b51c6c6572f43912cbaa648b.json,2026-10-11,源端最新仓位占比,1,"源端占比直接使用；净值滚动未执行：缺少基准日之后净值：001204,007667,013642,019125,007176,008987,002183,015935,013449,009532,021151,025192,020089,025645,531021,016277,000206,002217,020636",100.0,100.0,0.0
gfsec_fima__target:hxfund:10028,幸福盈家小目标17期丨华夏多元,广发证券（gfsec_fima）,目标盈期次,public,2026-10-11,2026-10-11,最新库内披露仓位,latest_observed_current,,29,1,,"{""2026-06-30"": 99.99999999999997}",0,4.62458668223426,19.746706470950677,1,99684e6894f6099ec10211e6.json,2026-10-11,源端最新仓位占比,1,"源端占比直接使用；净值滚动未执行：缺少基准日之后净值：016556,008173,006669,021143,005698,000041,003003,000016,008702,004043,040023,023591,007791,013642,019125,022486,007910,003377,019641,019512,009803,025498,006663,013380,675113,161815,008320,000290,010365",99.99999999999997,99.99999999999997,0.0
gfsec_fima__target:gffund:10029,幸福盈家小目标18期丨广发基金多元,广发证券（gfsec_fima）,目标盈期次,public,2026-10-11,2026-10-11,最新库内披露仓位,latest_observed_current,,19,1,,"{""2026-06-30"": 100.0}",0,7.340412098740695,15.350151733951769,0,e254e5149301f9386324f429.json,2026-10-11,源端最新仓位占比,1,"源端占比直接使用；净值滚动未执行：缺少基准日之后净值：001204,007667,013642,019125,007176,008987,002183,015935,013449,009532,021151,025192,020089,025645,531021,016277,000206,002217,020636",100.0,100.0,0.0
gfsec_fima__target:zofund:10030,幸福盈家小目标19期丨中欧多元,广发证券（gfsec_fima）,目标盈期次,public,2026-10-11,2026-10-11,最新库内披露仓位,latest_observed_current,,25,1,,"{""2026-06-30"": 99.99999999999997}",0,5.312550059752725,20.24566722660012,1,b6afb68b258eab07db29facb.json,2026-10-11,源端最新仓位占比,1,"源端占比直接使用；净值滚动未执行：缺少基准日之后净值：015503,021376,166016,002747,016482,002207,023918,023591,007045,007818,011584,001557,016186,012738,018291,009034,019512,009803,161120,004744,006663,000833,021458,011609,161815",99.99999999999997,99.99999999999997,0.0
gfsec_fima__target:hxfund:10031,幸福盈家小目标20期丨华夏多元,广发证券（gfsec_fima）,目标盈期次,public,2026-10-11,2026-10-11,最新库内披露仓位,latest_observed_current,,30,1,,"{""2026-06-30"": 99.99999999999999}",0,4.683076310019743,19.70394983876168,2,b6831b1edb1aca62a5de0baf.json,2026-10-11,源端最新仓位占比,1,"源端占比直接使用；净值滚动未执行：缺少基准日之后净值：016556,020957,008173,006669,021143,005698,000041,003003,000016,008702,004043,040023,023591,007791,013642,019125,022486,007910,003377,019641,019512,009803,025498,006663,013380,675113,161815,008320,000290,010365",99.99999999999999,99.99999999999999,0.0
gfsec_fima__target:gffund:10032,幸福盈家小目标21期丨广发基金多元,广发证券（gfsec_fima）,目标盈期次,public,2026-10-11,2026-10-11,最新库内披露仓位,latest_observed_current,,19,1,,"{""2026-06-30"": 100.0}",0,7.340412098740695,15.350151733951769,0,577181dc42ebc6249481f962.json,2026-10-11,源端最新仓位占比,1,"源端占比直接使用；净值滚动未执行：缺少基准日之后净值：001204,007667,013642,019125,007176,008987,002183,015935,013449,009532,021151,025192,020089,025645,531021,016277,000206,002217,020636",100.0,100.0,0.0
gfsec_fima__target:zofund:10033,幸福盈家小目标22期丨中欧多元,广发证券（gfsec_fima）,目标盈期次,public,2026-10-11,2026-10-11,最新库内披露仓位,latest_observed_current,,25,1,,"{""2026-06-30"": 100.00000000000001}",0,4.049139549132185,20.352822732432326,1,e4acb92a0c99fe73def25203.json,2026-10-11,源端最新仓位占比,1,"源端占比直接使用；净值滚动未执行：缺少基准日之后净值：015503,015454,021376,166016,002747,016482,023918,012538,023591,002611,007045,007818,011584,016186,012738,018291,019512,009803,161120,004744,006663,000833,021458,011609,161815",100.00000000000001,100.00000000000001,0.0
gfsec_fima__target:hxfund:10034,幸福盈家小目标23期丨华夏多元,广发证券（gfsec_fima）,目标盈期次,public,2026-10-11,2026-10-11,最新库内披露仓位,latest_observed_current,,30,1,,"{""2026-06-30"": 100.0}",0,4.586542418988824,19.70576837465382,2,172de61f9add6db1143c6297.json,2026-10-11,源端最新仓位占比,1,"源端占比直接使用；净值滚动未执行：缺少基准日之后净值：016556,020957,008173,006669,021143,000041,003003,000016,008702,004043,040023,023591,007791,013642,019125,022486,007910,003377,019641,019512,009803,025498,006663,013380,675113,023350,161815,008320,000290,010365",100.0,100.0,0.0
gfsec_fima__target:gffund:10035,幸福盈家小目标24期丨广发基金多元,广发证券（gfsec_fima）,目标盈期次,public,2026-10-11,2026-10-11,最新库内披露仓位,latest_observed_current,,19,1,,"{""2026-06-30"": 100.0}",0,7.340412098740695,15.350151733951769,0,98f631451cb776494ffd7a36.json,2026-10-11,源端最新仓位占比,1,"源端占比直接使用；净值滚动未执行：缺少基准日之后净值：001204,007667,013642,019125,007176,008987,002183,015935,013449,009532,021151,025192,020089,025645,531021,016277,000206,002217,020636",100.0,100.0,0.0
gfsec_fima__target:zofund:10036,幸福盈家小目标25期丨中欧多元,广发证券（gfsec_fima）,目标盈期次,public,2026-10-11,2026-10-11,最新库内披露仓位,latest_observed_current,,25,1,,"{""2026-06-30"": 100.0}",0,4.6446143679045,20.39951524569578,1,aac48be909b61213117def89.json,2026-10-11,源端最新仓位占比,1,"源端占比直接使用；净值滚动未执行：缺少基准日之后净值：015503,015454,021376,166016,002747,016482,023918,011068,019924,023591,007818,008280,011584,016186,012738,018291,009034,019512,009803,161120,004744,006663,000833,021458,011609",100.0,100.0,0.0
gfsec_fima__target:gffund:10038,幸福盈家小目标27期丨广发基金多元,广发证券（gfsec_fima）,目标盈期次,public,2026-10-11,2026-10-11,最新库内披露仓位,latest_observed_current,,19,1,,"{""2026-06-30"": 100.0}",0,7.340412098740695,15.350151733951769,0,f7b4bd59c96aece82afada11.json,2026-10-11,源端最新仓位占比,1,"源端占比直接使用；净值滚动未执行：缺少基准日之后净值：001204,007667,013642,019125,007176,008987,002183,015935,013449,009532,021151,025192,020089,025645,531021,016277,000206,002217,020636",100.0,100.0,0.0
gfsec_fima__target:gffund:10041,幸福盈家小目标30期丨广发基金多元,广发证券（gfsec_fima）,目标盈期次,public,2026-10-11,2026-10-11,最新库内披露仓位,latest_observed_current,,19,1,,"{""2026-06-30"": 100.0}",0,7.340412098740695,15.350151733951769,0,d876f92606adcbd8daabd4b9.json,2026-10-11,源端最新仓位占比,1,"源端占比直接使用；净值滚动未执行：缺少基准日之后净值：001204,007667,013642,019125,007176,008987,002183,015935,013449,009532,021151,025192,020089,025645,531021,016277,000206,002217,020636",100.0,100.0,0.0
gfsec_fima__regular:gffund:GFHQB,广发基金活钱宝,广发证券（gfsec_fima）,正常运行,public,2026-10-11,2026-10-11,最新库内披露仓位,latest_observed_current,,9,1,,"{""2026-06-30"": 100.00000000000001}",0,0.0,16.345112508042323,0,805e5fd00b49606b69c7fd3a.json,2026-10-11,源端最新仓位占比,1,"源端占比直接使用；净值滚动未执行：缺少基准日之后净值：000379,015021,012470,018090,005107,005092",100.00000000000001,100.00000000000001,0.0
gfsec_fima__regular:efund:EFBGGF,易方达平衡增长,广发证券（gfsec_fima）,正常运行,public,2026-10-11,2026-10-11,最新库内披露仓位,latest_observed_current,,16,1,,"{""2026-06-30"": 100.00000000000001}",0,33.16089719247973,10.765626069999607,0,050ccfa0db1672da1cc4d5ab.json,2026-10-11,源端最新仓位占比,1,"源端占比直接使用；净值滚动未执行：缺少基准日之后净值：000216,020009,004605,000739,270049,008792,011823,110018,000009,001184,110025,010350,008409,000386,008618,007969",100.00000000000001,100.00000000000001,0.0
gfsec_fima__regular:efund:EFAIGF,易方达激进投资,广发证券（gfsec_fima）,正常运行,public,2026-10-11,2026-10-11,最新库内披露仓位,latest_observed_current,,18,1,,"{""2026-06-30"": 99.99999999999999}",0,73.74363423243571,0.8110258205100906,0,bc90c6d179e63b3e321ab6b8.json,2026-10-11,源端最新仓位占比,1,"源端占比直接使用；净值滚动未执行：缺少基准日之后净值：000217,003175,020009,010827,004605,005847,010625,000739,005598,011823,010388,000009,010392,010390,110029,008920,673010,320016",99.99999999999999,99.99999999999999,0.0
gfsec_fima__regular:efund:EFFIPGF,易方达稳健理财,广发证券（gfsec_fima）,正常运行,public,2026-10-11,2026-10-11,最新库内披露仓位,latest_observed_current,,20,1,,"{""2026-06-30"": 99.99999999999999}",0,6.193507962850484,14.269262355685772,0,0f2241cefb9cc3424d864993.json,2026-10-11,源端最新仓位占比,1,"源端占比直接使用；净值滚动未执行：缺少基准日之后净值：003949,040041,202108,020009,004605,010409,100068,000037,270048,007029,002969,002910,000009,110008,009049,008409,000386,006852,006884,675163",99.99999999999999,99.99999999999999,0.0
gfsec_fima__regular:efund:EFMMEGF,易方达货币增强,广发证券（gfsec_fima）,正常运行,public,2026-10-11,2026-10-11,最新库内披露仓位,latest_observed_current,,15,1,,"{""2026-06-30"": 100.00000000000001}",0,0.0,11.993360650664735,0,5be8d56da18a56b57c68c8dd.json,2026-10-11,源端最新仓位占比,1,"源端占比直接使用；净值滚动未执行：缺少基准日之后净值：006948,003474,007246,006805,000759,006871,006592,008775,000009,004545,007543,009985",100.00000000000001,100.00000000000001,0.0
gfsec_fima__regular:efund:EFSGGF,易方达进取投资,广发证券（gfsec_fima）,正常运行,public,2026-10-11,2026-10-11,最新库内披露仓位,latest_observed_current,,16,1,,"{""2026-06-30"": 100.00000000000001}",0,36.923844197335654,5.5798391771267655,0,5d09af2f7618f9883764a5e4.json,2026-10-11,源端最新仓位占比,1,"源端占比直接使用；净值滚动未执行：缺少基准日之后净值：005787,000217,006087,202801,020009,010827,012895,010625,005598,270049,011823,010388,000009,010350,000386,675161",100.00000000000001,100.00000000000001,0.0
gfsec_fima__regular:gffund:GFGZPH,股债平衡大师,广发证券（gfsec_fima）,已清盘策略（业绩停更）,public,2026-10-11,2026-10-11,最新库内披露仓位,latest_observed_current,,20,1,,"{""2026-06-30"": 99.99999999999999}",0,24.918829128120798,15.511754275768654,0,78786f7fa35482526b3afa54.json,2026-10-11,源端最新仓位占比,1,"源端占比直接使用；净值滚动未执行：缺少基准日之后净值：004815,002592,006985,000217,007127,022500,008207,002036,003401,013955,012630,002943,002183,012805,000037,020089,015916,675163,004388,000297",99.99999999999999,99.99999999999999,0.0
gfsec_fima__regular:gffund:GFHBJ,货币加,广发证券（gfsec_fima）,正常运行,public,2026-10-11,2026-10-11,最新库内披露仓位,latest_observed_current,,7,1,,"{""2026-06-30"": 100.00000000000001}",0,0.0,12.542312768464276,0,06938ff45b219a968335a496.json,2026-10-11,源端最新仓位占比,1,"源端占比直接使用；净值滚动未执行：缺少基准日之后净值：006875,009311,010048,002183,006592,531028,007543",100.00000000000001,100.00000000000001,0.0
gfsec_fima__regular:gffund:GFCJDT,超级定投家,广发证券（gfsec_fima）,信号类策略,public,2026-10-11,2026-10-11,最新库内披露仓位,latest_observed_current,信号组合，未按真实基金配置穿透,19,0,信号组合，未按真实基金配置穿透,{},0,,,0,5f990f1bc3e0fe40251a3782.json,,缺少可用基金配置,0,缺少完整配置,,,
gfsec_robot__5g.theme,5G,广发证券（gfsec_robot）,,normal,,,最新库内披露仓位,latest_observed_current,缺少当前基金仓位,0,0,缺少当前基金仓位,{},0,,,0,815d5d38e093358a10f733fa.json,,缺少可用基金配置,0,缺少完整配置,,,
gfsec_robot__zostar,中欧全明星,广发证券（gfsec_robot）,,normal,,,最新库内披露仓位,latest_observed_current,缺少当前基金仓位,0,0,缺少当前基金仓位,{},0,,,0,87d5d95fdfffe66de4ed34b9.json,,缺少可用基金配置,0,缺少完整配置,,,
gfsec_robot__theme,主题选基,广发证券（gfsec_robot）,,normal,,,最新库内披露仓位,latest_observed_current,缺少当前基金仓位,0,0,缺少当前基金仓位,{},0,,,0,407fe23681523fb67b8d1c68.json,,缺少可用基金配置,0,缺少完整配置,,,
gfsec_robot__biotech.theme,人类进步,广发证券（gfsec_robot）,,normal,,,最新库内披露仓位,latest_observed_current,缺少当前基金仓位,0,0,缺少当前基金仓位,{},0,,,0,201148f16d65ea26ddbe5ab9.json,,缺少可用基金配置,0,缺少完整配置,,,
gfsec_robot__media.theme,传媒,广发证券（gfsec_robot）,,normal,,,最新库内披露仓位,latest_observed_current,缺少当前基金仓位,0,0,缺少当前基金仓位,{},0,,,0,1587f560ebb0474fd44a83a9.json,,缺少可用基金配置,0,缺少完整配置,,,
gfsec_robot__allocation,全球智投,广发证券（gfsec_robot）,,stopped,,,最新库内披露仓位,latest_observed_current,缺少当前基金仓位,0,0,缺少当前基金仓位,{},0,,,0,937462feaecef88c1c138600.json,,缺少可用基金配置,0,缺少完整配置,,,
gfsec_robot__allocation.risk1p12,全球智投,广发证券（gfsec_robot）,,stopped,,,最新库内披露仓位,latest_observed_current,缺少当前基金仓位,0,0,缺少当前基金仓位,{},0,,,0,2f322fa28b7086424fb38d7d.json,,缺少可用基金配置,0,缺少完整配置,,,
gfsec_robot__allocation.risk1p36,全球智投,广发证券（gfsec_robot）,,stopped,,,最新库内披露仓位,latest_observed_current,缺少当前基金仓位,0,0,缺少当前基金仓位,{},0,,,0,eddf55c3e0de57ee50cd611d.json,,缺少可用基金配置,0,缺少完整配置,,,
gfsec_robot__allocation.risk1p6,全球智投,广发证券（gfsec_robot）,,stopped,,,最新库内披露仓位,latest_observed_current,缺少当前基金仓位,0,0,缺少当前基金仓位,{},0,,,0,e264e0f91340a5207faaab34.json,,缺少可用基金配置,0,缺少完整配置,,,
gfsec_robot__allocation.risk2p12,全球智投,广发证券（gfsec_robot）,,stopped,,,最新库内披露仓位,latest_observed_current,缺少当前基金仓位,0,0,缺少当前基金仓位,{},0,,,0,fa3ade88487633168118f329.json,,缺少可用基金配置,0,缺少完整配置,,,
gfsec_robot__allocation.risk2p36,全球智投,广发证券（gfsec_robot）,,stopped,,,最新库内披露仓位,latest_observed_current,缺少当前基金仓位,0,0,缺少当前基金仓位,{},0,,,0,eed6971d23c623ed67a292f7.json,,缺少可用基金配置,0,缺少完整配置,,,
gfsec_robot__allocation.risk2p6,全球智投,广发证券（gfsec_robot）,,stopped,,,最新库内披露仓位,latest_observed_current,缺少当前基金仓位,0,0,缺少当前基金仓位,{},0,,,0,846bd2e540e612a214871e90.json,,缺少可用基金配置,0,缺少完整配置,,,
gfsec_robot__allocation.risk3p36,全球智投,广发证券（gfsec_robot）,,stopped,,,最新库内披露仓位,latest_observed_current,缺少当前基金仓位,0,0,缺少当前基金仓位,{},0,,,0,3e4a86f54ba2f919b9a8385a.json,,缺少可用基金配置,0,缺少完整配置,,,
gfsec_robot__allocation.risk3p6,全球智投,广发证券（gfsec_robot）,,stopped,,,最新库内披露仓位,latest_observed_current,缺少当前基金仓位,0,0,缺少当前基金仓位,{},0,,,0,fe98d05403005ebc5d21cc11.json,,缺少可用基金配置,0,缺少完整配置,,,
gfsec_robot__allocation.risk4p12,全球智投,广发证券（gfsec_robot）,,stopped,,,最新库内披露仓位,latest_observed_current,缺少当前基金仓位,0,0,缺少当前基金仓位,{},0,,,0,15e1e8bd674e08ab8541c70b.json,,缺少可用基金配置,0,缺少完整配置,,,
gfsec_robot__allocation.risk4p36,全球智投,广发证券（gfsec_robot）,,stopped,,,最新库内披露仓位,latest_observed_current,缺少当前基金仓位,0,0,缺少当前基金仓位,{},0,,,0,45d206343ba6537555472820.json,,缺少可用基金配置,0,缺少完整配置,,,
gfsec_robot__allocation.risk4p6,全球智投,广发证券（gfsec_robot）,,stopped,,,最新库内披露仓位,latest_observed_current,缺少当前基金仓位,0,0,缺少当前基金仓位,{},0,,,0,411d2bfc6140a40b13525ca5.json,,缺少可用基金配置,0,缺少完整配置,,,
gfsec_robot__allocation.risk5p12,全球智投,广发证券（gfsec_robot）,,stopped,,,最新库内披露仓位,latest_observed_current,缺少当前基金仓位,0,0,缺少当前基金仓位,{},0,,,0,00e2dd1d76b34da4cc7fcd94.json,,缺少可用基金配置,0,缺少完整配置,,,
gfsec_robot__allocation.risk5p36,全球智投,广发证券（gfsec_robot）,,stopped,,,最新库内披露仓位,latest_observed_current,缺少当前基金仓位,0,0,缺少当前基金仓位,{},0,,,0,525365c3c507b70c9eb0956d.json,,缺少可用基金配置,0,缺少完整配置,,,
gfsec_robot__allocation.risk5p6,全球智投,广发证券（gfsec_robot）,,stopped,,,最新库内披露仓位,latest_observed_current,缺少当前基金仓位,0,0,缺少当前基金仓位,{},0,,,0,4e37236b6d582e144ea874c6.json,,缺少可用基金配置,0,缺少完整配置,,,
gfsec_robot__allocation.risk3p12,全球猎手,广发证券（gfsec_robot）,,normal,,,最新库内披露仓位,latest_observed_current,缺少当前基金仓位,0,0,缺少当前基金仓位,{},0,,,0,fc106538f32bbcfb3f907c44.json,,缺少可用基金配置,0,缺少完整配置,,,
gfsec_robot__agriculture.theme,农业,广发证券（gfsec_robot）,,normal,,,最新库内披露仓位,latest_observed_current,缺少当前基金仓位,0,0,缺少当前基金仓位,{},0,,,0,f66dab018abd8d7bb94f5392.json,,缺少可用基金配置,0,缺少完整配置,,,
gfsec_robot__chemistry.theme,化工,广发证券（gfsec_robot）,,normal,,,最新库内披露仓位,latest_observed_current,缺少当前基金仓位,0,0,缺少当前基金仓位,{},0,,,0,3dade771d4bb8229c274222e.json,,缺少可用基金配置,0,缺少完整配置,,,
gfsec_robot__semiconductor.theme,半导体,广发证券（gfsec_robot）,,normal,,,最新库内披露仓位,latest_observed_current,缺少当前基金仓位,0,0,缺少当前基金仓位,{},0,,,0,23fbbafda18d92ae8586bf06.json,,缺少可用基金配置,0,缺少完整配置,,,
gfsec_robot__jsfund,嘉实带飞,广发证券（gfsec_robot）,,normal,,,最新库内披露仓位,latest_observed_current,缺少当前基金仓位,0,0,缺少当前基金仓位,{},0,,,0,331ccb797391ed1af239e7f4.json,,缺少可用基金配置,0,缺少完整配置,,,
gfsec_robot__military.theme,国防军工,广发证券（gfsec_robot）,,normal,,,最新库内披露仓位,latest_observed_current,缺少当前基金仓位,0,0,缺少当前基金仓位,{},0,,,0,eb739741fef16e3927a85e26.json,,缺少可用基金配置,0,缺少完整配置,,,
gfsec_robot__construction.theme,基建,广发证券（gfsec_robot）,,normal,,,最新库内披露仓位,latest_observed_current,缺少当前基金仓位,0,0,缺少当前基金仓位,{},0,,,0,8a70fafea6782562c52f05e5.json,,缺少可用基金配置,0,缺少完整配置,,,
gfsec_robot__consumption.theme,大消费,广发证券（gfsec_robot）,,normal,,,最新库内披露仓位,latest_observed_current,缺少当前基金仓位,0,0,缺少当前基金仓位,{},0,,,0,8e7231f2070a5fef94556c30.json,,缺少可用基金配置,0,缺少完整配置,,,
gfsec_robot__finance.theme,大金融,广发证券（gfsec_robot）,,normal,,,最新库内披露仓位,latest_observed_current,缺少当前基金仓位,0,0,缺少当前基金仓位,{},0,,,0,fab004d6a8321341092cd5e2.json,,缺少可用基金配置,0,缺少完整配置,,,
gfsec_robot__riskparity,天秤均衡,广发证券（gfsec_robot）,,normal,,,最新库内披露仓位,latest_observed_current,缺少当前基金仓位,0,0,缺少当前基金仓位,{},0,,,0,e220780d4d1a3167feb7293f.json,,缺少可用基金配置,0,缺少完整配置,,,
gfsec_robot__moneyfund,小白理财,广发证券（gfsec_robot）,,normal,,,最新库内披露仓位,latest_observed_current,缺少当前基金仓位,0,0,缺少当前基金仓位,{},0,,,0,74e369350110d195d3eab8aa.json,,缺少可用基金配置,0,缺少完整配置,,,
gfsec_robot__bigsmallcap,广发三剑客,广发证券（gfsec_robot）,,stopped,,,最新库内披露仓位,latest_observed_current,缺少当前基金仓位,0,0,缺少当前基金仓位,{},0,,,0,48323ee6d9a390404d13541a.json,,缺少可用基金配置,0,缺少完整配置,,,
gfsec_robot__contmarketing,成长先锋,广发证券（gfsec_robot）,,normal,,,最新库内披露仓位,latest_observed_current,缺少当前基金仓位,0,0,缺少当前基金仓位,{},0,,,0,3a621b83f09a22bf6082cd07.json,,缺少可用基金配置,0,缺少完整配置,,,
gfsec_robot__realestate.theme,房地产,广发证券（gfsec_robot）,,normal,,,最新库内披露仓位,latest_observed_current,缺少当前基金仓位,0,0,缺少当前基金仓位,{},0,,,0,58d6e8f03917c519d1e6928a.json,,缺少可用基金配置,0,缺少完整配置,,,
gfsec_robot__newenergy.theme,新能源产业链,广发证券（gfsec_robot）,,normal,,,最新库内披露仓位,latest_observed_current,缺少当前基金仓位,0,0,缺少当前基金仓位,{},0,,,0,c990ea358fc4fe333da003c2.json,,缺少可用基金配置,0,缺少完整配置,,,
gfsec_robot__fixedincomeplus,日薪月益,广发证券（gfsec_robot）,,normal,,,最新库内披露仓位,latest_observed_current,缺少当前基金仓位,0,0,缺少当前基金仓位,{},0,,,0,1faaf30acb1076b4886d4229.json,,缺少可用基金配置,0,缺少完整配置,,,
gfsec_robot__shortbond,月盈宝,广发证券（gfsec_robot）,,normal,,,最新库内披露仓位,latest_observed_current,缺少当前基金仓位,0,0,缺少当前基金仓位,{},0,,,0,b5538d5826d211876ed80653.json,,缺少可用基金配置,0,缺少完整配置,,,
gfsec_robot__riskparityplus,步步为营,广发证券（gfsec_robot）,,normal,,,最新库内披露仓位,latest_observed_current,缺少当前基金仓位,0,0,缺少当前基金仓位,{},0,,,0,238ebca50f0693fa3cb1c952.json,,缺少可用基金配置,0,缺少完整配置,,,
gfsec_robot__hkselected.theme,港股精选,广发证券（gfsec_robot）,,normal,,,最新库内披露仓位,latest_observed_current,缺少当前基金仓位,0,0,缺少当前基金仓位,{},0,,,0,e0fbb42f5ee72a0676360e27.json,,缺少可用基金配置,0,缺少完整配置,,,
gfsec_robot__t0moneyfund,灵活宝,广发证券（gfsec_robot）,,normal,,,最新库内披露仓位,latest_observed_current,缺少当前基金仓位,0,0,缺少当前基金仓位,{},0,,,0,12357eda3ec55de57b6affad.json,,缺少可用基金配置,0,缺少完整配置,,,
gfsec_robot__carboneven.theme,碳中和,广发证券（gfsec_robot）,,normal,,,最新库内披露仓位,latest_observed_current,缺少当前基金仓位,0,0,缺少当前基金仓位,{},0,,,0,5913a5a6c97910ef053e75be.json,,缺少可用基金配置,0,缺少完整配置,,,
gfsec_robot__technology.theme,科技创新,广发证券（gfsec_robot）,,normal,,,最新库内披露仓位,latest_observed_current,缺少当前基金仓位,0,0,缺少当前基金仓位,{},0,,,0,ca5c6ad72f1854edf3d7f544.json,,缺少可用基金配置,0,缺少完整配置,,,
gfsec_robot__housekeeping.theme,美好生活,广发证券（gfsec_robot）,,normal,,,最新库内披露仓位,latest_observed_current,缺少当前基金仓位,0,0,缺少当前基金仓位,{},0,,,0,304a37fec6cdc53408f60b44.json,,缺少可用基金配置,0,缺少完整配置,,,
gfsec_robot__usselected.theme,美股精选,广发证券（gfsec_robot）,,normal,,,最新库内披露仓位,latest_observed_current,缺少当前基金仓位,0,0,缺少当前基金仓位,{},0,,,0,f4b16c4721aef9e204f06c71.json,,缺少可用基金配置,0,缺少完整配置,,,
gfsec_robot__metal.theme,自然资源,广发证券（gfsec_robot）,,normal,,,最新库内披露仓位,latest_observed_current,缺少当前基金仓位,0,0,缺少当前基金仓位,{},0,,,0,0460764308f29654298b6ddd.json,,缺少可用基金配置,0,缺少完整配置,,,
gfsec_robot__gffund,行业春天,广发证券（gfsec_robot）,,stopped,,,最新库内披露仓位,latest_observed_current,缺少当前基金仓位,0,0,缺少当前基金仓位,{},0,,,0,7e881b8c4e53939630899b8e.json,,缺少可用基金配置,0,缺少完整配置,,,
gfsec_robot__taa,趋势为王,广发证券（gfsec_robot）,,stopped,,,最新库内披露仓位,latest_observed_current,缺少当前基金仓位,0,0,缺少当前基金仓位,{},0,,,0,64762ca841c17f02dfce1c54.json,,缺少可用基金配置,0,缺少完整配置,,,
gfsec_robot__surfing,风格轮动,广发证券（gfsec_robot）,,normal,,,最新库内披露仓位,latest_observed_current,缺少当前基金仓位,0,0,缺少当前基金仓位,{},0,,,0,7400103d61a899513412dfbd.json,,缺少可用基金配置,0,缺少完整配置,,,
gfsec_robot__gold.theme,黄金,广发证券（gfsec_robot）,,normal,,,最新库内披露仓位,latest_observed_current,缺少当前基金仓位,0,0,缺少当前基金仓位,{},0,,,0,b766ade94e8b269ecd98c5d9.json,,缺少可用基金配置,0,缺少完整配置,,,
harvestwm__harvest_f9a26e00973d,神鹿1号组合,嘉实财富,,public_disclosure_only,,,最新库内披露仓位,latest_observed_current,缺少当前基金仓位,0,0,缺少当前基金仓位,{},0,,,0,0ba355a028e275c08d7eab5d.json,,缺少可用基金配置,0,缺少完整配置,,,
harvestwm__harvest_d834d517ad95,神鹿1号（9月特惠版）组合,嘉实财富,,public_disclosure_only,,,最新库内披露仓位,latest_observed_current,缺少当前基金仓位,0,0,缺少当前基金仓位,{},0,,,0,d8f79e4e262147f4a3088c46.json,,缺少可用基金配置,0,缺少完整配置,,,
harvestwm__harvest_a5a5c2b7f4ed,行业优选组合,嘉实财富,,public_disclosure_only,,,最新库内披露仓位,latest_observed_current,缺少当前基金仓位,0,0,缺少当前基金仓位,{},0,,,0,9f393feba58f84c6d3a253b5.json,,缺少可用基金配置,0,缺少完整配置,,,
harvestwm__harvest_6e0c6b249e76,辣子基组合,嘉实财富,,public_disclosure_only,,,最新库内披露仓位,latest_observed_current,缺少当前基金仓位,0,0,缺少当前基金仓位,{},0,,,0,995c17dc7a074bd294d33d68.json,,缺少可用基金配置,0,缺少完整配置,,,
howbuy__zozh005,中欧带你投医疗,好买基金,,,2026-10-09,2026-10-09,最新库内披露仓位,latest_observed_current,,10,1,,"{""2026-06-30"": 99.99}",0,79.86434639184863,1.0815826235729904,0,30c6262f11a9a6e4364ea7b1.json,2026-10-09,源端最新仓位占比,1,,99.99,99.99,0.0
howbuy__zozh004,中欧带你投硬科技,好买基金,,,2026-10-09,2026-10-09,最新库内披露仓位,latest_observed_current,,10,1,,"{""2026-06-30"": 99.99000000000001}",0,59.28207473736253,0.3555255277961737,0,e977101700ee5afa06d8e2fc.json,2026-10-09,源端最新仓位占比,1,,99.99000000000001,99.99000000000001,0.0
howbuy__zozh003,中欧稳健悦享,好买基金,,,2026-10-09,2026-10-09,最新库内披露仓位,latest_observed_current,,30,1,,"{""2026-06-30"": 100.00000000000001}",0,11.539380524869909,15.891055974579228,0,8a4d1e190e3b41af47eef604.json,2026-10-09,源端最新仓位占比,1,,100.00000000000001,100.00000000000001,0.0
howbuy__zozh006,中欧稳钱宝,好买基金,,,2026-09-30,2026-09-30,最新库内披露仓位,latest_observed_current,,8,1,,"{""2026-06-30"": 99.99999999999999}",0,0.0,11.000067241186638,0,829d2dadb6e9b56b3c57b7b3.json,2026-10-09,净值漂移推算,1,,99.99999999999999,99.99999999999999,0.0
howbuy__hbzh025,五气朝元,好买基金,,,2026-09-30,2026-09-30,最新库内披露仓位,latest_observed_current,,10,1,,"{""2026-06-30"": 100.00000000000001}",0,65.53312595134464,0.18212423630900873,0,223fe7dfefba7e21f919a621.json,2026-10-09,净值漂移推算,1,,100.00000000000001,100.00000000000001,0.0
howbuy__jyzh001,交银全明星,好买基金,,,2026-09-30,2026-09-30,最新库内披露仓位,latest_observed_current,,13,1,,"{""2026-06-30"": 100.0}",0,68.04327207177947,2.7249506199351363,0,5a851156acea0686e0091a87.json,2026-10-09,净值漂移推算,1,,100.0,100.0,0.0
howbuy__GJ009,全球配置宝<平衡型>,好买基金,,,2026-10-09,2026-10-09,最新库内披露仓位,latest_observed_current,,21,1,,"{""2026-06-30"": 100.00000000000001}",0,21.648465688917085,7.630469776100681,1,8155144e9179f77029796efc.json,2026-10-09,源端最新仓位占比,1,"源端占比直接使用；净值滚动未执行：缺少基准日之后净值：016453,000103,096001,019518,164824,019450",100.00000000000001,100.00000000000001,0.0
howbuy__GJ003,全球配置宝<稳健型>,好买基金,,,2026-10-09,2026-10-09,最新库内披露仓位,latest_observed_current,,17,1,,"{""2026-06-30"": 100.00000000000001}",0,0.24881988919779519,11.785394276311155,1,5d00e4cddc5811d9c118601b.json,2026-10-09,源端最新仓位占比,1,"源端占比直接使用；净值滚动未执行：缺少基准日之后净值：016453,006075,019518,164824,019450",100.00000000000001,100.00000000000001,0.0
howbuy__GJ018,全球配置宝<进取型>,好买基金,,,2026-10-09,2026-10-09,最新库内披露仓位,latest_observed_current,,22,1,,"{""2026-06-30"": 100.0}",0,37.98001837120982,4.304549896375026,1,7e60ca0e94c112f9e959a6c1.json,2026-10-09,源端最新仓位占比,1,"源端占比直接使用；净值滚动未执行：缺少基准日之后净值：016453,000103,096001,019518,164824,019450",100.0,100.0,0.0
howbuy__xqtg001,兴证全球低波动小幸福,好买基金,,,2026-09-30,2026-09-30,最新库内披露仓位,latest_observed_current,,19,1,,"{""2026-06-30"": 100.00000000000001}",0,9.028127330891536,26.35359460483498,0,34b60c0a688fa6ac2607bab6.json,2026-10-09,净值漂移推算,1,,100.00000000000001,100.00000000000001,0.0
howbuy__xqtg002,兴证全球进取派优选,好买基金,,,2026-09-30,2026-09-30,最新库内披露仓位,latest_observed_current,,17,1,,"{""2026-06-30"": 100.0}",0,68.49496564174224,1.5781014894963905,0,ebadac64da1f0999e00fcf93.json,2026-10-09,净值漂移推算,1,,100.0,100.0,0.0
howbuy__hbzh023,华宝五花肉,好买基金,,,2026-09-30,2026-09-30,最新库内披露仓位,latest_observed_current,,14,1,,"{""2026-06-30"": 100.00000000000001}",0,21.1548154939804,9.3014018977039,0,8e9ad739ee8800549375bcb0.json,2026-10-08,净值漂移推算,1,,100.00000000000001,100.00000000000001,0.0
howbuy__bszh002,博时乐添多收益,好买基金,,,2026-10-09,2026-10-09,最新库内披露仓位,latest_observed_current,,12,1,,"{""2026-06-30"": 100.0}",0,18.864366697041834,16.797868658819485,0,cb5a1c45ba783111d5aedff9.json,2026-10-09,源端最新仓位占比,1,源端占比直接使用；净值滚动未执行：缺少基准日之后净值：006075,100.0,100.0,0.0
howbuy__bszh003,博时乐添平衡低波,好买基金,,,2026-10-09,2026-10-09,最新库内披露仓位,latest_observed_current,,22,1,,"{""2026-06-30"": 100.00000000000001}",0,23.361101030323553,16.694215561866958,0,65fa21c39351bc09af4e6974.json,2026-10-09,源端最新仓位占比,1,,100.00000000000001,100.00000000000001,0.0
howbuy__bszh001,博时固收加组合,好买基金,,,2026-10-09,2026-10-09,最新库内披露仓位,latest_observed_current,,17,1,,"{""2026-06-30"": 100.00000000000001}",0,20.717538044504845,14.813481379454327,0,e4bb7569ce0d14e1ff641c60.json,2026-10-09,源端最新仓位占比,1,"源端占比直接使用；净值滚动未执行：缺少基准日之后净值：050025,270042",100.00000000000001,100.00000000000001,0.0
howbuy__fgtg001,双子星股债均衡,好买基金,,,2026-10-09,2026-10-09,最新库内披露仓位,latest_observed_current,,11,1,,"{""2026-06-30"": 100.0}",0,40.186617348870016,12.45856673809773,0,46b6594c79102c18a237fff5.json,2026-10-09,源端最新仓位占比,1,,100.0,100.0,0.0
howbuy__snzh004,司南双月宝组合,好买基金,,,2026-09-30,2026-09-30,最新库内披露仓位,latest_observed_current,,21,1,,"{""2026-06-30"": 100.0}",0,1.8139751284850671,15.329281237288148,0,1365ec1ac3e33a3164f9fac8.json,2026-10-09,净值漂移推算,1,,100.0,100.0,0.0
howbuy__snzh001,司南多因子成长组合,好买基金,,,2026-10-09,2026-10-09,最新库内披露仓位,latest_observed_current,,14,1,,"{""2026-06-30"": 100.0}",0,25.04052726242141,1.9711429240635954,0,4b72b9718ba4813ac6711f1e.json,2026-10-09,源端最新仓位占比,1,,100.0,100.0,0.0
howbuy__snzh003,司南绝对收益组合,好买基金,,,2026-10-09,2026-10-09,最新库内披露仓位,latest_observed_current,,16,1,,"{""2026-06-30"": 99.99999999999999}",0,10.202388417338238,17.917334914453715,0,c6cf0efe727bda7434ee42a9.json,2026-10-09,源端最新仓位占比,1,,99.99999999999999,99.99999999999999,0.0
howbuy__snzh002,司南股债平衡组合,好买基金,,,2026-10-09,2026-10-09,最新库内披露仓位,latest_observed_current,,20,1,,"{""2026-06-30"": 100.0}",0,39.16888729004589,8.111845106953492,0,200690974ff68231dace28ad.json,2026-10-09,源端最新仓位占比,1,,100.0,100.0,0.0
howbuy__fgtg003,启明星理财升级,好买基金,,,2026-10-09,2026-10-09,最新库内披露仓位,latest_observed_current,,21,1,,"{""2026-06-30"": 99.99999999999996}",0,11.462536701804666,16.057412725631288,0,8d1ceb972fb2213f10f305db.json,2026-10-09,源端最新仓位占比,1,,99.99999999999996,99.99999999999996,0.0
howbuy__jszh002,嘉实财富固收plus组合,好买基金,,,2026-10-09,2026-10-09,最新库内披露仓位,latest_observed_current,,12,1,,"{""2026-06-30"": 99.99000000000001}",0,9.7204697685223,28.026115852632458,0,3eb13c6a84a9e463cfab0f72.json,2026-10-09,源端最新仓位占比,1,,99.99000000000001,99.99000000000001,0.0
howbuy__jszh003,嘉实财富欧气满满组合,好买基金,,,2026-05-19,2026-05-19,最新库内披露仓位,latest_observed_current,,19,1,,"{""2026-06-30"": 100.00000000000001}",0,65.18633161485737,1.159029423348864,0,62682a66b44fd86035181891.json,2026-10-09,净值漂移推算,1,,100.00000000000001,100.00000000000001,0.0
howbuy__jszh001,嘉实财富百灵多元配置组合,好买基金,,,2026-10-09,2026-10-09,最新库内披露仓位,latest_observed_current,,12,1,,"{""2026-06-30"": 100.00999999999998}",0,5.616211491944233,13.977993366750725,0,d839318d193c7017fab2a1ce.json,2026-10-09,源端最新仓位占比,1,,100.00999999999998,100.00999999999998,0.0
howbuy__jszh004,嘉实财富神鹿1号组合,好买基金,,,2026-10-09,2026-10-09,最新库内披露仓位,latest_observed_current,,12,1,,"{""2026-06-30"": 99.99999999999999}",0,62.553540050045946,0.40927962846121835,0,6248e397d81db692b5b28e4b.json,2026-10-09,源端最新仓位占比,1,,99.99999999999999,99.99999999999999,0.0
howbuy__ghflzh003,国富大理想权益精选组合,好买基金,,,2026-10-09,2026-10-09,最新库内披露仓位,latest_observed_current,,17,1,,"{""2026-06-30"": 99.98}",0,54.31580870547434,2.448226575040286,1,04460739005a73eb766cd6fd.json,2026-10-09,源端最新仓位占比,1,源端占比直接使用；净值滚动未执行：缺少基准日之后净值：006373,99.98,99.98,0.0
howbuy__ghflzh004,国富小争先股债平衡组合,好买基金,,,2026-10-09,2026-10-09,最新库内披露仓位,latest_observed_current,,19,1,,"{""2026-06-30"": 100.01000000000002}",0,33.17724515230858,10.657303121365402,1,387c24545313eb3cf5fa7094.json,2026-10-09,源端最新仓位占比,1,源端占比直接使用；净值滚动未执行：缺少基准日之后净值：006373,100.01000000000002,100.01000000000002,0.0
howbuy__ghflzh002,国富小美好固收增强组合,好买基金,,,2026-10-09,2026-10-09,最新库内披露仓位,latest_observed_current,,20,1,,"{""2026-06-30"": 99.99}",0,9.128725823928113,17.484386815403685,1,10782a47d168ab3a6930e005.json,2026-10-09,源端最新仓位占比,1,源端占比直接使用；净值滚动未执行：缺少基准日之后净值：006373,99.99,99.99,0.0
howbuy__ghflzh001,国富小鑫运货币增强组合,好买基金,,,2026-10-09,2026-10-09,最新库内披露仓位,latest_observed_current,,14,1,,"{""2026-06-30"": 99.98999999999998}",0,0.0,16.664328439827706,0,d0eafe08d753e091d9078dae.json,2026-10-09,源端最新仓位占比,1,,99.98999999999998,99.98999999999998,0.0
howbuy__ghflzh006,国富川流不息固收增强组合,好买基金,,,2026-10-09,2026-10-09,最新库内披露仓位,latest_observed_current,,21,1,,"{""2026-06-30"": 100.01}",0,12.25736132233011,17.026636106771814,1,57bb0b08f5e9dc00e9eea156.json,2026-10-09,源端最新仓位占比,1,源端占比直接使用；净值滚动未执行：缺少基准日之后净值：006373,100.01,100.01,0.0
howbuy__ghflzh005,国富细水长流固收增强组合,好买基金,,,2026-10-09,2026-10-09,最新库内披露仓位,latest_observed_current,,14,1,,"{""2026-06-30"": 99.99}",0,3.9854654466671064,15.244642830627313,0,c4c6347978c9501b4d216fc3.json,2026-10-09,源端最新仓位占比,1,,99.99,99.99,0.0
howbuy__fgtg004,守护星稳健理财,好买基金,,,2026-10-09,2026-10-09,最新库内披露仓位,latest_observed_current,,18,1,,"{""2026-06-30"": 100.02000000000001}",0,6.570836952477413,17.943147018927657,0,fd6fd5e1e5052e99a3286e7e.json,2026-10-09,源端最新仓位占比,1,,100.02000000000001,100.02000000000001,0.0
howbuy__glzh002,安鑫固收+,好买基金,,,2026-10-09,2026-10-09,最新库内披露仓位,latest_observed_current,,11,1,,"{""2026-06-30"": 100.00000000000001}",0,4.629037909745541,13.824220043075625,0,863c628b12070cba24c55174.json,2026-10-09,源端最新仓位占比,1,,100.00000000000001,100.00000000000001,0.0
howbuy__glzh004,安鑫激进90,好买基金,,,2026-10-09,2026-10-09,最新库内披露仓位,latest_observed_current,,15,1,,"{""2026-06-30"": 99.98999999999998}",0,59.56673298051326,1.1326885325929248,0,cdc86fa9dff9d8b338db6890.json,2026-10-09,源端最新仓位占比,1,,99.98999999999998,99.98999999999998,0.0
howbuy__glzh003,安鑫积极70,好买基金,,,2026-10-09,2026-10-09,最新库内披露仓位,latest_observed_current,,13,1,,"{""2026-06-30"": 100.0}",0,44.07709600047704,4.621311056413135,0,6977f0c638d6cca1a96595f5.json,2026-10-09,源端最新仓位占比,1,,100.0,100.0,0.0
howbuy__hbzh045,小金豆,好买基金,,,2026-10-09,2026-10-09,最新库内披露仓位,latest_observed_current,,11,1,,"{""2026-06-30"": 100.0}",0,0.0,16.24309116136622,0,3c654bace83a7090ece0ba73.json,2026-10-09,源端最新仓位占比,1,,100.0,100.0,0.0
howbuy__gytg002,工银瑞信价值稳健策略,好买基金,,,2026-09-30,2026-09-30,最新库内披露仓位,latest_observed_current,,14,1,,"{""2026-06-30"": 99.99999999999999}",0,3.831070013445285,22.637610641827397,0,3c6681a45f33e4191fabfa40.json,2026-10-09,净值漂移推算,1,,99.99999999999999,99.99999999999999,0.0
howbuy__gytg003,工银瑞信固收增强策略,好买基金,,,2026-09-30,2026-09-30,最新库内披露仓位,latest_observed_current,,14,1,,"{""2026-06-30"": 99.99999999999999}",0,6.385563026930473,21.49953602536205,0,e727dbcbda40a24f14ff5f68.json,2026-10-09,净值漂移推算,1,,99.99999999999999,99.99999999999999,0.0
howbuy__gytg004,工银瑞信均衡配置策略,好买基金,,,2026-09-30,2026-09-30,最新库内披露仓位,latest_observed_current,,15,1,,"{""2026-06-30"": 100.0}",0,14.935536048282096,12.178748879359944,0,142b212ea6c3d25c6732d7a0.json,2026-10-09,净值漂移推算,1,,100.0,100.0,0.0
howbuy__gytg006,工银瑞信指数PLUS策略,好买基金,,,2026-09-30,2026-09-30,最新库内披露仓位,latest_observed_current,,18,1,,"{""2026-06-30"": 99.99999999999997}",0,55.28925680908885,1.7663019617548608,0,d830da9a139711650df17dc9.json,2026-10-09,净值漂移推算,1,,99.99999999999997,99.99999999999997,0.0
howbuy__gytg005,工银瑞信积极进取策略,好买基金,,,2026-09-30,2026-09-30,最新库内披露仓位,latest_observed_current,,17,1,,"{""2026-06-30"": 100.00000000000001}",0,36.25306440566256,2.5212391925487623,2,c03a3b721adc4bc743fa6c9f.json,2026-10-08,净值漂移推算,1,,100.00000000000001,100.00000000000001,0.0
howbuy__gytg001,工银瑞信货债通策略,好买基金,,,2026-09-30,2026-09-30,最新库内披露仓位,latest_observed_current,,38,1,,"{""2026-06-30"": 100.00000000000003}",0,0.0,15.081260712437226,0,d07687d78ec790147e062513.json,2026-10-09,净值漂移推算,1,,100.00000000000003,100.00000000000003,0.0
howbuy__jytg002,我要稳稳的幸福,好买基金,,,2026-09-30,2026-09-30,最新库内披露仓位,latest_observed_current,,24,1,,"{""2026-06-30"": 100.0}",0,6.260299814722898,15.662027030151252,0,130351f2e92f984958323bf2.json,2026-10-08,净值漂移推算,1,,100.0,100.0,0.0
howbuy__zszh007,招商502固收+,好买基金,,,2026-10-09,2026-10-09,最新库内披露仓位,latest_observed_current,,18,1,,"{""2026-06-30"": 99.99999999999997}",0,9.770263393921669,14.474430739815855,0,4eff196147b5195805dc7515.json,2026-10-09,源端最新仓位占比,1,,99.99999999999997,99.99999999999997,0.0
howbuy__zszh008,招商502壹号时代增长,好买基金,,,2026-10-09,2026-10-09,最新库内披露仓位,latest_observed_current,,23,1,,"{""2026-06-30"": 99.99999999999999}",0,40.17268062519955,4.504412429231997,0,184ee00bc93ec600780c5160.json,2026-10-09,源端最新仓位占比,1,,99.99999999999999,99.99999999999999,0.0
howbuy__zszh003,招商固收+星秀,好买基金,,,2026-09-30,2026-09-30,最新库内披露仓位,latest_observed_current,,14,1,,"{""2026-06-30"": 100.00000000000001}",0,13.310871070440138,17.568819827432087,0,0e557526429b87f8a8cefc8f.json,2026-10-09,净值漂移推算,1,,100.00000000000001,100.00000000000001,0.0
howbuy__zszh002,招商月月佳薪,好买基金,,,2026-09-30,2026-09-30,最新库内披露仓位,latest_observed_current,,12,1,,"{""2026-06-30"": 100.00000000000001}",0,3.5043286345447324,14.7311354264515,0,e9ed0fbc23c197d13ded7ab6.json,2026-10-09,净值漂移推算,1,,100.00000000000001,100.00000000000001,0.0
howbuy__zszh005,招商湧流传,好买基金,,,2026-09-30,2026-09-30,最新库内披露仓位,latest_observed_current,,14,1,,"{""2026-06-30"": 100.00000000000001}",0,13.310871070440138,17.568819827432087,0,c5deadbdef8f04dea7d08b2e.json,2026-10-09,净值漂移推算,1,,100.00000000000001,100.00000000000001,0.0
howbuy__zszh004,招商行业掘金,好买基金,,,2026-09-30,2026-09-30,最新库内披露仓位,latest_observed_current,,10,1,,"{""2026-06-30"": 99.99999999999999}",0,43.9540719267293,1.4437591192918964,0,d0ffbb041adcd2463d89c21c.json,2026-10-09,净值漂移推算,1,,99.99999999999999,99.99999999999999,0.0
howbuy__yfdtg004,易方达平衡增长,好买基金,,,2026-09-30,2026-09-30,最新库内披露仓位,latest_observed_current,,25,1,,"{""2026-06-30"": 100.0}",0,21.282371707543586,10.886313947624215,0,0bb2d708cd82263d17fc9b14.json,2026-10-09,净值漂移推算,1,,100.0,100.0,0.0
howbuy__yfdtg002,易方达激进投资,好买基金,,,2026-09-30,2026-09-30,最新库内披露仓位,latest_observed_current,,21,1,,"{""2026-06-30"": 100.0}",0,64.74005217967753,0.7599990379157793,0,b128d04181502ed89a8307e2.json,2026-10-09,净值漂移推算,1,,100.0,100.0,0.0
howbuy__yfdtg005,易方达稳健理财,好买基金,,,2026-09-30,2026-09-30,最新库内披露仓位,latest_observed_current,,23,1,,"{""2026-06-30"": 100.00000000000001}",0,9.102144551182004,13.946089042856176,0,d3484e061e966f8c9b361612.json,2026-10-09,净值漂移推算,1,,100.00000000000001,100.00000000000001,0.0
howbuy__yfdtg001,易方达货币增强,好买基金,,,2026-09-30,2026-09-30,最新库内披露仓位,latest_observed_current,,20,1,,"{""2026-06-30"": 100.00000000000001}",0,0.0,13.338906528465754,0,9f9eb536415a60a12244b10e.json,2026-10-09,净值漂移推算,1,,100.00000000000001,100.00000000000001,0.0
howbuy__yfdtg003,易方达进取投资,好买基金,,,2026-09-30,2026-09-30,最新库内披露仓位,latest_observed_current,,23,1,,"{""2026-06-30"": 99.99999999999999}",0,39.70093524900293,7.112960697097097,0,dcfb4a45898f49a840d42edf.json,2026-10-09,净值漂移推算,1,,99.99999999999999,99.99999999999999,0.0
howbuy__jscczh001,景顺长城攻守全明星,好买基金,,,2026-10-09,2026-10-09,最新库内披露仓位,latest_observed_current,,23,1,,"{""2026-06-30"": 100.01}",0,37.802319069896946,11.927845932041262,0,f5556eff69275ab1a921c3e8.json,2026-10-09,源端最新仓位占比,1,,100.01,100.01,0.0
howbuy__jscchd001,景顺长城港股宝,好买基金,,,2026-10-09,2026-10-09,最新库内披露仓位,latest_observed_current,,8,1,,"{""2026-06-30"": 99.99000000000001}",0,52.27939098738727,0.4058695582313018,0,c2f7bef15824b1d769f4e375.json,2026-10-09,源端最新仓位占比,1,,99.99000000000001,99.99000000000001,0.0
howbuy__jscczh002,景顺长城犇犇全明星,好买基金,,,2026-10-09,2026-10-09,最新库内披露仓位,latest_observed_current,,18,1,,"{""2026-06-30"": 100.00000000000001}",0,47.98588929057751,3.3496270339790324,0,9eff17b1f865c8c6cd284a78.json,2026-10-09,源端最新仓位占比,1,,100.00000000000001,100.00000000000001,0.0
howbuy__htfzh002,汇添富权益严选,好买基金,,,2026-09-30,2026-09-30,最新库内披露仓位,latest_observed_current,,17,1,,"{""2026-06-30"": 99.99999999999999}",0,77.28669557057621,1.626981152171435,0,2cbd46ebb0b73f0f4c35c56f.json,2026-10-09,净值漂移推算,1,,99.99999999999999,99.99999999999999,0.0
howbuy__hwyj,海外赢,好买基金,,,2026-10-09,2026-10-09,最新库内披露仓位,latest_observed_current,,11,1,,"{""2026-06-30"": 99.99000000000001}",0,18.21522709280121,0.24414057308702555,2,9a52c8d52fe7a32831e08ac2.json,2026-10-09,源端最新仓位占比,1,"源端占比直接使用；净值滚动未执行：缺少基准日之后净值：014978,017437,006075,006105,164824,012752,017641,019450",99.99000000000001,99.99000000000001,0.0
howbuy__glzh007,港股精选,好买基金,,,2026-10-09,2026-10-09,最新库内披露仓位,latest_observed_current,,11,1,,"{""2026-06-30"": 100.0}",0,23.82323076803664,0.23805826677473554,0,3669c9cba2e72a8190f94c7a.json,2026-10-09,源端最新仓位占比,1,源端占比直接使用；净值滚动未执行：缺少基准日之后净值：006327,100.0,100.0,0.0
howbuy__fgtg002,满天星追求收益,好买基金,,,2026-10-09,2026-10-09,最新库内披露仓位,latest_observed_current,,13,1,,"{""2026-06-30"": 99.99999999999999}",0,73.4445305908989,2.827663094037117,0,ac13d30ac7ef497e5e29b6ee.json,2026-10-09,源端最新仓位占比,1,,99.99999999999999,99.99999999999999,0.0
howbuy__tzzhbsx,牛基宝<保守型>,好买基金,,,2026-10-09,2026-10-09,最新库内披露仓位,latest_observed_current,,14,1,,"{""2026-06-30"": 100.00000000000001}",0,9.20510431702863,11.87954149117367,0,4b77077d01b133af855c62a4.json,2026-10-09,源端最新仓位占比,1,,100.00000000000001,100.00000000000001,0.0
howbuy__tzzhqzx,牛基宝<全债型>,好买基金,,,2026-10-09,2026-10-09,最新库内披露仓位,latest_observed_current,,11,1,,"{""2026-06-30"": 99.99999999999999}",0,0.0,14.932050876820194,0,cb5915a2d6ab6abcbf075dcf.json,2026-10-09,源端最新仓位占比,1,,99.99999999999999,99.99999999999999,0.0
howbuy__tzzhqgx,牛基宝<全股型>,好买基金,,,2026-10-09,2026-10-09,最新库内披露仓位,latest_observed_current,,17,1,,"{""2026-06-30"": 100.0}",0,77.30548855333691,0.9999963221669492,0,a45035022cbf16648ad6a728.json,2026-10-09,源端最新仓位占比,1,,100.0,100.0,0.0
howbuy__tzzhphx,牛基宝<平衡型>,好买基金,,,2026-10-09,2026-10-09,最新库内披露仓位,latest_observed_current,,20,1,,"{""2026-06-30"": 100.0}",0,35.17009256611858,7.651118868526874,0,7606b82fbebc785426604701.json,2026-10-09,源端最新仓位占比,1,,100.0,100.0,0.0
howbuy__tzzhczx,牛基宝<成长型>,好买基金,,,2026-10-09,2026-10-09,最新库内披露仓位,latest_observed_current,,18,1,,"{""2026-06-30"": 100.00000000000003}",0,51.645116097124294,4.703471043463163,0,e588697ab3673345017f3e28.json,2026-10-09,源端最新仓位占比,1,,100.00000000000003,100.00000000000003,0.0
howbuy__tzzhwjx,牛基宝<稳健型>,好买基金,,,2026-10-09,2026-10-09,最新库内披露仓位,latest_observed_current,,15,1,,"{""2026-06-30"": 99.99999999999997}",0,18.85286018411681,11.71630975763214,0,7c30b6cdfc0b78e71230109c.json,2026-10-09,源端最新仓位占比,1,,99.99999999999997,99.99999999999997,0.0
howbuy__tzzhjjx,牛基宝<进取型>,好买基金,,,2026-10-09,2026-10-09,最新库内披露仓位,latest_observed_current,,16,1,,"{""2026-06-30"": 100.0}",0,72.36857219060748,1.9210613304384265,0,7a1aba5c82390355f751c257.json,2026-10-09,源端最新仓位占比,1,,100.0,100.0,0.0
howbuy__swzh006,申万菱信“基”星高照-稳健固收,好买基金,,,2026-10-09,2026-10-09,最新库内披露仓位,latest_observed_current,,8,1,,"{""2026-06-30"": 100.0}",0,3.9205237421922003,14.281074284935189,0,97b81fe8ecb2eea7319b3d5b.json,2026-10-09,源端最新仓位占比,1,,100.0,100.0,0.0
howbuy__swzh007,申万菱信“基”星高照-精选权益,好买基金,,,2026-10-09,2026-10-09,最新库内披露仓位,latest_observed_current,,10,1,,"{""2026-06-30"": 100.02000000000001}",0,59.70084353802052,1.8435356634746582,0,cdeb609a901c970f443fccb1.json,2026-10-09,源端最新仓位占比,1,,100.02000000000001,100.02000000000001,0.0
howbuy__swzh002,申万菱信幸福理财+,好买基金,,,2026-10-09,2026-10-09,最新库内披露仓位,latest_observed_current,,16,1,,"{""2026-06-30"": 100.01}",0,13.843489128170235,12.55697991588461,0,69cb764e37e32ad9e50e08ee.json,2026-10-09,源端最新仓位占比,1,源端占比直接使用；净值滚动未执行：缺少基准日之后净值：012954,100.01,100.01,0.0
howbuy__swzh001,申万菱信美好生活,好买基金,,,2026-10-09,2026-10-09,最新库内披露仓位,latest_observed_current,,14,1,,"{""2026-06-30"": 99.98}",0,46.969967500674336,1.7815128873877708,0,08132db7182398b55228f1eb.json,2026-10-09,源端最新仓位占比,1,,99.98,99.98,0.0
howbuy__swzh004,申辉权益精选,好买基金,,,2026-10-09,2026-10-09,最新库内披露仓位,latest_observed_current,,13,1,,"{""2026-06-30"": 100.00000000000003}",0,64.5127047042012,1.4428890716324636,1,d94d47fd27cbbd4dcd052e37.json,2026-10-09,源端最新仓位占比,1,源端占比直接使用；净值滚动未执行：缺少基准日之后净值：016701,100.00000000000003,100.00000000000003,0.0
howbuy__swzh003,申辉稳幸福,好买基金,,,2026-10-09,2026-10-09,最新库内披露仓位,latest_observed_current,,13,1,,"{""2026-06-30"": 100.00000000000001}",0,5.076118298922184,21.180511166376274,0,a0d2ee5229743ebf270b1b99.json,2026-10-09,源端最新仓位占比,1,,100.00000000000001,100.00000000000001,0.0
howbuy__swzh005,申辉精选中短债,好买基金,,,2026-10-09,2026-10-09,最新库内披露仓位,latest_observed_current,,13,1,,"{""2026-06-30"": 100.00999999999999}",0,0.0,14.66887131851068,0,23c9f9aaf89b29260321ff13.json,2026-10-09,源端最新仓位占比,1,,100.00999999999999,100.00999999999999,0.0
howbuy__glzh008,睿精选,好买基金,,,2026-10-09,2026-10-09,最新库内披露仓位,latest_observed_current,,24,1,,"{""2026-06-30"": 100.0}",0,61.65044119373302,1.4886586979077785,0,0fa946004e37daaed0bc816a.json,2026-10-09,源端最新仓位占比,1,,100.0,100.0,0.0
howbuy__htfzh001,稳健严选,好买基金,,,2026-09-30,2026-09-30,最新库内披露仓位,latest_observed_current,,13,1,,"{""2026-06-30"": 100.0}",0,18.458800483423673,12.59455385872824,0,c633f8820ae8a602b56437b9.json,2026-10-09,净值漂移推算,1,,100.0,100.0,0.0
howbuy__hbzh027,行稳致远,好买基金,,,2026-09-30,2026-09-30,最新库内披露仓位,latest_observed_current,,14,1,,"{""2026-06-30"": 100.0}",0,1.2061488471579356,1.4179997211728244,3,02bfb7f314a3432c0cdbc014.json,2026-10-08,净值漂移推算,1,,100.0,100.0,0.0
howbuy__hxtg001,财鹿全球精选,好买基金,,,2026-10-09,2026-10-09,最新库内披露仓位,latest_observed_current,,22,1,,"{""2026-06-30"": 100.00000000000001}",0,14.782210611358863,16.16742420757918,1,06917c0d66ed8f0056b68bf7.json,2026-10-09,源端最新仓位占比,1,"源端占比直接使用；净值滚动未执行：缺少基准日之后净值：002401,160216,008401,008763,006105,016280,270042,019512,019450,001668,004419",100.00000000000001,100.00000000000001,0.0
howbuy__gftg001,超级理财加,好买基金,,,2026-10-09,2026-10-09,最新库内披露仓位,latest_observed_current,,23,1,,"{""2026-06-30"": 100.0}",0,5.8616113256150015,15.252021812372211,0,21b4051ea36a06571358e7de.json,2026-10-09,源端最新仓位占比,1,"源端占比直接使用；净值滚动未执行：缺少基准日之后净值：002401,019480",100.0,100.0,0.0
howbuy__zozh002,超级股票全明星,好买基金,,,2026-10-09,2026-10-09,最新库内披露仓位,latest_observed_current,,21,1,,"{""2026-06-30"": 99.99000000000001}",0,69.52531798371298,1.098013732647709,0,2304b342baac10ea15d08118.json,2026-10-09,源端最新仓位占比,1,,99.99000000000001,99.99000000000001,0.0
howbuy__yhtg003,银华天玑-均衡天秤座,好买基金,,,2026-10-09,2026-10-09,最新库内披露仓位,latest_observed_current,,17,1,,"{""2026-06-30"": 100.00000000000001}",0,23.370581376918107,8.382544108799856,0,1f4bf99005e00c0500e28c05.json,2026-10-09,源端最新仓位占比,1,,100.00000000000001,100.00000000000001,0.0
howbuy__yhtg004,银华天玑-奔跑狮子座,好买基金,,,2026-10-09,2026-10-09,最新库内披露仓位,latest_observed_current,,12,1,,"{""2026-06-30"": 100.01000000000002}",0,41.478677791933535,1.0429572827701004,0,454493787930c88dcfa88b01.json,2026-10-09,源端最新仓位占比,1,,100.01000000000002,100.01000000000002,0.0
howbuy__yhtg005,银华天玑-年年红,好买基金,,,2026-10-09,2026-10-09,最新库内披露仓位,latest_observed_current,,22,1,,"{""2026-06-30"": 99.99000000000001}",0,14.614825768052922,30.388884338622564,0,539df3d598ed252f6f1789e5.json,2026-10-09,源端最新仓位占比,1,,99.99000000000001,99.99000000000001,0.0
howbuy__yhtg006,银华天玑-悄悄盈,好买基金,,,2026-10-09,2026-10-09,最新库内披露仓位,latest_observed_current,,21,1,,"{""2026-06-30"": 100.00999999999999}",0,38.25914671858445,2.56043610164327,3,653ca4629cff2e8d0b2de1d2.json,2026-10-09,源端最新仓位占比,1,"源端占比直接使用；净值滚动未执行：缺少基准日之后净值：011583,012062,007455",100.00999999999999,100.00999999999999,0.0
howbuy__yhtg002,银华天玑-暖暖巨蟹座,好买基金,,,2026-10-09,2026-10-09,最新库内披露仓位,latest_observed_current,,15,1,,"{""2026-06-30"": 99.99}",0,9.763094335914937,14.540524218853077,0,f37e3dde679fdccf3f6f49ea.json,2026-10-09,源端最新仓位占比,1,,99.99,99.99,0.0
howbuy__yhtg001,银华天玑-月月添利,好买基金,,,2026-10-09,2026-10-09,最新库内披露仓位,latest_observed_current,,12,1,,"{""2026-06-30"": 100.02}",0,0.0,15.7796009512816,0,2b8c733e8531947218640a3a.json,2026-10-09,源端最新仓位占比,1,,100.02,100.02,0.0
howbuy__glzh006,高端制造,好买基金,,,2026-10-09,2026-10-09,最新库内披露仓位,latest_observed_current,,11,1,,"{""2026-06-30"": 100.0}",0,71.726657422174,0.24479766957130802,0,fe65c14bfc1d05c28a54449e.json,2026-10-09,源端最新仓位占比,1,,100.0,100.0,0.0
huaxia_tougu__SF1019,60后智享财富组合,华夏财富,,开放申购 开放赎回,2026-08-11,2026-08-11,最新库内披露仓位,latest_observed_current,,27,1,,"{""2026-06-30"": 100.00000000000001}",0,13.840957114524032,12.07153202751354,2,b81bb84a9633f781f12039fb.json,2026-10-08,净值漂移推算,1,,100.00000000000001,100.00000000000001,0.0
huaxia_tougu__SF1020,70后智赢人生组合,华夏财富,,开放申购 开放赎回,2025-12-28,2025-12-28,最新库内披露仓位,latest_observed_current,,27,1,,"{""2026-06-30"": 99.99999999999999}",0,45.79094504548279,3.329815604639521,0,1faf503e361aa182e13d4b51.json,2026-10-08,净值漂移推算,1,,99.99999999999999,99.99999999999999,0.0
huaxia_tougu__SF1021,80后智领未来组合,华夏财富,,开放申购 开放赎回,2025-12-28,2025-12-28,最新库内披露仓位,latest_observed_current,,23,1,,"{""2026-06-30"": 99.99999999999999}",0,60.42965704222047,3.1434334079932635,1,6e6def0e0c7bcaf4a0febd9e.json,2026-10-08,净值漂移推算,1,,99.99999999999999,99.99999999999999,0.0
huaxia_tougu__SF1013,90后智享自由组合,华夏财富,,开放申购 开放赎回,2025-05-07,2025-05-07,最新库内披露仓位,latest_observed_current,,15,1,,"{""2026-06-30"": 100.00000000000001}",0,61.55897755894565,5.310358653361332,0,1a3d7c77f170cac53024d1f5.json,2026-10-09,净值漂移推算,1,,100.00000000000001,100.00000000000001,0.0
huaxia_tougu__SF1067,价值精选组合,华夏财富,,开放申购 开放赎回,2026-07-09,2026-07-09,最新库内披露仓位,latest_observed_current,,30,1,,"{""2026-06-30"": 100.00000000000003}",0,39.3201547743093,1.011093358655801,0,e2dc184f0d402a575ea2aa76.json,2026-10-09,净值漂移推算,1,,100.00000000000003,100.00000000000003,0.0
huaxia_tougu__SF1015,固收增强组合,华夏财富,,开放申购 开放赎回,2026-06-28,2026-06-28,最新库内披露仓位,latest_observed_current,,31,1,,"{""2026-06-30"": 97.0532397683653}",0,16.48886003696548,15.872992128724682,0,9f778a03efc435339eb5165b.json,2026-10-08,净值漂移推算,1,,97.0532397683653,97.0532397683653,2.946760231634717
huaxia_tougu__SF1017,国内培优教育金组合,华夏财富,,开放申购 开放赎回,2026-08-04,2026-08-04,最新库内披露仓位,latest_observed_current,,15,1,,"{""2026-06-30"": 99.99999999999999}",0,18.194640223183363,15.08779532322032,0,8c64c4b24e5be776de1474fb.json,2026-10-09,净值漂移推算,1,,99.99999999999999,99.99999999999999,0.0
huaxia_tougu__SF1060,安心宝,华夏财富,,开放申购 开放赎回,2026-01-06,2026-01-06,最新库内披露仓位,latest_observed_current,,21,1,,"{""2026-06-30"": 100.00000000000001}",0,1.1970025567290028,21.188402109038595,0,b531d737f1bd71008397ad56.json,2026-10-08,净值漂移推算,1,,100.00000000000001,100.00000000000001,0.0
huaxia_tougu__SF10LD,小常乐目标盈058期（多元版）,华夏财富,,,2026-02-11,2026-02-11,最新库内披露仓位,latest_observed_current,,23,1,,"{""2026-06-30"": 100.00000000000001}",0,4.0134835867369665,13.338022014738966,0,1d38cd9cff5cbc1e4ab25113.json,2026-10-08,净值漂移推算,1,,100.00000000000001,100.00000000000001,0.0
huaxia_tougu__SF10LE,小常乐目标盈059期（全球版）,华夏财富,,,2026-03-18,2026-03-18,最新库内披露仓位,latest_observed_current,,27,1,,"{""2026-06-30"": 100.0}",0,5.135677765163777,15.703101328365719,2,35305d5e21396fcc9e9544b2.json,2026-10-08,净值漂移推算,1,,100.0,100.0,0.0
huaxia_tougu__SF10LF,小常乐目标盈060期（多元版）,华夏财富,,,2026-04-22,2026-04-22,最新库内披露仓位,latest_observed_current,,27,1,,"{""2026-06-30"": 100.00000000000001}",0,2.9240323131840467,13.808383583831175,3,1dd8782a47ba5234f2819a66.json,2026-10-08,净值漂移推算,1,,100.00000000000001,100.00000000000001,0.0
huaxia_tougu__SF10LG,小常乐目标盈061期（全球版）,华夏财富,,,2026-07-20,2026-07-20,最新库内披露仓位,latest_observed_current,,28,1,,"{""2026-06-30"": 99.99999999999996}",0,6.977213608069581,16.70878116494543,1,00ba22a310e1c45d5db314f4.json,2026-10-08,净值漂移推算,1,,99.99999999999996,99.99999999999996,0.0
huaxia_tougu__SF10LH,小常乐目标盈062期,华夏财富,,,2026-08-06,2026-08-06,最新库内披露仓位,latest_observed_current,,14,1,,"{""2026-06-30"": 100.0}",0,7.008916394337266,13.369947228222232,0,3ef6916a07196bc135957896.json,2026-10-09,净值漂移推算,1,,100.0,100.0,0.0
huaxia_tougu__SF10LI,小常乐目标盈063期,华夏财富,,,2026-08-19,2026-08-19,最新库内披露仓位,latest_observed_current,,14,1,,"{""2026-06-30"": 100.00000000000001}",0,6.906375259408117,13.32233497246642,0,fb6f83d12136ec9154eb472b.json,2026-10-09,净值漂移推算,1,,100.00000000000001,100.00000000000001,0.0
huaxia_tougu__SF10LJ,小常乐目标盈064期,华夏财富,,,2026-09-23,2026-09-23,最新库内披露仓位,latest_observed_current,,30,1,,"{""2026-06-30"": 100.00000000000003}",0,4.557009972090903,12.449603160268776,3,b6706759bfb9634e8c1a9b4d.json,2026-10-08,净值漂移推算,1,,100.00000000000003,100.00000000000003,0.0
huaxia_tougu__SF1036,工资宝绝对收益组合,华夏财富,,开放申购 开放赎回,2026-07-05,2026-07-05,最新库内披露仓位,latest_observed_current,,26,1,,"{""2026-06-30"": 100.0}",0,9.423560991474705,18.09245888154927,0,62d513df408cf5d0300512e4.json,2026-10-08,净值漂移推算,1,,100.0,100.0,0.0
huaxia_tougu__SF1018,常青藤教育金组合,华夏财富,,开放申购 开放赎回,2026-08-04,2026-08-04,最新库内披露仓位,latest_observed_current,,15,1,,"{""2026-06-30"": 99.99999999999999}",0,18.194640223183363,15.08779532322032,0,46ee9211f337f52bf3c66513.json,2026-10-09,净值漂移推算,1,,99.99999999999999,99.99999999999999,0.0
huaxia_tougu__SF1039,指数增强组合,华夏财富,,开放申购 开放赎回,2026-01-15,2026-01-15,最新库内披露仓位,latest_observed_current,,11,1,,"{""2026-06-30"": 100.0}",0,65.32862027618411,2.3781085408900378,0,077fb41ef38d95304f747955.json,2026-10-09,净值漂移推算,1,,100.0,100.0,0.0
huaxia_tougu__SF1014,指数轮动组合,华夏财富,,开放申购 开放赎回,2025-12-10,2025-12-10,最新库内披露仓位,latest_observed_current,,12,1,,"{""2026-06-30"": 100.0}",0,7.120896644363491,2.048305898479543,0,bb2f2ef60fdb90193ba74b1d.json,2026-10-09,净值漂移推算,1,,100.0,100.0,0.0
huaxia_tougu__SF1016,权益优选组合,华夏财富,,开放申购 开放赎回,2026-05-24,2026-05-24,最新库内披露仓位,latest_observed_current,,23,1,,"{""2026-06-30"": 99.99999999999999}",0,62.2761779931153,1.9586986251858094,0,10d09503cde4daf5759e68b4.json,2026-10-09,净值漂移推算,1,,99.99999999999999,99.99999999999999,0.0
huaxia_tougu__SF1012,货币优享组合,华夏财富,,开放申购 开放赎回,2026-09-06,2026-09-06,最新库内披露仓位,latest_observed_current,,12,1,,"{""2026-06-30"": 100.0}",0,0.0,12.646643730302856,0,91e8a6ec5c9e5c6be2c9c371.json,2026-10-09,净值漂移推算,1,,100.0,100.0,0.0
qieman__ZH088799,6%目标投,且慢/盈米基金,,stargate_keyword_discovered,2026-10-09,2026-10-09,最新库内披露仓位,latest_observed_current,,21,1,,"{""2026-06-30"": 100.0}",0,14.84333950663417,24.672356525238673,0,d38ec02bd8a3eddaf1924e47.json,2026-10-09,源端最新仓位占比,1,,100.0,100.0,0.0
qieman__ZH147789,7分钟理财保守-A,且慢/盈米基金,,stargate_keyword_discovered,2026-10-09,2026-10-09,最新库内披露仓位,latest_observed_current,,10,1,,"{""2026-06-30"": 100.00000000000001}",0,3.9645281167389093,23.173391772924248,0,37ab36e6313012695c3e5e8d.json,2026-10-09,源端最新仓位占比,1,,100.00000000000001,100.00000000000001,0.0
qieman__ZH147970,7分钟理财保守-B,且慢/盈米基金,,stargate_keyword_discovered,2026-10-09,2026-10-09,最新库内披露仓位,latest_observed_current,,11,1,,"{""2026-06-30"": 100.0}",0,3.3825839934483746,22.742043221769972,0,8cc45dbd4a5ee75a3b0f479d.json,2026-10-09,源端最新仓位占比,1,,100.0,100.0,0.0
qieman__ZH147971,7分钟理财保守-C,且慢/盈米基金,,stargate_keyword_discovered,2026-10-09,2026-10-09,最新库内披露仓位,latest_observed_current,,11,1,,"{""2026-06-30"": 100.0}",0,3.3825839934483746,22.742043221769972,0,ed10ef4852ea9c738155988c.json,2026-10-09,源端最新仓位占比,1,,100.0,100.0,0.0
qieman__ZH147972,7分钟理财保守-D,且慢/盈米基金,,stargate_keyword_discovered,2026-10-09,2026-10-09,最新库内披露仓位,latest_observed_current,,11,1,,"{""2026-06-30"": 100.0}",0,3.3825839934483746,22.742043221769972,0,e5d44757c293620faed2f4ff.json,2026-10-09,源端最新仓位占比,1,,100.0,100.0,0.0
qieman__ZH147973,7分钟理财偏稳健1-A,且慢/盈米基金,,stargate_keyword_discovered,2026-10-09,2026-10-09,最新库内披露仓位,latest_observed_current,,18,1,,"{""2026-06-30"": 100.0}",0,8.107732219243294,18.95509795551415,0,5b2154f88150912baee547f3.json,2026-10-09,源端最新仓位占比,1,源端占比直接使用；净值滚动未执行：缺少基准日之后净值：160216,100.0,100.0,0.0
qieman__ZH147974,7分钟理财偏稳健1-B,且慢/盈米基金,,stargate_keyword_discovered,2026-10-09,2026-10-09,最新库内披露仓位,latest_observed_current,,15,1,,"{""2026-06-30"": 100.00000000000001}",0,11.575805484286791,21.151800996922834,0,6c932524fd379532bd8463b6.json,2026-10-09,源端最新仓位占比,1,,100.00000000000001,100.00000000000001,0.0
qieman__ZH147975,7分钟理财偏稳健1-C,且慢/盈米基金,,stargate_keyword_discovered,2026-10-09,2026-10-09,最新库内披露仓位,latest_observed_current,,16,1,,"{""2026-06-30"": 100.00000000000003}",0,11.813618394292414,21.166308164231346,0,94d92689a0d9ee69058702e8.json,2026-10-09,源端最新仓位占比,1,,100.00000000000003,100.00000000000003,0.0
qieman__ZH147988,7分钟理财偏稳健1-D,且慢/盈米基金,,stargate_keyword_discovered,2026-10-09,2026-10-09,最新库内披露仓位,latest_observed_current,,17,1,,"{""2026-06-30"": 100.00000000000001}",0,11.776928491884524,21.161472441795173,0,c6a79ec851d45ccdaf3d1c91.json,2026-10-09,源端最新仓位占比,1,,100.00000000000001,100.00000000000001,0.0
qieman__ZH147790,7分钟理财偏稳健2-A,且慢/盈米基金,,stargate_keyword_discovered,2026-10-09,2026-10-09,最新库内披露仓位,latest_observed_current,,14,1,,"{""2026-06-30"": 100.0}",0,16.442433408545902,18.36338568038564,0,0dc4463168fe1465aefe14c3.json,2026-10-09,源端最新仓位占比,1,,100.0,100.0,0.0
qieman__ZH147989,7分钟理财偏稳健2-B,且慢/盈米基金,,stargate_keyword_discovered,2026-10-09,2026-10-09,最新库内披露仓位,latest_observed_current,,15,1,,"{""2026-06-30"": 100.0}",0,17.18341393161879,17.603364564037552,0,ccec23e7a6436451848938df.json,2026-10-09,源端最新仓位占比,1,,100.0,100.0,0.0
qieman__ZH147990,7分钟理财偏稳健2-C,且慢/盈米基金,,stargate_keyword_discovered,2026-10-09,2026-10-09,最新库内披露仓位,latest_observed_current,,16,1,,"{""2026-06-30"": 100.0}",0,16.81754791622552,17.58104584510138,0,863564539ce60059f97c97c1.json,2026-10-09,源端最新仓位占比,1,,100.0,100.0,0.0
qieman__ZH147992,7分钟理财偏稳健2-D,且慢/盈米基金,,stargate_keyword_discovered,2026-10-09,2026-10-09,最新库内披露仓位,latest_observed_current,,16,1,,"{""2026-06-30"": 100.0}",0,16.851296313804497,17.58104584510138,0,98e252d0066abbf30d698941.json,2026-10-09,源端最新仓位占比,1,,100.0,100.0,0.0
qieman__ZH147156,7分钟理财定投1-A,且慢/盈米基金,,stargate_keyword_discovered,2026-10-09,2026-10-09,最新库内披露仓位,latest_observed_current,,9,1,,"{""2026-06-30"": 100.0}",0,80.4306554925658,0.11433297246862147,0,ddb66df33b3d1fddbf057c52.json,2026-10-09,源端最新仓位占比,1,,100.0,100.0,0.0
qieman__ZH147540,7分钟理财平衡1-A,且慢/盈米基金,,stargate_keyword_discovered,2026-10-09,2026-10-09,最新库内披露仓位,latest_observed_current,,15,1,,"{""2026-06-30"": 99.99999999999999}",0,19.32284011744077,11.768263372108482,0,87e34586a26fb3966439d1cb.json,2026-10-09,源端最新仓位占比,1,,99.99999999999999,99.99999999999999,0.0
qieman__ZH147542,7分钟理财平衡1-B,且慢/盈米基金,,stargate_keyword_discovered,2026-10-09,2026-10-09,最新库内披露仓位,latest_observed_current,,16,1,,"{""2026-06-30"": 99.99999999999999}",0,18.747081937785197,13.252129991787006,0,37f3834c2a632d4c4b96ec9e.json,2026-10-09,源端最新仓位占比,1,,99.99999999999999,99.99999999999999,0.0
qieman__ZH147545,7分钟理财平衡1-C,且慢/盈米基金,,stargate_keyword_discovered,2026-10-09,2026-10-09,最新库内披露仓位,latest_observed_current,,18,1,,"{""2026-06-30"": 99.99999999999997}",0,24.688184449167423,13.775315492389566,0,8c9c135ef3e1ee7e13bb6535.json,2026-10-09,源端最新仓位占比,1,,99.99999999999997,99.99999999999997,0.0
qieman__ZH147546,7分钟理财平衡1-D,且慢/盈米基金,,stargate_keyword_discovered,2026-10-09,2026-10-09,最新库内披露仓位,latest_observed_current,,19,1,,"{""2026-06-30"": 99.99999999999997}",0,21.856175994605593,13.73782121318868,0,40f95f40bd087def822ddd38.json,2026-10-09,源端最新仓位占比,1,,99.99999999999997,99.99999999999997,0.0
qieman__ZH147548,7分钟理财平衡2-A,且慢/盈米基金,,stargate_keyword_discovered,2026-10-09,2026-10-09,最新库内披露仓位,latest_observed_current,,17,1,,"{""2026-06-30"": 100.00000000000004}",0,28.386863018679616,12.496766322342358,0,86e3b012dc0c3b30b0b1e847.json,2026-10-09,源端最新仓位占比,1,源端占比直接使用；净值滚动未执行：缺少基准日之后净值：160216,100.00000000000004,100.00000000000004,0.0
qieman__ZH147549,7分钟理财平衡2-B,且慢/盈米基金,,stargate_keyword_discovered,2026-10-09,2026-10-09,最新库内披露仓位,latest_observed_current,,14,1,,"{""2026-06-30"": 99.99999999999997}",0,37.41733245921362,12.857716718154078,0,13f477d55c9501bd7896851d.json,2026-10-09,源端最新仓位占比,1,,99.99999999999997,99.99999999999997,0.0
qieman__ZH147551,7分钟理财平衡2-C,且慢/盈米基金,,stargate_keyword_discovered,2026-10-09,2026-10-09,最新库内披露仓位,latest_observed_current,,16,1,,"{""2026-06-30"": 99.99999999999997}",0,36.93497029691068,12.911959967214893,0,c477e8134fd0896d315188a2.json,2026-10-09,源端最新仓位占比,1,,99.99999999999997,99.99999999999997,0.0
qieman__ZH147552,7分钟理财平衡2-D,且慢/盈米基金,,stargate_keyword_discovered,2026-10-09,2026-10-09,最新库内披露仓位,latest_observed_current,,17,1,,"{""2026-06-30"": 99.99999999999999}",0,31.622597647844007,12.911590064915076,0,639d794fa8c98efa07169542.json,2026-10-09,源端最新仓位占比,1,,99.99999999999999,99.99999999999999,0.0
qieman__ZH147151,7分钟理财平衡3-A,且慢/盈米基金,,stargate_keyword_discovered,2026-10-09,2026-10-09,最新库内披露仓位,latest_observed_current,,14,1,,"{""2026-06-30"": 100.0}",0,35.45116972739627,10.837224618760477,0,5a9767ab69c565738325e76d.json,2026-10-09,源端最新仓位占比,1,,100.0,100.0,0.0
qieman__ZH147554,7分钟理财平衡3-B,且慢/盈米基金,,stargate_keyword_discovered,2026-10-09,2026-10-09,最新库内披露仓位,latest_observed_current,,15,1,,"{""2026-06-30"": 100.0}",0,35.039570492367396,11.73367462343639,0,0f5da88e241b2468279cc018.json,2026-10-09,源端最新仓位占比,1,,100.0,100.0,0.0
qieman__ZH147557,7分钟理财平衡3-C,且慢/盈米基金,,stargate_keyword_discovered,2026-10-09,2026-10-09,最新库内披露仓位,latest_observed_current,,17,1,,"{""2026-06-30"": 100.00000000000001}",0,34.8675467475246,11.379671691765667,0,30ddb1050f507a519af73701.json,2026-10-09,源端最新仓位占比,1,,100.00000000000001,100.00000000000001,0.0
qieman__ZH147558,7分钟理财平衡3-D,且慢/盈米基金,,stargate_keyword_discovered,2026-10-09,2026-10-09,最新库内披露仓位,latest_observed_current,,18,1,,"{""2026-06-30"": 100.0}",0,35.540114785854904,11.341681916154023,0,75269d97064e5efd3ab9c44a.json,2026-10-09,源端最新仓位占比,1,,100.0,100.0,0.0
qieman__ZH147559,7分钟理财激进1-A,且慢/盈米基金,,stargate_keyword_discovered,2026-10-09,2026-10-09,最新库内披露仓位,latest_observed_current,,16,1,,"{""2026-06-30"": 100.00000000000001}",0,50.891213828663425,4.435676523875203,0,4bfa09d62d67263d23f73c7f.json,2026-10-09,源端最新仓位占比,1,,100.00000000000001,100.00000000000001,0.0
qieman__ZH147561,7分钟理财激进1-B,且慢/盈米基金,,stargate_keyword_discovered,2026-10-09,2026-10-09,最新库内披露仓位,latest_observed_current,,17,1,,"{""2026-06-30"": 100.00000000000001}",0,50.891213828663425,4.339834223946291,0,414f4f1190e06a23c683d990.json,2026-10-09,源端最新仓位占比,1,,100.00000000000001,100.00000000000001,0.0
qieman__ZH147563,7分钟理财激进1-C,且慢/盈米基金,,stargate_keyword_discovered,2026-10-09,2026-10-09,最新库内披露仓位,latest_observed_current,,20,1,,"{""2026-06-30"": 100.0}",0,50.30739801884992,3.953906886323838,0,6e086710ba54c6c995319105.json,2026-10-09,源端最新仓位占比,1,,100.0,100.0,0.0
qieman__ZH147564,7分钟理财激进1-D,且慢/盈米基金,,stargate_keyword_discovered,2026-10-09,2026-10-09,最新库内披露仓位,latest_observed_current,,21,1,,"{""2026-06-30"": 100.0}",0,50.53796156474723,3.913931252657552,0,c9a801b4954843234bed6f17.json,2026-10-09,源端最新仓位占比,1,,100.0,100.0,0.0
qieman__ZH147566,7分钟理财激进2-A,且慢/盈米基金,,stargate_keyword_discovered,2026-10-09,2026-10-09,最新库内披露仓位,latest_observed_current,,17,1,,"{""2026-06-30"": 100.00000000000001}",0,49.62185582520004,4.936869944076343,0,a2fd61ee581fd350c7947791.json,2026-10-09,源端最新仓位占比,1,源端占比直接使用；净值滚动未执行：缺少基准日之后净值：160216,100.00000000000001,100.00000000000001,0.0
qieman__ZH147567,7分钟理财激进2-B,且慢/盈米基金,,stargate_keyword_discovered,2026-10-09,2026-10-09,最新库内披露仓位,latest_observed_current,,15,1,,"{""2026-06-30"": 100.0}",0,44.96910552839438,4.079254500799567,0,d727ddbe976a763384bb976c.json,2026-10-09,源端最新仓位占比,1,,100.0,100.0,0.0
qieman__ZH147568,7分钟理财激进2-C,且慢/盈米基金,,stargate_keyword_discovered,2026-10-09,2026-10-09,最新库内披露仓位,latest_observed_current,,18,1,,"{""2026-06-30"": 100.0}",0,44.59371853799082,3.7721181587364683,0,4fb6a044839f4cff0ca1e15b.json,2026-10-09,源端最新仓位占比,1,,100.0,100.0,0.0
qieman__ZH147569,7分钟理财激进2-D,且慢/盈米基金,,stargate_keyword_discovered,2026-10-09,2026-10-09,最新库内披露仓位,latest_observed_current,,19,1,,"{""2026-06-30"": 100.0}",0,41.8729760835545,3.7332974269914594,0,d990dd19bfd87a723958a1b4.json,2026-10-09,源端最新仓位占比,1,,100.0,100.0,0.0
qieman__ZH147588,7分钟理财激进3-A,且慢/盈米基金,,stargate_keyword_discovered,2026-10-09,2026-10-09,最新库内披露仓位,latest_observed_current,,14,1,,"{""2026-06-30"": 100.00000000000001}",0,55.39487276339026,2.3144885067640053,0,8f7a1a8b6983c36f657bcbc1.json,2026-10-09,源端最新仓位占比,1,,100.00000000000001,100.00000000000001,0.0
qieman__ZH147589,7分钟理财激进3-B,且慢/盈米基金,,stargate_keyword_discovered,2026-10-09,2026-10-09,最新库内披露仓位,latest_observed_current,,15,1,,"{""2026-06-30"": 100.00000000000001}",0,55.0420734190798,3.0670309688842963,0,7c05bd4841802f081e4abe9a.json,2026-10-09,源端最新仓位占比,1,,100.00000000000001,100.00000000000001,0.0
qieman__ZH147590,7分钟理财激进3-C,且慢/盈米基金,,stargate_keyword_discovered,2026-10-09,2026-10-09,最新库内披露仓位,latest_observed_current,,17,1,,"{""2026-06-30"": 100.00000000000001}",0,55.67648662753187,3.190725793042397,0,92929f618f0e082737952738.json,2026-10-09,源端最新仓位占比,1,,100.00000000000001,100.00000000000001,0.0
qieman__ZH147592,7分钟理财激进3-D,且慢/盈米基金,,stargate_keyword_discovered,2026-10-09,2026-10-09,最新库内披露仓位,latest_observed_current,,18,1,,"{""2026-06-30"": 100.00000000000001}",0,56.33519552549026,3.145633278266828,0,9f800a63f39605899be12519.json,2026-10-09,源端最新仓位占比,1,,100.00000000000001,100.00000000000001,0.0
qieman__ZH147153,7分钟理财激进4-A,且慢/盈米基金,,stargate_keyword_discovered,2026-10-09,2026-10-09,最新库内披露仓位,latest_observed_current,,18,1,,"{""2026-06-30"": 100.0}",0,52.14046228279638,2.1233799127229527,0,fbc110336127df518ebeda0d.json,2026-10-09,源端最新仓位占比,1,源端占比直接使用；净值滚动未执行：缺少基准日之后净值：160216,100.0,100.0,0.0
qieman__ZH147596,7分钟理财激进4-B,且慢/盈米基金,,stargate_keyword_discovered,2026-10-09,2026-10-09,最新库内披露仓位,latest_observed_current,,15,1,,"{""2026-06-30"": 99.99999999999997}",0,50.068520838842076,1.4157605102187676,0,9cfd4c05d864c94aadaeb589.json,2026-10-09,源端最新仓位占比,1,,99.99999999999997,99.99999999999997,0.0
qieman__ZH147598,7分钟理财激进4-C,且慢/盈米基金,,stargate_keyword_discovered,2026-10-09,2026-10-09,最新库内披露仓位,latest_observed_current,,18,1,,"{""2026-06-30"": 99.99999999999999}",0,50.85189115787524,1.5287813653134765,0,1abe08087573a16cc1495b0b.json,2026-10-09,源端最新仓位占比,1,,99.99999999999999,99.99999999999999,0.0
qieman__ZH147610,7分钟理财激进4-D,且慢/盈米基金,,stargate_keyword_discovered,2026-10-09,2026-10-09,最新库内披露仓位,latest_observed_current,,18,1,,"{""2026-06-30"": 99.99999999999999}",0,50.85189115787524,1.5287813653134765,0,115d0975de963d682dc202f6.json,2026-10-09,源端最新仓位占比,1,,99.99999999999999,99.99999999999999,0.0
qieman__ZH147611,7分钟理财激进5-A,且慢/盈米基金,,stargate_keyword_discovered,2026-10-09,2026-10-09,最新库内披露仓位,latest_observed_current,,14,1,,"{""2026-06-30"": 100.00000000000004}",0,48.988463915416155,0.6743549260094392,0,96515e20c896ea1bb6da563b.json,2026-10-09,源端最新仓位占比,1,源端占比直接使用；净值滚动未执行：缺少基准日之后净值：160216,100.00000000000004,100.00000000000004,0.0
qieman__ZH147613,7分钟理财激进5-B,且慢/盈米基金,,stargate_keyword_discovered,2026-10-09,2026-10-09,最新库内披露仓位,latest_observed_current,,12,1,,"{""2026-06-30"": 100.0}",0,54.53058597562951,0.39100730820912577,0,c57c971e7da703218f16515f.json,2026-10-09,源端最新仓位占比,1,,100.0,100.0,0.0
qieman__ZH147614,7分钟理财激进5-C,且慢/盈米基金,,stargate_keyword_discovered,2026-10-09,2026-10-09,最新库内披露仓位,latest_observed_current,,14,1,,"{""2026-06-30"": 100.0}",0,56.04356193997103,0.38191978055722287,0,6f8e69291a3b0fc682698a7f.json,2026-10-09,源端最新仓位占比,1,,100.0,100.0,0.0
qieman__ZH147615,7分钟理财激进5-D,且慢/盈米基金,,stargate_keyword_discovered,2026-10-09,2026-10-09,最新库内披露仓位,latest_observed_current,,14,1,,"{""2026-06-30"": 100.0}",0,56.04356193997103,0.38191978055722287,0,180868309254b72f9a868085.json,2026-10-09,源端最新仓位占比,1,,100.0,100.0,0.0
qieman__ZH147298,7分钟理财稳健1-A,且慢/盈米基金,,stargate_keyword_discovered,2026-10-09,2026-10-09,最新库内披露仓位,latest_observed_current,,16,1,,"{""2026-06-30"": 100.0}",0,23.909348304794406,14.116917886622582,0,4de23810c3ca5f987fbe8288.json,2026-10-09,源端最新仓位占比,1,,100.0,100.0,0.0
qieman__ZH147334,7分钟理财稳健1-B,且慢/盈米基金,,stargate_keyword_discovered,2026-10-09,2026-10-09,最新库内披露仓位,latest_observed_current,,17,1,,"{""2026-06-30"": 100.0}",0,23.22427484319922,15.736779680595136,0,d474432bc027b69ba091f4de.json,2026-10-09,源端最新仓位占比,1,,100.0,100.0,0.0
qieman__ZH147536,7分钟理财稳健1-C,且慢/盈米基金,,stargate_keyword_discovered,2026-10-09,2026-10-09,最新库内披露仓位,latest_observed_current,,19,1,,"{""2026-06-30"": 100.00000000000001}",0,19.2443637500688,16.489913854718722,0,d7ac2e297d4ad159494a29d4.json,2026-10-09,源端最新仓位占比,1,,100.00000000000001,100.00000000000001,0.0
qieman__ZH147539,7分钟理财稳健1-D,且慢/盈米基金,,stargate_keyword_discovered,2026-10-09,2026-10-09,最新库内披露仓位,latest_observed_current,,20,1,,"{""2026-06-30"": 100.00000000000003}",0,19.22073987176352,16.489913854718722,0,b4c38c5c1a7082923db245f3.json,2026-10-09,源端最新仓位占比,1,,100.00000000000003,100.00000000000003,0.0
qieman__ZH147333,7分钟理财稳健2-A,且慢/盈米基金,,stargate_keyword_discovered,2026-10-09,2026-10-09,最新库内披露仓位,latest_observed_current,,18,1,,"{""2026-06-30"": 100.0}",0,16.20850219034848,14.840936025047677,0,55540ca9271f0cbcac830b56.json,2026-10-09,源端最新仓位占比,1,源端占比直接使用；净值滚动未执行：缺少基准日之后净值：160216,100.0,100.0,0.0
qieman__ZH147541,7分钟理财稳健2-B,且慢/盈米基金,,stargate_keyword_discovered,2026-10-09,2026-10-09,最新库内披露仓位,latest_observed_current,,15,1,,"{""2026-06-30"": 100.00000000000001}",0,18.318321383344795,13.803501630356822,0,6ab0da8bdeefe0ca2ad0b091.json,2026-10-09,源端最新仓位占比,1,,100.00000000000001,100.00000000000001,0.0
qieman__ZH147544,7分钟理财稳健2-C,且慢/盈米基金,,stargate_keyword_discovered,2026-10-09,2026-10-09,最新库内披露仓位,latest_observed_current,,17,1,,"{""2026-06-30"": 100.00000000000001}",0,21.040162986072843,14.549527103745007,0,5a64f0507e12e0b2db0250be.json,2026-10-09,源端最新仓位占比,1,,100.00000000000001,100.00000000000001,0.0
qieman__ZH147547,7分钟理财稳健2-D,且慢/盈米基金,,stargate_keyword_discovered,2026-10-09,2026-10-09,最新库内披露仓位,latest_observed_current,,18,1,,"{""2026-06-30"": 100.00000000000003}",0,21.068849124014974,14.549527103745007,0,166404a7a1491b0a48aaa848.json,2026-10-09,源端最新仓位占比,1,,100.00000000000003,100.00000000000003,0.0
qieman__ZH147119,7分钟理财稳健3-A,且慢/盈米基金,,stargate_keyword_discovered,2026-10-09,2026-10-09,最新库内披露仓位,latest_observed_current,,17,1,,"{""2026-06-30"": 100.0}",0,23.915790398410987,14.31311019843114,0,e673de08e61729f1d8e47f97.json,2026-10-09,源端最新仓位占比,1,源端占比直接使用；净值滚动未执行：缺少基准日之后净值：160216,100.0,100.0,0.0
qieman__ZH147550,7分钟理财稳健3-B,且慢/盈米基金,,stargate_keyword_discovered,2026-10-09,2026-10-09,最新库内披露仓位,latest_observed_current,,14,1,,"{""2026-06-30"": 100.00000000000001}",0,26.575242073732042,14.366521246489034,0,d670aca0a1abeb071d7e0f75.json,2026-10-09,源端最新仓位占比,1,,100.00000000000001,100.00000000000001,0.0
qieman__ZH147553,7分钟理财稳健3-C,且慢/盈米基金,,stargate_keyword_discovered,2026-10-09,2026-10-09,最新库内披露仓位,latest_observed_current,,16,1,,"{""2026-06-30"": 100.00000000000001}",0,26.36584148059442,14.469805419118307,0,d307d5ca434ee80fad35952d.json,2026-10-09,源端最新仓位占比,1,,100.00000000000001,100.00000000000001,0.0
qieman__ZH147556,7分钟理财稳健3-D,且慢/盈米基金,,stargate_keyword_discovered,2026-10-09,2026-10-09,最新库内披露仓位,latest_observed_current,,17,1,,"{""2026-06-30"": 100.00000000000001}",0,27.88348650881005,14.461474825249717,0,9fb3a31c2fb898261e240c18.json,2026-10-09,源端最新仓位占比,1,,100.00000000000001,100.00000000000001,0.0
qieman__ZH147560,7分钟理财进取1-A,且慢/盈米基金,,stargate_keyword_discovered,2026-10-09,2026-10-09,最新库内披露仓位,latest_observed_current,,16,1,,"{""2026-06-30"": 100.00000000000001}",0,37.95407625643944,8.649068095357004,0,a68ac6b02f65596e9cd5577c.json,2026-10-09,源端最新仓位占比,1,,100.00000000000001,100.00000000000001,0.0
qieman__ZH147562,7分钟理财进取1-B,且慢/盈米基金,,stargate_keyword_discovered,2026-10-09,2026-10-09,最新库内披露仓位,latest_observed_current,,17,1,,"{""2026-06-30"": 100.00000000000001}",0,37.5702374700024,7.957579732221347,0,2c0f5a90130ee38ecbc10b61.json,2026-10-09,源端最新仓位占比,1,,100.00000000000001,100.00000000000001,0.0
qieman__ZH147597,7分钟理财进取1-C,且慢/盈米基金,,stargate_keyword_discovered,2026-10-09,2026-10-09,最新库内披露仓位,latest_observed_current,,19,1,,"{""2026-06-30"": 100.00000000000003}",0,37.520458583573415,8.19335742832542,0,50cb10e712a79140a60bd2fc.json,2026-10-09,源端最新仓位占比,1,,100.00000000000003,100.00000000000003,0.0
qieman__ZH147599,7分钟理财进取1-D,且慢/盈米基金,,stargate_keyword_discovered,2026-10-09,2026-10-09,最新库内披露仓位,latest_observed_current,,20,1,,"{""2026-06-30"": 100.00000000000001}",0,40.594046208707375,7.966533259523486,0,326673e85432e9504a1e0d2e.json,2026-10-09,源端最新仓位占比,1,,100.00000000000001,100.00000000000001,0.0
qieman__ZH147609,7分钟理财进取2-A,且慢/盈米基金,,stargate_keyword_discovered,2026-10-09,2026-10-09,最新库内披露仓位,latest_observed_current,,17,1,,"{""2026-06-30"": 100.0}",0,39.03364536088638,7.5428571660997275,0,089f5850fa917ed68c43081f.json,2026-10-09,源端最新仓位占比,1,源端占比直接使用；净值滚动未执行：缺少基准日之后净值：160216,100.0,100.0,0.0
qieman__ZH147612,7分钟理财进取2-B,且慢/盈米基金,,stargate_keyword_discovered,2026-10-09,2026-10-09,最新库内披露仓位,latest_observed_current,,15,1,,"{""2026-06-30"": 100.00000000000001}",0,38.25538935060578,7.684883870186694,0,91b7fb608aeeb9edf5871324.json,2026-10-09,源端最新仓位占比,1,,100.00000000000001,100.00000000000001,0.0
qieman__ZH147616,7分钟理财进取2-C,且慢/盈米基金,,stargate_keyword_discovered,2026-10-09,2026-10-09,最新库内披露仓位,latest_observed_current,,18,1,,"{""2026-06-30"": 99.99999999999999}",0,38.5274825746289,7.752537258371809,0,80b3c2b8273ddcd11933ebd2.json,2026-10-09,源端最新仓位占比,1,,99.99999999999999,99.99999999999999,0.0
qieman__ZH147618,7分钟理财进取2-D,且慢/盈米基金,,stargate_keyword_discovered,2026-10-09,2026-10-09,最新库内披露仓位,latest_observed_current,,19,1,,"{""2026-06-30"": 100.0}",0,39.26579652631869,7.710447866686967,0,6a8e0308914415bba811a601.json,2026-10-09,源端最新仓位占比,1,,100.0,100.0,0.0
qieman__ZH147152,7分钟理财进取3-A,且慢/盈米基金,,stargate_keyword_discovered,2026-10-09,2026-10-09,最新库内披露仓位,latest_observed_current,,17,1,,"{""2026-06-30"": 100.0}",0,31.387234175312116,5.373855128898647,0,6f429ec5653ae52fc2b3805c.json,2026-10-09,源端最新仓位占比,1,源端占比直接使用；净值滚动未执行：缺少基准日之后净值：160216,100.0,100.0,0.0
qieman__ZH147619,7分钟理财进取3-B,且慢/盈米基金,,stargate_keyword_discovered,2026-10-09,2026-10-09,最新库内披露仓位,latest_observed_current,,15,1,,"{""2026-06-30"": 100.0}",0,40.79149233164874,6.3640887718994446,0,1c312e9ed2ddd2c5c01a607b.json,2026-10-09,源端最新仓位占比,1,,100.0,100.0,0.0
qieman__ZH147620,7分钟理财进取3-C,且慢/盈米基金,,stargate_keyword_discovered,2026-10-09,2026-10-09,最新库内披露仓位,latest_observed_current,,18,1,,"{""2026-06-30"": 100.0}",0,42.43386211888742,6.560570185319507,0,bb3c1b74f277c285a42f4480.json,2026-10-09,源端最新仓位占比,1,,100.0,100.0,0.0
qieman__ZH147621,7分钟理财进取3-D,且慢/盈米基金,,stargate_keyword_discovered,2026-10-09,2026-10-09,最新库内披露仓位,latest_observed_current,,19,1,,"{""2026-06-30"": 100.0}",0,43.310246764488184,6.514654485299679,0,9873f7642d1919c5d09b8e4a.json,2026-10-09,源端最新仓位占比,1,,100.0,100.0,0.0
qieman__ZH147622,7分钟理财进取4-A,且慢/盈米基金,,stargate_keyword_discovered,2026-10-09,2026-10-09,最新库内披露仓位,latest_observed_current,,15,1,,"{""2026-06-30"": 100.00000000000001}",0,53.63354025522811,6.027294961742427,0,7ca637e55d6943117a6145f6.json,2026-10-09,源端最新仓位占比,1,,100.00000000000001,100.00000000000001,0.0
qieman__ZH147623,7分钟理财进取4-B,且慢/盈米基金,,stargate_keyword_discovered,2026-10-09,2026-10-09,最新库内披露仓位,latest_observed_current,,16,1,,"{""2026-06-30"": 100.00000000000001}",0,53.38893270983952,6.527088420252122,0,0e26b1501b646080e63f9879.json,2026-10-09,源端最新仓位占比,1,,100.00000000000001,100.00000000000001,0.0
qieman__ZH147624,7分钟理财进取4-C,且慢/盈米基金,,stargate_keyword_discovered,2026-10-09,2026-10-09,最新库内披露仓位,latest_observed_current,,19,1,,"{""2026-06-30"": 100.0}",0,53.038271017757296,6.69074776100419,0,940857515a8a1b42d3f3b5a4.json,2026-10-09,源端最新仓位占比,1,,100.0,100.0,0.0
qieman__ZH147625,7分钟理财进取4-D,且慢/盈米基金,,stargate_keyword_discovered,2026-10-09,2026-10-09,最新库内披露仓位,latest_observed_current,,20,1,,"{""2026-06-30"": 100.0}",0,53.1822626132169,6.67961435202442,0,20751630c9ab2a81f71cba13.json,2026-10-09,源端最新仓位占比,1,,100.0,100.0,0.0
qieman__ZH107310,Finear专属组合,且慢/盈米基金,,stargate_keyword_discovered,2026-10-09,2026-10-09,最新库内披露仓位,latest_observed_current,,19,1,,"{""2026-06-30"": 99.99999999999997}",0,50.78675065062736,3.8309853316957816,2,2b5c730705f14546764c2f05.json,2026-10-09,源端最新仓位占比,1,"源端占比直接使用；净值滚动未执行：缺少基准日之后净值：008764,009108,019230,270023",99.99999999999997,99.99999999999997,0.0
qieman__ZH044047,G2组合,且慢/盈米基金,,stargate_keyword_discovered,2026-10-09,2026-10-09,最新库内披露仓位,latest_observed_current,,6,1,,"{""2026-06-30"": 100.00000000000001}",0,0.4947234132872658,1.658936824811179,0,cf3a3104f764b0d3fb525fd9.json,2026-10-09,源端最新仓位占比,1,"源端占比直接使用；净值滚动未执行：缺少基准日之后净值：000834,161130",100.00000000000001,100.00000000000001,0.0
qieman__SI000090,U定投,且慢/盈米基金,,stargate_keyword_discovered,2026-10-09,2026-10-09,最新库内披露仓位,latest_observed_current,,48,1,,"{""2026-06-30"": 100.00000000000001}",0,30.301176126064952,1.2872439372849849,2,ab0fafe1a225c1f9e1f91fcd.json,2026-10-09,源端最新仓位占比,1,"源端占比直接使用；净值滚动未执行：缺少基准日之后净值：164906,040046,162415,006373,000834,017641",100.00000000000001,100.00000000000001,0.0
qieman__ZH128354,X定投,且慢/盈米基金,,stargate_keyword_discovered,2026-10-09,2026-10-09,最新库内披露仓位,latest_observed_current,,24,1,,"{""2026-06-30"": 100.00000000000003}",0,39.51857636414024,0.7933784147177163,0,03d7c9c1f92ee0a6ba4eee32.json,2026-10-09,源端最新仓位占比,1,,100.00000000000003,100.00000000000003,0.0
qieman__SI000110,Y计划,且慢/盈米基金,,stargate_keyword_discovered,2026-10-09,2026-10-09,最新库内披露仓位,latest_observed_current,,68,1,,"{""2026-06-30"": 100.00000000000003}",0,35.965695211999495,9.422727326320647,0,c04308b2bf5bab44618e430f.json,2026-10-09,源端最新仓位占比,1,,100.00000000000003,100.00000000000003,0.0
qieman__ZH174684,上上全球配置,且慢/盈米基金,,stargate_keyword_discovered,2026-10-09,2026-10-09,最新库内披露仓位,latest_observed_current,,15,1,,"{""2026-06-30"": 100.0}",0,15.877157437737036,5.987213045118061,0,e8d9fd4113d9331cb1bc587a.json,2026-10-09,源端最新仓位占比,1,"源端占比直接使用；净值滚动未执行：缺少基准日之后净值：019524,100050,270023,017641,007360",100.0,100.0,0.0
qieman__ZH174681,上上行稳致远,且慢/盈米基金,,stargate_keyword_discovered,2026-10-09,2026-10-09,最新库内披露仓位,latest_observed_current,,14,1,,"{""2026-06-30"": 99.99999999999999}",0,8.62216243073868,17.837490883766254,0,2bf7c2e506eba21540d12b38.json,2026-10-09,源端最新仓位占比,1,,99.99999999999999,99.99999999999999,0.0
qieman__SI000169,与日俱增定投组合,且慢/盈米基金,,stargate_keyword_discovered,2026-10-09,2026-10-09,最新库内披露仓位,latest_observed_current,,8,1,,"{""2026-06-30"": 100.00000000000001}",0,14.45994367745769,0.5063262666809815,0,9d57b2207572496bc36027f8.json,2026-10-09,源端最新仓位占比,1,,100.00000000000001,100.00000000000001,0.0
qieman__SI000008,东东定投,且慢/盈米基金,,stargate_keyword_discovered,2026-10-09,2026-10-09,最新库内披露仓位,latest_observed_current,,26,1,,"{""2026-06-30"": 100.00000000000003}",0,67.91461859944258,2.5580427394692262,1,481ee2a4f7092fb7d4832bb0.json,2026-10-09,源端最新仓位占比,1,"源端占比直接使用；净值滚动未执行：缺少基准日之后净值：006327,118001",100.00000000000003,100.00000000000003,0.0
qieman__ZH144564,中信证券稳健理财加,且慢/盈米基金,,stargate_keyword_discovered,2026-10-09,2026-10-09,最新库内披露仓位,latest_observed_current,,34,1,,"{""2026-06-30"": 99.99999999999997}",0,3.0758925969338495,18.97849182426365,0,7090882becff73f75bd92644.json,2026-10-09,源端最新仓位占比,1,,99.99999999999997,99.99999999999997,0.0
qieman__ZH043108,中欧股票优选,且慢/盈米基金,,stargate_keyword_discovered,2026-10-09,2026-10-09,最新库内披露仓位,latest_observed_current,,18,1,,"{""2026-06-30"": 100.00000000000003}",0,71.17121228636242,0.8273311469206458,0,728d5a253440350166b9db3a.json,2026-10-09,源端最新仓位占比,1,,100.00000000000003,100.00000000000003,0.0
qieman__ZH118132,交银全明星,且慢/盈米基金,,stargate_keyword_discovered,2026-10-09,2026-10-09,最新库内披露仓位,latest_observed_current,,14,1,,"{""2026-06-30"": 99.99999999999999}",0,67.99144382257319,2.7300549909672527,0,b29d68d6898881cc40e5f00c.json,2026-10-09,源端最新仓位占比,1,,99.99999999999999,99.99999999999999,0.0
qieman__SI000119,交银全明星双周投,且慢/盈米基金,,stargate_keyword_discovered,2026-10-09,2026-10-09,最新库内披露仓位,latest_observed_current,,14,1,,"{""2026-06-30"": 100.00000000000001}",0,68.13330475785989,2.669796330328036,0,8e9a275560f8821396a26a44.json,2026-10-09,源端最新仓位占比,1,,100.00000000000001,100.00000000000001,0.0
qieman__ZH161816,交银多元资产优选,且慢/盈米基金,,stargate_keyword_discovered,2026-10-09,2026-10-09,最新库内披露仓位,latest_observed_current,,12,1,,"{""2026-06-30"": 100.0}",0,14.246069437014931,38.00772819908664,0,81278a10c43c9f0f13e34b32.json,2026-10-09,源端最新仓位占比,1,"源端占比直接使用；净值滚动未执行：缺少基准日之后净值：019525,019547",100.0,100.0,0.0
qieman__ZH017252,交银赢定投,且慢/盈米基金,,stargate_keyword_discovered,2026-10-09,2026-10-09,最新库内披露仓位,latest_observed_current,,17,1,,"{""2026-06-30"": 100.0}",0,46.7785865379796,16.007510277358225,0,74fc90c0a1b7bbf655991f0b.json,2026-10-09,源端最新仓位占比,1,,100.0,100.0,0.0
qieman__ZH120724,低估值定投组合,且慢/盈米基金,,stargate_keyword_discovered,2026-10-09,2026-10-09,最新库内披露仓位,latest_observed_current,,9,1,,"{""2026-06-30"": 100.00000000000001}",0,68.71550488683842,1.4920921216955776,0,0bd5d655ffec3d29f141bdb5.json,2026-10-09,源端最新仓位占比,1,,100.00000000000001,100.00000000000001,0.0
qieman__SI000186,低估定投计划,且慢/盈米基金,,stargate_keyword_discovered,,,最新库内披露仓位,latest_observed_current,缺少当前基金仓位,0,0,缺少当前基金仓位,{},0,,,0,961b4538832e894488f0f46f.json,,缺少可用基金配置,0,缺少完整配置,,,
qieman__ZH035314,低波动小幸福,且慢/盈米基金,,stargate_keyword_discovered,2026-10-09,2026-10-09,最新库内披露仓位,latest_observed_current,,19,1,,"{""2026-06-30"": 100.00000000000001}",0,9.049133111482712,25.752691855004812,0,346b53f7ed68a7d01ce1f49f.json,2026-10-09,源端最新仓位占比,1,,100.00000000000001,100.00000000000001,0.0
qieman__ZH155610,低波策略,且慢/盈米基金,,stargate_keyword_discovered,2026-10-09,2026-10-09,最新库内披露仓位,latest_observed_current,,7,1,,"{""2026-06-30"": 100.00000000000001}",0,2.4926436437825106,9.68678292998371,0,89a64979c5bfc1e94558e414.json,2026-10-09,源端最新仓位占比,1,,100.00000000000001,100.00000000000001,0.0
qieman__ZH123147,余余宝-安心卧倒组合,且慢/盈米基金,,stargate_keyword_discovered,2026-10-09,2026-10-09,最新库内披露仓位,latest_observed_current,,8,1,,"{""2026-06-30"": 100.0}",0,14.48248014494364,18.59510562295744,0,7c9188f1441a16fc5f30e2a1.json,2026-10-09,源端最新仓位占比,1,,100.0,100.0,0.0
qieman__ZH154241,全天候-永久投资策略,且慢/盈米基金,,stargate_keyword_discovered,2026-10-09,2026-10-09,最新库内披露仓位,latest_observed_current,,10,1,,"{""2026-06-30"": 99.99999999999999}",0,0.0,7.606031135903663,0,851e490d4832fa45723b3df8.json,2026-10-09,源端最新仓位占比,1,"源端占比直接使用；净值滚动未执行：缺少基准日之后净值：050025,016532,100050,007360",99.99999999999999,99.99999999999999,0.0
qieman__ZH047198,全天候积极组合,且慢/盈米基金,,stargate_keyword_discovered,2026-10-09,2026-10-09,最新库内披露仓位,latest_observed_current,,16,1,,"{""2026-06-30"": 100.0}",0,54.68528251500514,1.4904049135673676,0,805395ad82d166d6120d162c.json,2026-10-09,源端最新仓位占比,1,,100.0,100.0,0.0
qieman__ZH120723,全天候组合等级10,且慢/盈米基金,,stargate_keyword_discovered,2026-10-09,2026-10-09,最新库内披露仓位,latest_observed_current,,22,1,,"{""2026-06-30"": 100.0}",0,38.093713945007835,6.02053973433117,0,283b813d203b7afe569bbfaf.json,2026-10-09,源端最新仓位占比,1,源端占比直接使用；净值滚动未执行：缺少基准日之后净值：005698,100.0,100.0,0.0
qieman__ZH120717,全天候组合等级3,且慢/盈米基金,,stargate_keyword_discovered,2026-10-09,2026-10-09,最新库内披露仓位,latest_observed_current,,22,1,,"{""2026-06-30"": 100.00000000000001}",0,17.28398020709689,13.976146922669685,0,998f18c696ee71924e0605cf.json,2026-10-09,源端最新仓位占比,1,源端占比直接使用；净值滚动未执行：缺少基准日之后净值：005698,100.00000000000001,100.00000000000001,0.0
qieman__ZH120934,全天候组合等级4,且慢/盈米基金,,stargate_keyword_discovered,2026-10-09,2026-10-09,最新库内披露仓位,latest_observed_current,,22,1,,"{""2026-06-30"": 99.99999999999999}",0,20.075541425171988,12.862481684638114,0,fd9bee10f2a9136c9b833225.json,2026-10-09,源端最新仓位占比,1,源端占比直接使用；净值滚动未执行：缺少基准日之后净值：005698,99.99999999999999,99.99999999999999,0.0
qieman__ZH120716,全天候组合等级5,且慢/盈米基金,,stargate_keyword_discovered,2026-10-09,2026-10-09,最新库内披露仓位,latest_observed_current,,22,1,,"{""2026-06-30"": 99.99999999999999}",0,23.075877062815024,11.711957011968634,0,996ccc68c2f1f8fec3b0d705.json,2026-10-09,源端最新仓位占比,1,源端占比直接使用；净值滚动未执行：缺少基准日之后净值：005698,99.99999999999999,99.99999999999999,0.0
qieman__ZH120719,全天候组合等级6,且慢/盈米基金,,stargate_keyword_discovered,2026-10-09,2026-10-09,最新库内披露仓位,latest_observed_current,,22,1,,"{""2026-06-30"": 100.00000000000001}",0,25.861966363378496,10.64131211168172,0,0a4a639db34fe0039d294b42.json,2026-10-09,源端最新仓位占比,1,源端占比直接使用；净值滚动未执行：缺少基准日之后净值：005698,100.00000000000001,100.00000000000001,0.0
qieman__ZH120722,全天候组合等级7,且慢/盈米基金,,stargate_keyword_discovered,2026-10-09,2026-10-09,最新库内披露仓位,latest_observed_current,,22,1,,"{""2026-06-30"": 100.00000000000001}",0,28.895524820255535,9.501902926037106,0,50d32eb578d1f62c9c640260.json,2026-10-09,源端最新仓位占比,1,源端占比直接使用；净值滚动未执行：缺少基准日之后净值：005698,100.00000000000001,100.00000000000001,0.0
qieman__ZH120720,全天候组合等级8,且慢/盈米基金,,stargate_keyword_discovered,2026-10-09,2026-10-09,最新库内披露仓位,latest_observed_current,,22,1,,"{""2026-06-30"": 100.00000000000001}",0,31.83271504997205,8.390649195225189,0,7baa7aeb7db48844f6e5b62f.json,2026-10-09,源端最新仓位占比,1,源端占比直接使用；净值滚动未执行：缺少基准日之后净值：005698,100.00000000000001,100.00000000000001,0.0
qieman__ZH120725,全天候组合等级9,且慢/盈米基金,,stargate_keyword_discovered,2026-10-09,2026-10-09,最新库内披露仓位,latest_observed_current,,22,1,,"{""2026-06-30"": 100.00000000000001}",0,34.92450006785239,7.240246950225213,0,d445129315b407f927ee7494.json,2026-10-09,源端最新仓位占比,1,源端占比直接使用；净值滚动未执行：缺少基准日之后净值：005698,100.00000000000001,100.00000000000001,0.0
qieman__ZH171437,全天候美债,且慢/盈米基金,,stargate_keyword_discovered,2026-10-09,2026-10-09,最新库内披露仓位,latest_observed_current,,24,1,,"{""2026-06-30"": 100.00000000000004}",0,13.832801558579165,11.747627977322171,3,9b43ad0cc00cf9822bea4f39.json,2026-10-09,源端最新仓位占比,1,"源端占比直接使用；净值滚动未执行：缺少基准日之后净值：163813,002286,018064,001061,040046,016452,019480,096001,100050,270023,270042,539001,118002,161130,017091,018966",100.00000000000004,100.00000000000004,0.0
qieman__ZH171433,全天候美投,且慢/盈米基金,,stargate_keyword_discovered,2026-10-09,2026-10-09,最新库内披露仓位,latest_observed_current,,10,1,,"{""2026-06-30"": 100.0}",0,55.13624359441483,2.78596733500886,2,e0ba4b2f1e7dea4fb34fbedf.json,2026-10-09,源端最新仓位占比,1,"源端占比直接使用；净值滚动未执行：缺少基准日之后净值：020957,160140,006105,021277,005676",100.0,100.0,0.0
qieman__ZH058775,全心权益,且慢/盈米基金,,stargate_keyword_discovered,2026-10-09,2026-10-09,最新库内披露仓位,latest_observed_current,,16,1,,"{""2026-06-30"": 100.0}",0,56.658115423148544,1.5054879242691515,0,c622d08e1b091383ecdaf96c.json,2026-10-09,源端最新仓位占比,1,,100.0,100.0,0.0
qieman__ZH045600,全明星精选,且慢/盈米基金,,stargate_keyword_discovered,2026-10-09,2026-10-09,最新库内披露仓位,latest_observed_current,,17,1,,"{""2026-06-30"": 100.0}",0,47.28251284268723,0.15590305809900137,0,7508348ae70a9325b89281cd.json,2026-10-09,源端最新仓位占比,1,,100.0,100.0,0.0
qieman__ZH039093,全明星计划,且慢/盈米基金,,stargate_keyword_discovered,2026-10-09,2026-10-09,最新库内披露仓位,latest_observed_current,,11,1,,"{""2026-06-30"": 100.0}",0,45.74170202609946,1.707337270062863,0,f85674ad78c73e722a3c65eb.json,2026-10-09,源端最新仓位占比,1,,100.0,100.0,0.0
qieman__ZH155420,全球丰收,且慢/盈米基金,,stargate_keyword_discovered,2026-10-09,2026-10-09,最新库内披露仓位,latest_observed_current,,20,1,,"{""2026-06-30"": 100.0}",0,2.9512653680542043,15.030251966600861,0,7d96d98075283310d6bc83f5.json,2026-10-09,源端最新仓位占比,1,"源端占比直接使用；净值滚动未执行：缺少基准日之后净值：001061,050030,006075,160216,008971,004419,004998",100.0,100.0,0.0
qieman__ZH154032,全球优选,且慢/盈米基金,,stargate_keyword_discovered,2026-10-09,2026-10-09,最新库内披露仓位,latest_observed_current,,13,1,,"{""2026-06-30"": 91.78}",0,17.727292502587336,0.2441130875578169,2,0967671bb68081d1e45e1183.json,2026-10-09,源端最新仓位占比,1,"源端占比直接使用；净值滚动未执行：缺少基准日之后净值：019441,968078,519696,000614,020516,006075,016055,008763,486002,019305,006282",91.78,91.78,8.22
qieman__ZH155612,全球策略,且慢/盈米基金,,stargate_keyword_discovered,2026-10-09,2026-10-09,最新库内披露仓位,latest_observed_current,,3,1,,"{""2026-06-30"": 100.0}",0,0.0,0.14262787138209526,0,af02b6ea83d8b8a7db21e449.json,2026-10-09,源端最新仓位占比,1,源端占比直接使用；净值滚动未执行：缺少基准日之后净值：000834,100.0,100.0,0.0
qieman__ZH160350,全球股债商,且慢/盈米基金,,stargate_keyword_discovered,2026-10-09,2026-10-09,最新库内披露仓位,latest_observed_current,,30,1,,"{""2026-06-30"": 100.0}",0,3.3667079808281173,20.756090318097264,4,d36f69569bbaad65c917bcff.json,2026-10-09,源端最新仓位占比,1,"源端占比直接使用；净值滚动未执行：缺少基准日之后净值：000041,006448,002401,023591,160141,011584,017970,118001,004877,320013,161815",100.0,100.0,0.0
qieman__ZH160573,全球长期均衡,且慢/盈米基金,,stargate_keyword_discovered,2026-10-09,2026-10-09,最新库内披露仓位,latest_observed_current,,21,1,,"{""2026-06-30"": 100.0}",0,12.449738098262866,10.841099019199397,0,64fce38b91d19e422a716792.json,2026-10-09,源端最新仓位占比,1,"源端占比直接使用；净值滚动未执行：缺少基准日之后净值：040018,050025,008751,096001,100050,017641,006282",100.0,100.0,0.0
qieman__ZH176386,全球长期进取,且慢/盈米基金,,stargate_keyword_discovered,2026-10-09,2026-10-09,最新库内披露仓位,latest_observed_current,,18,1,,"{""2026-06-30"": 100.0}",0,23.734740336215655,0.6515238762428623,1,18a8e2fcf646fed57235d5b7.json,2026-10-09,源端最新仓位占比,1,"源端占比直接使用；净值滚动未执行：缺少基准日之后净值：000041,040018,013328,096001,486002,270023,017641,006282",100.0,100.0,0.0
qieman__SI000176,共赢量化选基计划1号组合,且慢/盈米基金,,stargate_keyword_discovered,2026-10-09,2026-10-09,最新库内披露仓位,latest_observed_current,,40,1,,"{""2026-06-30"": 100.0}",0,42.399488578809,8.345410488679843,0,be2988202dfe2170b28dd3fd.json,2026-10-09,源端最新仓位占比,1,"源端占比直接使用；净值滚动未执行：缺少基准日之后净值：017970,020512",100.0,100.0,0.0
qieman__ZH109015,十年市场前瞻计划,且慢/盈米基金,,stargate_keyword_discovered,2026-10-09,2026-10-09,最新库内披露仓位,latest_observed_current,,19,1,,"{""2026-06-30"": 100.0}",0,36.151771450965775,4.275422769726681,1,8124223ed248527deb7b96b8.json,2026-10-09,源端最新仓位占比,1,"源端占比直接使用；净值滚动未执行：缺少基准日之后净值：015300,017437",100.0,100.0,0.0
qieman__ZH110300,十年稳健增利计划,且慢/盈米基金,,stargate_keyword_discovered,2026-10-09,2026-10-09,最新库内披露仓位,latest_observed_current,,9,1,,"{""2026-06-30"": 100.0}",0,1.6396155240265446,18.63019290518984,0,b239b36ac7f209a687de753e.json,2026-10-09,源端最新仓位占比,1,,100.0,100.0,0.0
qieman__ZH038182,华佗医药组合,且慢/盈米基金,,stargate_keyword_discovered,2026-10-09,2026-10-09,最新库内披露仓位,latest_observed_current,,7,1,,"{""2026-06-30"": 100.0}",0,62.62564592970398,0.3300656634965416,0,d0bff2ab2f0d28b50acd8d8d.json,2026-10-09,源端最新仓位占比,1,"源端占比直接使用；净值滚动未执行：缺少基准日之后净值：000369,161127",100.0,100.0,0.0
qieman__ZH177924,华夏全明星,且慢/盈米基金,,stargate_keyword_discovered,2026-10-09,2026-10-09,最新库内披露仓位,latest_observed_current,,11,1,,"{""2026-06-30"": 100.00000000000003}",0,50.114173084700056,10.298774660888023,0,6113d5c5cb5053061c3f353f.json,2026-10-09,源端最新仓位占比,1,,100.00000000000003,100.00000000000003,0.0
qieman__ZH157591,华夏全自动超级配置策略组合,且慢/盈米基金,,stargate_keyword_discovered,2026-10-09,2026-10-09,最新库内披露仓位,latest_observed_current,,15,1,,"{""2026-06-30"": 99.99999999999999}",0,0.36742705400808595,12.528669174714343,0,563a7472009a77dfa9774421.json,2026-10-09,源端最新仓位占比,1,,99.99999999999999,99.99999999999999,0.0
qieman__ZH132910,华安闲钱聪明投,且慢/盈米基金,,stargate_keyword_discovered,2026-10-09,2026-10-09,最新库内披露仓位,latest_observed_current,,24,1,,"{""2026-06-30"": 99.99999999999999}",0,14.536014129740467,11.847476336881806,0,82014e3dd35c2bc922392a1e.json,2026-10-09,源端最新仓位占比,1,,99.99999999999999,99.99999999999999,0.0
qieman__ZH136523,南方权益优选组合,且慢/盈米基金,,stargate_keyword_discovered,2026-10-09,2026-10-09,最新库内披露仓位,latest_observed_current,,14,1,,"{""2026-06-30"": 99.99999999999999}",0,75.4834138969282,0.31881545287061286,0,a575523804230fccda46d1e4.json,2026-10-09,源端最新仓位占比,1,,99.99999999999999,99.99999999999999,0.0
qieman__ZH136541,南方股债平衡组合,且慢/盈米基金,,stargate_keyword_discovered,2026-10-09,2026-10-09,最新库内披露仓位,latest_observed_current,,18,1,,"{""2026-06-30"": 100.0}",0,34.70230830335215,7.408290347296344,0,ee38fd4d6f638d212eb4741f.json,2026-10-09,源端最新仓位占比,1,,100.0,100.0,0.0
qieman__ZH124940,博时乐享稳健-且慢特别版,且慢/盈米基金,,stargate_keyword_discovered,2026-10-09,2026-10-09,最新库内披露仓位,latest_observed_current,,18,1,,"{""2026-06-30"": 99.99999999999999}",0,8.288393156497046,19.03092919614907,1,978ce1040a0b2ab609569fd2.json,2026-10-09,源端最新仓位占比,1,源端占比直接使用；净值滚动未执行：缺少基准日之后净值：007455,99.99999999999999,99.99999999999999,0.0
qieman__ZH179699,发车经典组合0626,且慢/盈米基金,,stargate_keyword_discovered,2026-10-09,2026-10-09,最新库内披露仓位,latest_observed_current,,1,1,,"{""2026-06-30"": 100.0}",0,0.0,9.14281226808303,0,d89e101a1e12875a15d8f733.json,2026-10-10,净值漂移推算,1,,100.0,100.0,0.0
qieman__ZH152825,启明-中西合璧,且慢/盈米基金,,stargate_keyword_discovered,2026-10-09,2026-10-09,最新库内披露仓位,latest_observed_current,,26,1,,"{""2026-06-30"": 100.0}",0,32.96647955233586,3.0653682864109597,4,f012d819a9051839cca95908.json,2026-10-09,源端最新仓位占比,1,"源端占比直接使用；净值滚动未执行：缺少基准日之后净值：020969,040018,022184,009108,019231,270023,019573,019578,018230",100.0,100.0,0.0
qieman__ZH169642,启明-中西合璧(万联版),且慢/盈米基金,,stargate_keyword_discovered,2026-10-09,2026-10-09,最新库内披露仓位,latest_observed_current,,23,1,,"{""2026-06-30"": 100.0}",0,44.45516729392816,3.4006240275146515,3,5fa69d33ae8d1625be3c7a7f.json,2026-10-09,源端最新仓位占比,1,"源端占比直接使用；净值滚动未执行：缺少基准日之后净值：020969,024239,040018,019231,270023,018230,004877",100.0,100.0,0.0
qieman__ZH156187,启明-中西合璧(中航版),且慢/盈米基金,,stargate_keyword_discovered,2026-10-09,2026-10-09,最新库内披露仓位,latest_observed_current,,24,1,,"{""2026-06-30"": 99.99999999999999}",0,41.376257520925805,3.3207675811093704,5,95940e8512e53571227bfddd.json,2026-10-09,源端最新仓位占比,1,"源端占比直接使用；净值滚动未执行：缺少基准日之后净值：040018,017731,160216,016823,009108,019231,270023,015202",99.99999999999999,99.99999999999999,0.0
qieman__ZH171521,启明-中西合璧(国元版),且慢/盈米基金,,stargate_keyword_discovered,2026-10-09,2026-10-09,最新库内披露仓位,latest_observed_current,,23,1,,"{""2026-06-30"": 100.0}",0,38.08811522954367,3.1830790432762788,2,a1fa49a5972b20be31a10db5.json,2026-10-09,源端最新仓位占比,1,"源端占比直接使用；净值滚动未执行：缺少基准日之后净值：000041,040018,022184,007455,270023,018230",100.0,100.0,0.0
qieman__ZH176381,启明-中西合璧(甬兴版),且慢/盈米基金,,stargate_keyword_discovered,2026-10-09,2026-10-09,最新库内披露仓位,latest_observed_current,,18,1,,"{""2026-06-30"": 100.0}",0,44.88624358069251,3.8674107290620223,0,c58c7905ea18b6e837dc7c46.json,2026-10-09,源端最新仓位占比,1,"源端占比直接使用；净值滚动未执行：缺少基准日之后净值：014978,378006",100.0,100.0,0.0
qieman__ZH158745,启明-中西合璧(粤开版),且慢/盈米基金,,stargate_keyword_discovered,2026-10-09,2026-10-09,最新库内披露仓位,latest_observed_current,,22,1,,"{""2026-06-30"": 100.0}",0,45.63054675217212,3.4367552982909086,3,72cb915ac62a74f0e95c689f.json,2026-10-09,源端最新仓位占比,1,"源端占比直接使用；净值滚动未执行：缺少基准日之后净值：000041,040018,016665,019231,270023,018230",100.0,100.0,0.0
qieman__ZH177891,启明-中西合璧(长江专属),且慢/盈米基金,,stargate_keyword_discovered,2026-10-09,2026-10-09,最新库内披露仓位,latest_observed_current,,27,1,,"{""2026-06-30"": 100.00000000000003}",0,33.221380247641434,2.7917571817632525,5,a28698318ab426b718d91768.json,2026-10-09,源端最新仓位占比,1,"源端占比直接使用；净值滚动未执行：缺少基准日之后净值：005534,040018,017731,160216,016665,007455,270023,012922",100.00000000000003,100.00000000000003,0.0
qieman__ZH161437,启明-中西合璧指数,且慢/盈米基金,,stargate_keyword_discovered,2026-10-09,2026-10-09,最新库内披露仓位,latest_observed_current,,30,1,,"{""2026-06-30"": 100.0}",0,27.02567528472511,3.042289279270498,0,f2fdd79c92886c3842b19474.json,2026-10-09,源端最新仓位占比,1,"源端占比直接使用；净值滚动未执行：缺少基准日之后净值：016533,007722,006328,118002",100.0,100.0,0.0
qieman__ZH176738,启明全天候,且慢/盈米基金,,stargate_keyword_discovered,2026-10-09,2026-10-09,最新库内披露仓位,latest_observed_current,,15,1,,"{""2026-06-30"": 100.0}",0,18.10364150054757,7.94967128435982,0,3b4946dceeca6b1da207b5f8.json,2026-10-09,源端最新仓位占比,1,"源端占比直接使用；净值滚动未执行：缺少基准日之后净值：020969,023591,022184,519981,000290",100.0,100.0,0.0
qieman__ZH058670,启明睿-低波,且慢/盈米基金,,stargate_keyword_discovered,2026-10-09,2026-10-09,最新库内披露仓位,latest_observed_current,,21,1,,"{""2026-06-30"": 100.00000000000001}",0,7.462757794119971,13.028159695851846,3,8154f32344d871b8cdfa7ca0.json,2026-10-09,源端最新仓位占比,1,"源端占比直接使用；净值滚动未执行：缺少基准日之后净值：040018,009108,019231,019578",100.00000000000001,100.00000000000001,0.0
qieman__ZH169639,启明睿-低波(万联版),且慢/盈米基金,,stargate_keyword_discovered,2026-10-09,2026-10-09,最新库内披露仓位,latest_observed_current,,20,1,,"{""2026-06-30"": 100.00000000000001}",0,6.36630670267695,18.973450079612547,1,c28c74468a761d531ce21f6c.json,2026-10-09,源端最新仓位占比,1,"源端占比直接使用；净值滚动未执行：缺少基准日之后净值：040018,019231",100.00000000000001,100.00000000000001,0.0
qieman__ZH156181,启明睿-低波(中航版),且慢/盈米基金,,stargate_keyword_discovered,2026-10-09,2026-10-09,最新库内披露仓位,latest_observed_current,,17,1,,"{""2026-06-30"": 99.99999999999999}",0,8.159458938544349,17.023546808740026,1,0136f33f2854e9ad295154b2.json,2026-10-09,源端最新仓位占比,1,"源端占比直接使用；净值滚动未执行：缺少基准日之后净值：040018,009108",99.99999999999999,99.99999999999999,0.0
qieman__ZH171515,启明睿-低波(国元版),且慢/盈米基金,,stargate_keyword_discovered,2026-10-09,2026-10-09,最新库内披露仓位,latest_observed_current,,19,1,,"{""2026-06-30"": 99.99999999999999}",0,6.641800128690747,17.77011660677851,2,1ecb4b79f92c5bc8bdc39809.json,2026-10-09,源端最新仓位占比,1,"源端占比直接使用；净值滚动未执行：缺少基准日之后净值：040018,007455,019231",99.99999999999999,99.99999999999999,0.0
qieman__ZH176373,启明睿-低波(甬兴版),且慢/盈米基金,,stargate_keyword_discovered,2026-10-09,2026-10-09,最新库内披露仓位,latest_observed_current,,18,1,,"{""2026-06-30"": 99.99999999999999}",0,7.32125819995565,22.43520724337231,0,04365d618ab8038d4c98bdf2.json,2026-10-09,源端最新仓位占比,1,源端占比直接使用；净值滚动未执行：缺少基准日之后净值：378006,99.99999999999999,99.99999999999999,0.0
qieman__ZH158739,启明睿-低波(粤开版),且慢/盈米基金,,stargate_keyword_discovered,2026-10-09,2026-10-09,最新库内披露仓位,latest_observed_current,,20,1,,"{""2026-06-30"": 100.0}",0,9.867906495701298,14.47627615497671,1,ea952a460aa474868b3b4477.json,2026-10-09,源端最新仓位占比,1,"源端占比直接使用；净值滚动未执行：缺少基准日之后净值：040018,019231",100.0,100.0,0.0
qieman__ZH178102,启明睿-低波(长江专属),且慢/盈米基金,,stargate_keyword_discovered,2026-10-09,2026-10-09,最新库内披露仓位,latest_observed_current,,18,1,,"{""2026-06-30"": 100.00000000000003}",0,8.760810427250473,16.14834556914837,1,950320b1d9f4b7ed26c488d6.json,2026-10-09,源端最新仓位占比,1,"源端占比直接使用；净值滚动未执行：缺少基准日之后净值：040018,007455",100.00000000000003,100.00000000000003,0.0
qieman__ZH044931,启明睿-低波增强,且慢/盈米基金,,stargate_keyword_discovered,2026-10-09,2026-10-09,最新库内披露仓位,latest_observed_current,,24,1,,"{""2026-06-30"": 100.00000000000001}",0,10.650659375630534,16.240593955372848,3,cc80cb7ef0fa5816bf52f7d3.json,2026-10-09,源端最新仓位占比,1,"源端占比直接使用；净值滚动未执行：缺少基准日之后净值：040018,009108,019231,019573,019578",100.00000000000001,100.00000000000001,0.0
qieman__ZH169641,启明睿-低波增强(万联版),且慢/盈米基金,,stargate_keyword_discovered,2026-10-09,2026-10-09,最新库内披露仓位,latest_observed_current,,21,1,,"{""2026-06-30"": 99.99999999999997}",0,10.485789009680941,17.250063212745623,1,4bc9d9dcde21a93c933f2bb4.json,2026-10-09,源端最新仓位占比,1,"源端占比直接使用；净值滚动未执行：缺少基准日之后净值：040018,019231",99.99999999999997,99.99999999999997,0.0
qieman__ZH156182,启明睿-低波增强(中航版),且慢/盈米基金,,stargate_keyword_discovered,2026-10-09,2026-10-09,最新库内披露仓位,latest_observed_current,,21,1,,"{""2026-06-30"": 100.00000000000004}",0,11.43855476338564,16.559888614895012,2,8e240c79d3f6f7262ae566e9.json,2026-10-09,源端最新仓位占比,1,"源端占比直接使用；净值滚动未执行：缺少基准日之后净值：040018,009108,019231",100.00000000000004,100.00000000000004,0.0
qieman__ZH171516,启明睿-低波增强(国元版),且慢/盈米基金,,stargate_keyword_discovered,2026-10-09,2026-10-09,最新库内披露仓位,latest_observed_current,,19,1,,"{""2026-06-30"": 100.00000000000001}",0,10.999627143620907,16.98576970009439,2,35274d5490ce55f882e13b34.json,2026-10-09,源端最新仓位占比,1,"源端占比直接使用；净值滚动未执行：缺少基准日之后净值：040018,007455,019231",100.00000000000001,100.00000000000001,0.0
qieman__ZH176374,启明睿-低波增强(甬兴版),且慢/盈米基金,,stargate_keyword_discovered,2026-10-09,2026-10-09,最新库内披露仓位,latest_observed_current,,18,1,,"{""2026-06-30"": 100.0}",0,11.248024123727278,22.49866272986187,0,3c17ae1a238e351b03a0645d.json,2026-10-09,源端最新仓位占比,1,源端占比直接使用；净值滚动未执行：缺少基准日之后净值：378006,100.0,100.0,0.0
qieman__ZH158740,启明睿-低波增强(粤开版),且慢/盈米基金,,stargate_keyword_discovered,2026-10-09,2026-10-09,最新库内披露仓位,latest_observed_current,,23,1,,"{""2026-06-30"": 100.0}",0,13.586800730571387,14.372750356427924,1,e3426444ef6c26f131c9731b.json,2026-10-09,源端最新仓位占比,1,"源端占比直接使用；净值滚动未执行：缺少基准日之后净值：040018,019231",100.0,100.0,0.0
qieman__ZH177886,启明睿-低波增强(长江专属),且慢/盈米基金,,stargate_keyword_discovered,2026-10-09,2026-10-09,最新库内披露仓位,latest_observed_current,,21,1,,"{""2026-06-30"": 100.00000000000003}",0,11.79597536462538,12.069847419499094,1,5611fa39d8c36b4938b3a011.json,2026-10-09,源端最新仓位占比,1,"源端占比直接使用；净值滚动未执行：缺少基准日之后净值：040018,007455",100.00000000000003,100.00000000000003,0.0
qieman__ZH161423,启明睿-低波增强指数,且慢/盈米基金,,stargate_keyword_discovered,2026-10-09,2026-10-09,最新库内披露仓位,latest_observed_current,,22,1,,"{""2026-06-30"": 99.99999999999999}",0,7.154677110667817,29.130348690016007,0,743c20aaf4784d6b9f9cd9ca.json,2026-10-09,源端最新仓位占比,1,,99.99999999999999,99.99999999999999,0.0
qieman__ZH161416,启明睿-低波指数,且慢/盈米基金,,stargate_keyword_discovered,2026-10-09,2026-10-09,最新库内披露仓位,latest_observed_current,,16,1,,"{""2026-06-30"": 100.00000000000001}",0,2.488299122899745,38.549339591766476,0,ed5e82308595ca65d136debb.json,2026-10-09,源端最新仓位占比,1,,100.00000000000001,100.00000000000001,0.0
qieman__ZH045206,启明睿-守恒,且慢/盈米基金,,stargate_keyword_discovered,2026-10-09,2026-10-09,最新库内披露仓位,latest_observed_current,,22,1,,"{""2026-06-30"": 100.0}",0,27.835925911901935,8.714981949202134,2,e242b328610997f6af157c5d.json,2026-10-09,源端最新仓位占比,1,"源端占比直接使用；净值滚动未执行：缺少基准日之后净值：024239,040018,022184,019231,019578",100.0,100.0,0.0
qieman__ZH156184,启明睿-守恒(中航版),且慢/盈米基金,,stargate_keyword_discovered,2026-10-09,2026-10-09,最新库内披露仓位,latest_observed_current,,22,1,,"{""2026-06-30"": 99.99999999999999}",0,30.9509069137809,9.790321394105971,2,ec703bcb0235dbf5dc61debd.json,2026-10-09,源端最新仓位占比,1,"源端占比直接使用；净值滚动未执行：缺少基准日之后净值：040018,009108,019231,270023",99.99999999999999,99.99999999999999,0.0
qieman__ZH171518,启明睿-守恒(国元版),且慢/盈米基金,,stargate_keyword_discovered,2026-10-09,2026-10-09,最新库内披露仓位,latest_observed_current,,20,1,,"{""2026-06-30"": 100.00000000000004}",0,31.254613962827086,10.989019921290698,2,7012973da50fc5f9a99986ec.json,2026-10-09,源端最新仓位占比,1,"源端占比直接使用；净值滚动未执行：缺少基准日之后净值：040018,022184,007455,019231",100.00000000000004,100.00000000000004,0.0
qieman__ZH176376,启明睿-守恒(甬兴版),且慢/盈米基金,,stargate_keyword_discovered,2026-10-09,2026-10-09,最新库内披露仓位,latest_observed_current,,22,1,,"{""2026-06-30"": 100.00000000000001}",0,31.868511944473447,16.12889903074,0,fffbc88b32da277cc9656536.json,2026-10-09,源端最新仓位占比,1,源端占比直接使用；净值滚动未执行：缺少基准日之后净值：014978,100.00000000000001,100.00000000000001,0.0
qieman__ZH158742,启明睿-守恒(粤开版),且慢/盈米基金,,stargate_keyword_discovered,2026-10-09,2026-10-09,最新库内披露仓位,latest_observed_current,,23,1,,"{""2026-06-30"": 99.99999999999999}",0,33.56873709239416,10.0508623530636,1,0c98e4e469a9269bf3539464.json,2026-10-09,源端最新仓位占比,1,"源端占比直接使用；净值滚动未执行：缺少基准日之后净值：040018,019231,270023",99.99999999999999,99.99999999999999,0.0
qieman__ZH177888,启明睿-守恒(长江专属),且慢/盈米基金,,stargate_keyword_discovered,2026-10-09,2026-10-09,最新库内披露仓位,latest_observed_current,,20,1,,"{""2026-06-30"": 100.0}",0,21.987702422937716,8.939686692566701,2,24ddd7c86d584491362b4974.json,2026-10-09,源端最新仓位占比,1,"源端占比直接使用；净值滚动未执行：缺少基准日之后净值：040018,017731,007455",100.0,100.0,0.0
qieman__ZH161425,启明睿-守恒指数,且慢/盈米基金,,stargate_keyword_discovered,2026-10-09,2026-10-09,最新库内披露仓位,latest_observed_current,,23,1,,"{""2026-06-30"": 99.99999999999997}",0,20.10778066284645,21.735446318344636,0,5ee9aaa4275f4cbabcf93a1b.json,2026-10-09,源端最新仓位占比,1,源端占比直接使用；净值滚动未执行：缺少基准日之后净值：007722,99.99999999999997,99.99999999999997,0.0
qieman__ZH120462,启明睿-攻守,且慢/盈米基金,,stargate_keyword_discovered,2026-10-09,2026-10-09,最新库内披露仓位,latest_observed_current,,24,1,,"{""2026-06-30"": 100.00000000000003}",0,43.531280638127825,4.832902995066655,1,4e2ceb3102bc7643cb4b2395.json,2026-10-09,源端最新仓位占比,1,"源端占比直接使用；净值滚动未执行：缺少基准日之后净值：024239,040018,022184,019231",100.00000000000003,100.00000000000003,0.0
qieman__ZH156185,启明睿-攻守(中航版),且慢/盈米基金,,stargate_keyword_discovered,2026-10-09,2026-10-09,最新库内披露仓位,latest_observed_current,,24,1,,"{""2026-06-30"": 99.99999999999999}",0,41.41658052569563,6.1659017434103225,3,40074a75a0197e4c2b063dc6.json,2026-10-09,源端最新仓位占比,1,"源端占比直接使用；净值滚动未执行：缺少基准日之后净值：005698,040018,009108,007455,019231,270023",99.99999999999999,99.99999999999999,0.0
qieman__ZH171519,启明睿-攻守(国元版),且慢/盈米基金,,stargate_keyword_discovered,2026-10-09,2026-10-09,最新库内披露仓位,latest_observed_current,,21,1,,"{""2026-06-30"": 99.99999999999999}",0,44.52452381485486,6.6344150369557955,2,d4064d7a404f08185d1421a8.json,2026-10-09,源端最新仓位占比,1,"源端占比直接使用；净值滚动未执行：缺少基准日之后净值：000041,040018,007455,019231,270023",99.99999999999999,99.99999999999999,0.0
qieman__ZH176378,启明睿-攻守(甬兴版),且慢/盈米基金,,stargate_keyword_discovered,2026-10-09,2026-10-09,最新库内披露仓位,latest_observed_current,,21,1,,"{""2026-06-30"": 100.00000000000001}",0,41.34234410696544,10.240632254516706,0,bc1c2cedf541f9f09282fd8e.json,2026-10-09,源端最新仓位占比,1,源端占比直接使用；净值滚动未执行：缺少基准日之后净值：014978,100.00000000000001,100.00000000000001,0.0
qieman__ZH158743,启明睿-攻守(粤开版),且慢/盈米基金,,stargate_keyword_discovered,2026-10-09,2026-10-09,最新库内披露仓位,latest_observed_current,,25,1,,"{""2026-06-30"": 100.0}",0,47.94822720872595,6.070309247456142,1,bbc1650f588b431c396759e0.json,2026-10-09,源端最新仓位占比,1,"源端占比直接使用；净值滚动未执行：缺少基准日之后净值：005698,000041,040018,019231,270023",100.0,100.0,0.0
qieman__ZH177889,启明睿-攻守(长江专属),且慢/盈米基金,,stargate_keyword_discovered,2026-10-09,2026-10-09,最新库内披露仓位,latest_observed_current,,23,1,,"{""2026-06-30"": 99.99999999999999}",0,34.02571506156451,4.937145483419187,2,5e3e1fea840089c20bce3e98.json,2026-10-09,源端最新仓位占比,1,"源端占比直接使用；净值滚动未执行：缺少基准日之后净值：040018,017731,007455",99.99999999999999,99.99999999999999,0.0
qieman__ZH161426,启明睿-攻守指数,且慢/盈米基金,,stargate_keyword_discovered,2026-10-09,2026-10-09,最新库内披露仓位,latest_observed_current,,25,1,,"{""2026-06-30"": 99.99999999999999}",0,25.82581413022494,10.692494727080444,0,77aee6230603b6f54c293d33.json,2026-10-09,源端最新仓位占比,1,"源端占比直接使用；净值滚动未执行：缺少基准日之后净值：016533,007722",99.99999999999999,99.99999999999999,0.0
qieman__ZH158748,启明睿-现金,且慢/盈米基金,,stargate_keyword_discovered,2026-10-09,2026-10-09,最新库内披露仓位,latest_observed_current,,1,1,,"{""2026-06-30"": 100.0}",0,0.0,23.805826677473558,0,64b00248c8e8ad7a0a2d1995.json,2026-10-10,净值漂移推算,1,,100.0,100.0,0.0
qieman__ZH169601,启明睿-现金(万联版),且慢/盈米基金,,stargate_keyword_discovered,2026-10-09,2026-10-09,最新库内披露仓位,latest_observed_current,,4,1,,"{""2026-06-30"": 100.00000000000001}",0,0.0,15.343155722040926,0,abf21d576a548a47fef3e62f.json,2026-10-09,源端最新仓位占比,1,,100.00000000000001,100.00000000000001,0.0
qieman__ZH156180,启明睿-现金(中航版),且慢/盈米基金,,stargate_keyword_discovered,2026-10-09,2026-10-09,最新库内披露仓位,latest_observed_current,,1,1,,"{""2026-06-30"": 100.0}",0,0.0,23.805826677473558,0,922152b109561785abd8f852.json,2026-10-10,净值漂移推算,1,,100.0,100.0,0.0
qieman__ZH171514,启明睿-现金(国元版),且慢/盈米基金,,stargate_keyword_discovered,2026-10-09,2026-10-09,最新库内披露仓位,latest_observed_current,,3,1,,"{""2026-06-30"": 99.99999999999999}",0,0.0,15.045883561606086,0,2d82f1946c316f804a085394.json,2026-10-09,源端最新仓位占比,1,,99.99999999999999,99.99999999999999,0.0
qieman__ZH176372,启明睿-现金(甬兴版),且慢/盈米基金,,stargate_keyword_discovered,2026-10-09,2026-10-09,最新库内披露仓位,latest_observed_current,,1,1,,"{""2026-06-30"": 100.0}",0,0.0,23.805826677473558,0,b19d131213bfd035a654cfe2.json,2026-10-10,净值漂移推算,1,,100.0,100.0,0.0
qieman__ZH158747,启明睿-现金(粤开版),且慢/盈米基金,,stargate_keyword_discovered,2026-10-09,2026-10-09,最新库内披露仓位,latest_observed_current,,6,1,,"{""2026-06-30"": 100.00000000000001}",0,0.0,13.903556920011319,0,6dfac598128c7dc2385dcf0b.json,2026-10-09,源端最新仓位占比,1,,100.00000000000001,100.00000000000001,0.0
qieman__ZH177843,启明睿-现金(长江专属),且慢/盈米基金,,stargate_keyword_discovered,2026-10-09,2026-10-09,最新库内披露仓位,latest_observed_current,,1,1,,"{""2026-06-30"": 100.0}",0,0.0,23.805826677473558,0,ca8942718bd3d7f087e16a22.json,2026-10-10,净值漂移推算,1,,100.0,100.0,0.0
qieman__ZH120911,启明睿-稳健,且慢/盈米基金,,stargate_keyword_discovered,2026-10-09,2026-10-09,最新库内披露仓位,latest_observed_current,,20,1,,"{""2026-06-30"": 100.00000000000001}",0,14.990159117891118,11.031114635088414,2,78185ef3adea558f73ccc58f.json,2026-10-09,源端最新仓位占比,1,"源端占比直接使用；净值滚动未执行：缺少基准日之后净值：024239,040018,022184,009108,019231",100.00000000000001,100.00000000000001,0.0
qieman__ZH156183,启明睿-稳健(中航版),且慢/盈米基金,,stargate_keyword_discovered,2026-10-09,2026-10-09,最新库内披露仓位,latest_observed_current,,18,1,,"{""2026-06-30"": 99.99999999999999}",0,14.562435194927723,13.147048656315494,3,cffc692b1e2e2564ea0e9cff.json,2026-10-09,源端最新仓位占比,1,"源端占比直接使用；净值滚动未执行：缺少基准日之后净值：040018,009108,007455,019231,270023",99.99999999999999,99.99999999999999,0.0
qieman__ZH171517,启明睿-稳健(国元版),且慢/盈米基金,,stargate_keyword_discovered,2026-10-09,2026-10-09,最新库内披露仓位,latest_observed_current,,21,1,,"{""2026-06-30"": 100.0}",0,15.720714086299067,12.86940321756853,1,123952f6a79fdbe4e3b9fcb3.json,2026-10-09,源端最新仓位占比,1,"源端占比直接使用；净值滚动未执行：缺少基准日之后净值：040018,022184,007455",100.0,100.0,0.0
qieman__ZH176375,启明睿-稳健(甬兴版),且慢/盈米基金,,stargate_keyword_discovered,2026-10-09,2026-10-09,最新库内披露仓位,latest_observed_current,,20,1,,"{""2026-06-30"": 100.0}",0,20.336595812441644,20.415062699143117,0,7590e2734ab6e1ca8d0fac7e.json,2026-10-09,源端最新仓位占比,1,源端占比直接使用；净值滚动未执行：缺少基准日之后净值：014978,100.0,100.0,0.0
qieman__ZH158741,启明睿-稳健(粤开版),且慢/盈米基金,,stargate_keyword_discovered,2026-10-09,2026-10-09,最新库内披露仓位,latest_observed_current,,22,1,,"{""2026-06-30"": 100.0}",0,20.087916193188967,12.43395153271775,1,4f0c18c48329601c1db4433a.json,2026-10-09,源端最新仓位占比,1,"源端占比直接使用；净值滚动未执行：缺少基准日之后净值：040018,019231,270023",100.0,100.0,0.0
qieman__ZH177887,启明睿-稳健(长江专属),且慢/盈米基金,,stargate_keyword_discovered,2026-10-09,2026-10-09,最新库内披露仓位,latest_observed_current,,19,1,,"{""2026-06-30"": 99.99999999999999}",0,16.377638865642755,10.835941842099539,1,4fb80866f80f05ca251b6c81.json,2026-10-09,源端最新仓位占比,1,"源端占比直接使用；净值滚动未执行：缺少基准日之后净值：040018,022184,007455",99.99999999999999,99.99999999999999,0.0
qieman__ZH161424,启明睿-稳健指数,且慢/盈米基金,,stargate_keyword_discovered,2026-10-09,2026-10-09,最新库内披露仓位,latest_observed_current,,23,1,,"{""2026-06-30"": 99.99999999999997}",0,8.49605037881992,29.718456172873637,0,2b0094b1fdba27d830cad096.json,2026-10-09,源端最新仓位占比,1,"源端占比直接使用；净值滚动未执行：缺少基准日之后净值：016533,007722,519981",99.99999999999997,99.99999999999997,0.0
qieman__ZH043937,启明睿-进取,且慢/盈米基金,,stargate_keyword_discovered,2026-10-09,2026-10-09,最新库内披露仓位,latest_observed_current,,29,1,,"{""2026-06-30"": 99.99999999999999}",0,39.81299977727575,3.579293654342231,3,3b04c534eca9e201de3a95ea.json,2026-10-09,源端最新仓位占比,1,"源端占比直接使用；净值滚动未执行：缺少基准日之后净值：020969,024239,040018,022184,009108,019231,019573,019578",99.99999999999999,99.99999999999999,0.0
qieman__ZH156186,启明睿-进取(中航版),且慢/盈米基金,,stargate_keyword_discovered,2026-10-09,2026-10-09,最新库内披露仓位,latest_observed_current,,29,1,,"{""2026-06-30"": 100.0}",0,44.28744851616877,3.986705780394902,3,bed8f29e2775e072261dfa6d.json,2026-10-09,源端最新仓位占比,1,"源端占比直接使用；净值滚动未执行：缺少基准日之后净值：005698,040018,009108,007455,019231,270023",100.0,100.0,0.0
qieman__ZH171520,启明睿-进取(国元版),且慢/盈米基金,,stargate_keyword_discovered,2026-10-09,2026-10-09,最新库内披露仓位,latest_observed_current,,29,1,,"{""2026-06-30"": 100.00000000000003}",0,44.1384164983907,3.856574610559639,3,9806155b17fe1924baaa8313.json,2026-10-09,源端最新仓位占比,1,"源端占比直接使用；净值滚动未执行：缺少基准日之后净值：000041,040018,017731,007455,019231",100.00000000000003,100.00000000000003,0.0
qieman__ZH176380,启明睿-进取(甬兴版),且慢/盈米基金,,stargate_keyword_discovered,2026-10-09,2026-10-09,最新库内披露仓位,latest_observed_current,,21,1,,"{""2026-06-30"": 99.99999999999999}",0,44.202372210944745,6.496453173569037,0,73d3735975f6110b001a6cad.json,2026-10-09,源端最新仓位占比,1,源端占比直接使用；净值滚动未执行：缺少基准日之后净值：014978,99.99999999999999,99.99999999999999,0.0
qieman__ZH158744,启明睿-进取(粤开版),且慢/盈米基金,,stargate_keyword_discovered,2026-10-09,2026-10-09,最新库内披露仓位,latest_observed_current,,29,1,,"{""2026-06-30"": 100.0}",0,53.091939297332445,4.107045409695474,1,da492072dc019e9aa410956f.json,2026-10-09,源端最新仓位占比,1,"源端占比直接使用；净值滚动未执行：缺少基准日之后净值：005698,000041,040018,019231",100.0,100.0,0.0
qieman__ZH177890,启明睿-进取(长江专属),且慢/盈米基金,,stargate_keyword_discovered,2026-10-09,2026-10-09,最新库内披露仓位,latest_observed_current,,28,1,,"{""2026-06-30"": 99.99999999999997}",0,38.60130747933053,3.6568518293847396,2,681ef9e106429510d56c0215.json,2026-10-09,源端最新仓位占比,1,"源端占比直接使用；净值滚动未执行：缺少基准日之后净值：040018,017731,160216,022184,007455",99.99999999999997,99.99999999999997,0.0
qieman__ZH161427,启明睿-进取指数,且慢/盈米基金,,stargate_keyword_discovered,2026-10-09,2026-10-09,最新库内披露仓位,latest_observed_current,,27,1,,"{""2026-06-30"": 99.99999999999999}",0,31.283423327808865,3.553074660586755,1,ae9e185c0b24fe9d6dae9d4a.json,2026-10-09,源端最新仓位占比,1,源端占比直接使用；净值滚动未执行：缺少基准日之后净值：019495,99.99999999999999,99.99999999999999,0.0
qieman__ZH166802,启明睿中西合璧-盈米,且慢/盈米基金,,stargate_keyword_discovered,2026-10-09,2026-10-09,最新库内披露仓位,latest_observed_current,,20,1,,"{""2026-06-30"": 100.00000000000001}",0,33.5365513442257,1.3706752439306322,5,df7f58bba912523eedf0b828.json,2026-10-09,源端最新仓位占比,1,"源端占比直接使用；净值滚动未执行：缺少基准日之后净值：000041,001691,160216,012060,009108,007455,270023,001668,004877,004420",100.00000000000001,100.00000000000001,0.0
qieman__ZH166795,启明睿低波-盈米,且慢/盈米基金,,stargate_keyword_discovered,2026-10-09,2026-10-09,最新库内披露仓位,latest_observed_current,,20,1,,"{""2026-06-30"": 100.00000000000001}",0,5.336045324172553,22.648578064616668,2,bfa4c58ae623ab0c0b13d087.json,2026-10-09,源端最新仓位占比,1,"源端占比直接使用；净值滚动未执行：缺少基准日之后净值：160216,009108,007455",100.00000000000001,100.00000000000001,0.0
qieman__ZH166796,启明睿进取-盈米,且慢/盈米基金,,stargate_keyword_discovered,2026-10-09,2026-10-09,最新库内披露仓位,latest_observed_current,,26,1,,"{""2026-06-30"": 99.99999999999999}",0,46.759476578453224,5.210114438336823,2,7ea5d96a3feca74fe2136d4d.json,2026-10-09,源端最新仓位占比,1,"源端占比直接使用；净值滚动未执行：缺少基准日之后净值：040018,001691,160216,009108,007455",99.99999999999999,99.99999999999999,0.0
qieman__ZH131943,唐僧股债混合组合1,且慢/盈米基金,,stargate_keyword_discovered,2026-10-09,2026-10-09,最新库内披露仓位,latest_observed_current,,11,1,,"{""2026-06-30"": 100.0}",0,6.437896033084661,14.345661420670883,0,99e9ce2261ec1405a33133e9.json,2026-10-09,源端最新仓位占比,1,源端占比直接使用；净值滚动未执行：缺少基准日之后净值：270042,100.0,100.0,0.0
qieman__ZH133633,唐僧股债混合组合10,且慢/盈米基金,,stargate_keyword_discovered,2026-10-09,2026-10-09,最新库内披露仓位,latest_observed_current,,9,1,,"{""2026-06-30"": 99.99999999999999}",0,12.603183738210051,6.95890569943258,0,eb83ab0f81d5035878577a25.json,2026-10-09,源端最新仓位占比,1,,99.99999999999999,99.99999999999999,0.0
qieman__ZH131944,唐僧股债混合组合2,且慢/盈米基金,,stargate_keyword_discovered,2026-10-09,2026-10-09,最新库内披露仓位,latest_observed_current,,11,1,,"{""2026-06-30"": 99.99999999999999}",0,7.331534307301986,13.747093422005321,0,f23fffd8b0107bc2a5c22d57.json,2026-10-09,源端最新仓位占比,1,源端占比直接使用；净值滚动未执行：缺少基准日之后净值：270042,99.99999999999999,99.99999999999999,0.0
qieman__ZH131945,唐僧股债混合组合3,且慢/盈米基金,,stargate_keyword_discovered,2026-10-09,2026-10-09,最新库内披露仓位,latest_observed_current,,11,1,,"{""2026-06-30"": 99.99999999999999}",0,9.886906922852937,15.191986889467438,0,8b52019ee2b6bbae0d41ab6d.json,2026-10-09,源端最新仓位占比,1,,99.99999999999999,99.99999999999999,0.0
qieman__ZH133541,唐僧股债混合组合4,且慢/盈米基金,,stargate_keyword_discovered,2026-10-09,2026-10-09,最新库内披露仓位,latest_observed_current,,10,1,,"{""2026-06-30"": 100.00000000000001}",0,10.632968753134955,11.677980744783445,0,19414bd9d7acdf3b08437bbf.json,2026-10-09,源端最新仓位占比,1,源端占比直接使用；净值滚动未执行：缺少基准日之后净值：270042,100.00000000000001,100.00000000000001,0.0
qieman__ZH133542,唐僧股债混合组合5,且慢/盈米基金,,stargate_keyword_discovered,2026-10-09,2026-10-09,最新库内披露仓位,latest_observed_current,,10,1,,"{""2026-06-30"": 100.00000000000001}",0,13.818154700126593,13.397429590575642,0,dd6fcf43a482a344be151108.json,2026-10-09,源端最新仓位占比,1,,100.00000000000001,100.00000000000001,0.0
qieman__ZH133543,唐僧股债混合组合6,且慢/盈米基金,,stargate_keyword_discovered,2026-10-09,2026-10-09,最新库内披露仓位,latest_observed_current,,9,1,,"{""2026-06-30"": 100.0}",0,15.531673665451628,9.09416809768592,0,8d8ce5600f6748813377d750.json,2026-10-09,源端最新仓位占比,1,源端占比直接使用；净值滚动未执行：缺少基准日之后净值：270042,100.0,100.0,0.0
qieman__ZH133544,唐僧股债混合组合7,且慢/盈米基金,,stargate_keyword_discovered,2026-10-09,2026-10-09,最新库内披露仓位,latest_observed_current,,10,1,,"{""2026-06-30"": 100.0}",0,13.918623459355691,10.073596307462509,0,297faec5a5746a9271f0d9a7.json,2026-10-09,源端最新仓位占比,1,,100.0,100.0,0.0
qieman__ZH131946,唐僧股债混合组合8,且慢/盈米基金,,stargate_keyword_discovered,2026-10-09,2026-10-09,最新库内披露仓位,latest_observed_current,,8,1,,"{""2026-06-30"": 100.0}",0,15.755184966465333,6.975594566299548,0,be0fd472a5600031dc33c91d.json,2026-10-09,源端最新仓位占比,1,源端占比直接使用；净值滚动未执行：缺少基准日之后净值：270042,100.0,100.0,0.0
qieman__ZH131947,唐僧股债混合组合9,且慢/盈米基金,,stargate_keyword_discovered,2026-10-09,2026-10-09,最新库内披露仓位,latest_observed_current,,10,1,,"{""2026-06-30"": 100.0}",0,15.965474612341701,7.98595663500767,0,3640523a08c9c4dbe3ea19c1.json,2026-10-09,源端最新仓位占比,1,,100.0,100.0,0.0
qieman__ZH122228,嘉实全明星精选,且慢/盈米基金,,stargate_keyword_discovered,2026-10-09,2026-10-09,最新库内披露仓位,latest_observed_current,,17,1,,"{""2026-06-30"": 99.99999999999999}",0,54.889698015443365,1.2075735462994075,0,11870f362192dd885366d0bb.json,2026-10-09,源端最新仓位占比,1,,99.99999999999999,99.99999999999999,0.0
qieman__ZH133230,嘉实稳盈年年红,且慢/盈米基金,,stargate_keyword_discovered,2026-10-09,2026-10-09,最新库内披露仓位,latest_observed_current,,13,1,,"{""2026-06-30"": 100.0}",0,6.212478049531102,22.815547614648857,0,749fcfec2f423d63e68be6be.json,2026-10-09,源端最新仓位占比,1,,100.0,100.0,0.0
qieman__ZH122227,嘉实稳稳小福气,且慢/盈米基金,,stargate_keyword_discovered,2026-10-09,2026-10-09,最新库内披露仓位,latest_observed_current,,12,1,,"{""2026-06-30"": 99.99999999999999}",0,8.611574526565922,24.004452107521292,0,3a47ec69fe82381dedf40f3e.json,2026-10-09,源端最新仓位占比,1,,99.99999999999999,99.99999999999999,0.0
qieman__ZH147147,国泰稳健理财,且慢/盈米基金,,stargate_keyword_discovered,2026-10-09,2026-10-09,最新库内披露仓位,latest_observed_current,,11,1,,"{""2026-06-30"": 100.0}",0,6.3934999947927675,26.114938035561288,0,1cbd038adff9717afa5090d9.json,2026-10-09,源端最新仓位占比,1,,100.0,100.0,0.0
qieman__ZH135012,国泰闲钱稳稳走,且慢/盈米基金,,stargate_keyword_discovered,2026-10-09,2026-10-09,最新库内披露仓位,latest_observed_current,,14,1,,"{""2026-06-30"": 100.00000000000001}",0,7.549765280032237,25.857454181735445,0,b9245d63843aa18d710efcf0.json,2026-10-09,源端最新仓位占比,1,,100.00000000000001,100.00000000000001,0.0
qieman__ZH134146,基厂全明星,且慢/盈米基金,,stargate_keyword_discovered,2026-10-09,2026-10-09,最新库内披露仓位,latest_observed_current,,19,1,,"{""2026-06-30"": 99.99999999999999}",0,50.44392463821899,3.105198328139584,0,607ee91b96bf11e4443fb8eb.json,2026-10-09,源端最新仓位占比,1,,99.99999999999999,99.99999999999999,0.0
qieman__SI000230,基金三好生单基辅导,且慢/盈米基金,,stargate_keyword_discovered,2026-10-09,2026-10-09,最新库内披露仓位,latest_observed_current,,7,1,,"{""2026-06-30"": 100.0}",0,8.599545906454269,7.1012222886200895,1,6bb7564d9fcad135f2621b2d.json,2026-10-09,源端最新仓位占比,1,源端占比直接使用；净值滚动未执行：缺少基准日之后净值：011584,100.0,100.0,0.0
qieman__SI000192,基金全磊打之大航海时代,且慢/盈米基金,,stargate_keyword_discovered,2026-10-09,2026-10-09,最新库内披露仓位,latest_observed_current,,22,1,,"{""2026-06-30"": 94.85999999999999}",0,2.5465155493651155,8.524540459774895,6,9651ae57fc913e7d45dfef47.json,2026-10-09,源端最新仓位占比,1,"源端占比直接使用；净值滚动未执行：缺少基准日之后净值：021662,006373,021842,160216,008401,007722,018044,006105,019737,008367,019709,968048,017641,019305,017970,968075,016702",94.85999999999999,94.85999999999999,5.140000000000001
qieman__SI000115,基金全磊打之慢慢变富,且慢/盈米基金,,stargate_keyword_discovered,2026-10-09,2026-10-09,最新库内披露仓位,latest_observed_current,,14,1,,"{""2026-06-30"": 96.93999999999998}",0,42.39264530828652,1.5259745644156837,0,b7ead819bf194b3fc353c8b6.json,2026-10-09,源端最新仓位占比,1,,96.93999999999998,96.93999999999998,3.06
qieman__ZH143371,基金全磊打之稳中求进,且慢/盈米基金,,stargate_keyword_discovered,2026-10-09,2026-10-09,最新库内披露仓位,latest_observed_current,,7,1,,"{""2026-06-30"": 100.0}",0,14.586274154479977,23.679813481287702,0,0390888227d5b72406711b1e.json,2026-10-09,源端最新仓位占比,1,,100.0,100.0,0.0
qieman__ZH143366,基金全磊打之酱肉,且慢/盈米基金,,stargate_keyword_discovered,2026-10-09,2026-10-09,最新库内披露仓位,latest_observed_current,,13,1,,"{""2026-06-30"": 99.99999999999999}",0,43.46959664740632,1.6407243382584373,0,b5255cd9ab8d96e3aea0a2cd.json,2026-10-09,源端最新仓位占比,1,,99.99999999999999,99.99999999999999,0.0
qieman__ZH165289,复利全天候,且慢/盈米基金,,stargate_keyword_discovered,2026-10-09,2026-10-09,最新库内披露仓位,latest_observed_current,,24,1,,"{""2026-06-30"": 100.0}",0,33.974613931309364,5.594574028021457,1,552526cf79c7053930de57a7.json,2026-10-09,源端最新仓位占比,1,"源端占比直接使用；净值滚动未执行：缺少基准日之后净值：005698,160216,012060,270023",100.0,100.0,0.0
qieman__ZH157343,复利长牛组合策略,且慢/盈米基金,,stargate_keyword_discovered,2026-10-09,2026-10-09,最新库内披露仓位,latest_observed_current,,26,1,,"{""2026-06-30"": 100.0}",0,33.744463082857656,4.375394796017776,1,2072d59537b86cc55781495b.json,2026-10-09,源端最新仓位占比,1,"源端占比直接使用；净值滚动未执行：缺少基准日之后净值：018156,021277,005676,021694",100.0,100.0,0.0
qieman__ZH154808,多肉ETF长久陪伴计划,且慢/盈米基金,,stargate_keyword_discovered,2026-10-09,2026-10-09,最新库内披露仓位,latest_observed_current,,8,1,,"{""2026-06-30"": 100.0}",0,39.85549295398609,0.7207735862485205,0,b5735603dbdd07dd535b95c7.json,2026-10-09,源端最新仓位占比,1,,100.0,100.0,0.0
qieman__ZH038235,大鱼计划,且慢/盈米基金,,stargate_keyword_discovered,2026-10-09,2026-10-09,最新库内披露仓位,latest_observed_current,,11,1,,"{""2026-06-30"": 99.99999999999999}",0,45.14084788435749,1.2987266062318077,0,e0c1ef156905562a92470fda.json,2026-10-09,源端最新仓位占比,1,,99.99999999999999,99.99999999999999,0.0
qieman__ZH144575,天马稳健,且慢/盈米基金,,stargate_keyword_discovered,2026-10-09,2026-10-09,最新库内披露仓位,latest_observed_current,,11,1,,"{""2026-06-30"": 99.99999999999999}",0,2.034980230356195,11.10327489236445,1,e7d3f3da683ee6777c32df7e.json,2026-10-09,源端最新仓位占比,1,源端占比直接使用；净值滚动未执行：缺少基准日之后净值：118001,99.99999999999999,99.99999999999999,0.0
qieman__ZH005495,守望者组合,且慢/盈米基金,,stargate_keyword_discovered,2026-10-09,2026-10-09,最新库内披露仓位,latest_observed_current,,13,1,,"{""2026-06-30"": 100.0}",0,39.25924499442127,0.08319959163955558,0,8dc8f18ca9b5cea5d19caf50.json,2026-10-09,源端最新仓位占比,1,"源端占比直接使用；净值滚动未执行：缺少基准日之后净值：050025,016055,096001,000834,007721,270042",100.0,100.0,0.0
qieman__ZH006358,安心动盈,且慢/盈米基金,,stargate_keyword_discovered,2026-10-09,2026-10-09,最新库内披露仓位,latest_observed_current,,8,1,,"{""2026-06-30"": 100.0}",0,8.688453418586487,16.276274362246784,0,c730977d8a87877cebf45ab2.json,2026-10-09,源端最新仓位占比,1,,100.0,100.0,0.0
qieman__ZH120109,安心盈,且慢/盈米基金,,stargate_keyword_discovered,2026-10-09,2026-10-09,最新库内披露仓位,latest_observed_current,,14,1,,"{""2026-06-30"": 99.99999999999999}",0,1.8018201933788545,16.011781086053947,0,726615a016f01e536738e176.json,2026-10-09,源端最新仓位占比,1,源端占比直接使用；净值滚动未执行：缺少基准日之后净值：000834,99.99999999999999,99.99999999999999,0.0
qieman__ZH178103,安稳哥伦布,且慢/盈米基金,,stargate_keyword_discovered,2026-10-09,2026-10-09,最新库内披露仓位,latest_observed_current,,21,1,,"{""2026-06-30"": 100.00000000000001}",0,16.011499590700325,12.118270165988077,0,5d8dd9cb9ebb37aba3bb6f5c.json,2026-10-09,源端最新仓位占比,1,源端占比直接使用；净值滚动未执行：缺少基准日之后净值：040018,100.00000000000001,100.00000000000001,0.0
qieman__ZH045542,安稳的幸福,且慢/盈米基金,,stargate_keyword_discovered,2026-10-09,2026-10-09,最新库内披露仓位,latest_observed_current,,16,1,,"{""2026-06-30"": 100.0}",0,9.908137015782135,28.83854235943968,0,ace8164d55991aa669974242.json,2026-10-09,源端最新仓位占比,1,"源端占比直接使用；净值滚动未执行：缺少基准日之后净值：019525,008764,006105,012864",100.0,100.0,0.0
qieman__ZH115695,安薪盈全债组合,且慢/盈米基金,,stargate_keyword_discovered,2026-10-09,2026-10-09,最新库内披露仓位,latest_observed_current,,9,1,,"{""2026-06-30"": 100.0}",0,0.0,14.89307457430717,0,0cadd2bf4bcf01fae2e5cc14.json,2026-10-09,源端最新仓位占比,1,,100.0,100.0,0.0
qieman__ZH126578,安薪盈增强组合,且慢/盈米基金,,stargate_keyword_discovered,2026-10-09,2026-10-09,最新库内披露仓位,latest_observed_current,,12,1,,"{""2026-06-30"": 100.00000000000001}",0,1.4712791929226674,14.135680700342006,1,91defd963a6f977117237242.json,2026-10-09,源端最新仓位占比,1,源端占比直接使用；净值滚动未执行：缺少基准日之后净值：019578,100.00000000000001,100.00000000000001,0.0
qieman__ZH037268,富国启明星理财升级,且慢/盈米基金,,stargate_keyword_discovered,2026-10-09,2026-10-09,最新库内披露仓位,latest_observed_current,,21,1,,"{""2026-06-30"": 99.99999999999997}",0,11.0544430778045,16.101625851731846,0,e9baee925e2cb8a5d115db9c.json,2026-10-09,源端最新仓位占比,1,,99.99999999999997,99.99999999999997,0.0
qieman__ZH142724,富国基金清北计划1号,且慢/盈米基金,,stargate_keyword_discovered,2026-10-09,2026-10-09,最新库内披露仓位,latest_observed_current,,11,1,,"{""2026-06-30"": 100.0}",0,40.24393001721914,12.444441206920397,0,36acfdecf6aceb351e0dfbdf.json,2026-10-09,源端最新仓位占比,1,,100.0,100.0,0.0
qieman__ZH142725,富国基金清北计划2号,且慢/盈米基金,,stargate_keyword_discovered,2026-10-09,2026-10-09,最新库内披露仓位,latest_observed_current,,13,1,,"{""2026-06-30"": 99.99999999999999}",0,73.24205218702038,2.8797069773939215,0,3df06a6e2929f9e6274b8a27.json,2026-10-09,源端最新仓位占比,1,,99.99999999999999,99.99999999999999,0.0
qieman__ZH164292,富国多元低波稳健理财,且慢/盈米基金,,stargate_keyword_discovered,2026-10-09,2026-10-09,最新库内披露仓位,latest_observed_current,,14,1,,"{""2026-06-30"": 100.0}",0,0.0033462531828633473,41.07835642397883,0,f95c1a9005cf0356846454b5.json,2026-10-09,源端最新仓位占比,1,源端占比直接使用；净值滚动未执行：缺少基准日之后净值：019524,100.0,100.0,0.0
qieman__ZH129543,富国守护星稳健理财,且慢/盈米基金,,stargate_keyword_discovered,2026-10-09,2026-10-09,最新库内披露仓位,latest_observed_current,,18,1,,"{""2026-06-30"": 100.0}",0,6.533613416721109,17.94640083170214,0,d94d118a35d6a4c8371f7a6c.json,2026-10-09,源端最新仓位占比,1,,100.0,100.0,0.0
qieman__ZH175120,富国稳健低波理财,且慢/盈米基金,,stargate_keyword_discovered,2026-10-09,2026-10-09,最新库内披露仓位,latest_observed_current,,19,1,,"{""2026-06-30"": 99.99999999999999}",0,2.5408760061196887,13.62365660217834,0,49c81bd290892a671620c57d.json,2026-10-09,源端最新仓位占比,1,"源端占比直接使用；净值滚动未执行：缺少基准日之后净值：019893,002880,008320",99.99999999999999,99.99999999999999,0.0
qieman__ZH148406,富国稳稳星稳健理财,且慢/盈米基金,,stargate_keyword_discovered,2026-10-09,2026-10-09,最新库内披露仓位,latest_observed_current,,10,1,,"{""2026-06-30"": 99.99999999999999}",0,2.2121148910982202,16.90534590890174,0,f220206fa914e76d6d6fb6b1.json,2026-10-09,源端最新仓位占比,1,,99.99999999999999,99.99999999999999,0.0
qieman__ZH040237,小小的太阳,且慢/盈米基金,,stargate_keyword_discovered,2026-10-09,2026-10-09,最新库内披露仓位,latest_observed_current,,23,1,,"{""2026-06-30"": 99.99999999999999}",0,8.463254122792534,15.760752131375309,0,9222730091aa468ee91e129f.json,2026-10-09,源端最新仓位占比,1,源端占比直接使用；净值滚动未执行：缺少基准日之后净值：007360,99.99999999999999,99.99999999999999,0.0
qieman__ZH056007,小帮3年平衡型组合,且慢/盈米基金,,stargate_keyword_discovered,2026-10-09,2026-10-09,最新库内披露仓位,latest_observed_current,,14,1,,"{""2026-06-30"": 100.0}",0,14.657202881126512,18.22387303709113,3,20d129965819e282334845f9.json,2026-10-09,源端最新仓位占比,1,"源端占比直接使用；净值滚动未执行：缺少基准日之后净值：019441,018043,022325,501226",100.0,100.0,0.0
qieman__ZH036185,小帮50优选组合,且慢/盈米基金,,stargate_keyword_discovered,2026-10-09,2026-10-09,最新库内披露仓位,latest_observed_current,,12,1,,"{""2026-06-30"": 100.0}",0,4.16263063790236,8.383360339973045,2,5312d67e1d8de922808030f1.json,2026-10-09,源端最新仓位占比,1,"源端占比直接使用；净值滚动未执行：缺少基准日之后净值：016532,006373,501226",100.0,100.0,0.0
qieman__ZH036062,小帮中证500中小盘成长组合,且慢/盈米基金,,stargate_keyword_discovered,2026-10-09,2026-10-09,最新库内披露仓位,latest_observed_current,,12,1,,"{""2026-06-30"": 100.00000000000001}",0,32.96027844915731,2.5277766770012406,2,8561860d6f5df39fd598b26e.json,2026-10-09,源端最新仓位占比,1,"源端占比直接使用；净值滚动未执行：缺少基准日之后净值：016532,006373,501226",100.00000000000001,100.00000000000001,0.0
qieman__ZH098871,小帮全球互联网精选组合,且慢/盈米基金,,stargate_keyword_discovered,2026-10-09,2026-10-09,最新库内披露仓位,latest_observed_current,,9,1,,"{""2026-06-30"": 100.00000000000001}",0,3.4375521836370106,6.554203806877514,4,1e37bb803d0494d751a089c5.json,2026-10-09,源端最新仓位占比,1,"源端占比直接使用；净值滚动未执行：缺少基准日之后净值：019441,040046,006373,009225,501226",100.00000000000001,100.00000000000001,0.0
qieman__ZH159016,小帮全球配置3年策略,且慢/盈米基金,,stargate_keyword_discovered,2026-10-09,2026-10-09,最新库内披露仓位,latest_observed_current,,18,1,,"{""2026-06-30"": 99.99999999999999}",0,2.702419515461539,28.72474005960899,5,8ccfe8b729c791db257024ec.json,2026-10-09,源端最新仓位占比,1,"源端占比直接使用；净值滚动未执行：缺少基准日之后净值：019441,017436,006373,000834,018043,501226",99.99999999999999,99.99999999999999,0.0
qieman__ZH159017,小帮全球配置4年策略,且慢/盈米基金,,stargate_keyword_discovered,2026-10-09,2026-10-09,最新库内披露仓位,latest_observed_current,,19,1,,"{""2026-06-30"": 100.00000000000001}",0,2.4516974417313673,16.297272920705897,5,49795ed462873baa95064803.json,2026-10-09,源端最新仓位占比,1,"源端占比直接使用；净值滚动未执行：缺少基准日之后净值：019441,017436,006373,000834,018043,501226",100.00000000000001,100.00000000000001,0.0
qieman__ZH159018,小帮全球配置5年策略,且慢/盈米基金,,stargate_keyword_discovered,2026-10-09,2026-10-09,最新库内披露仓位,latest_observed_current,,12,1,,"{""2026-06-30"": 99.99999999999999}",0,2.7898289240262604,4.869364392598395,5,30b9d7bbbf2f14a3e309fd9e.json,2026-10-09,源端最新仓位占比,1,"源端占比直接使用；净值滚动未执行：缺少基准日之后净值：019441,017436,006373,000834,018043,501226",99.99999999999999,99.99999999999999,0.0
qieman__ZH097228,小帮创业板组合,且慢/盈米基金,,stargate_keyword_discovered,2026-10-09,2026-10-09,最新库内披露仓位,latest_observed_current,,13,1,,"{""2026-06-30"": 100.00000000000003}",0,53.27936217913905,2.019238546272236,2,3993925545bd7380fe98bf73.json,2026-10-09,源端最新仓位占比,1,"源端占比直接使用；净值滚动未执行：缺少基准日之后净值：016452,016532,501226",100.00000000000003,100.00000000000003,0.0
qieman__ZH039852,小帮券商指数组合,且慢/盈米基金,,stargate_keyword_discovered,2026-10-09,2026-10-09,最新库内披露仓位,latest_observed_current,,11,1,,"{""2026-06-30"": 100.0}",0,3.4732600050479947,7.73262047921765,2,9734d52b725142364e53b7ff.json,2026-10-09,源端最新仓位占比,1,"源端占比直接使用；净值滚动未执行：缺少基准日之后净值：016532,006373,501226",100.0,100.0,0.0
qieman__ZH043321,小帮医药组合,且慢/盈米基金,,stargate_keyword_discovered,2026-10-09,2026-10-09,最新库内披露仓位,latest_observed_current,,13,1,,"{""2026-06-30"": 100.00000000000001}",0,30.127126483543023,4.391450200748972,3,1c8680ebdc154c2260c9af36.json,2026-10-09,源端最新仓位占比,1,"源端占比直接使用；净值滚动未执行：缺少基准日之后净值：018155,016532,019736,501226",100.00000000000001,100.00000000000001,0.0
qieman__ZH159014,小帮备用金策略,且慢/盈米基金,,stargate_keyword_discovered,2026-10-09,2026-10-09,最新库内披露仓位,latest_observed_current,,3,1,,"{""2026-06-30"": 100.0}",0,0.0,13.919908476941998,0,b48db55387c0e4525b3b9c11.json,2026-10-09,源端最新仓位占比,1,,100.0,100.0,0.0
qieman__ZH036064,小帮恒生港股通组合,且慢/盈米基金,,stargate_keyword_discovered,2026-10-09,2026-10-09,最新库内披露仓位,latest_observed_current,,11,1,,"{""2026-06-30"": 100.0}",0,3.425632066396736,6.632835926026171,4,73b7f5c10f87c786fd88bf4b.json,2026-10-09,源端最新仓位占比,1,"源端占比直接使用；净值滚动未执行：缺少基准日之后净值：016452,016532,006373,019736,501226",100.0,100.0,0.0
qieman__ZH108695,小帮新能车组合,且慢/盈米基金,,stargate_keyword_discovered,2026-10-09,2026-10-09,最新库内披露仓位,latest_observed_current,,11,1,,"{""2026-06-30"": 100.0}",0,7.013442596630847,7.268567940313977,2,de3dc04c08039a88f729d207.json,2026-10-09,源端最新仓位占比,1,"源端占比直接使用；净值滚动未执行：缺少基准日之后净值：016532,006373,501226",100.0,100.0,0.0
qieman__ZH036063,小帮沪深300大盘价值组合,且慢/盈米基金,,stargate_keyword_discovered,2026-10-09,2026-10-09,最新库内披露仓位,latest_observed_current,,11,1,,"{""2026-06-30"": 99.99999999999999}",0,23.665110482626925,6.263113463797699,2,3b31cd014565ad6390094fb8.json,2026-10-09,源端最新仓位占比,1,"源端占比直接使用；净值滚动未执行：缺少基准日之后净值：016532,006373,501226",99.99999999999999,99.99999999999999,0.0
qieman__ZH035878,小帮消费组合,且慢/盈米基金,,stargate_keyword_discovered,2026-10-09,2026-10-09,最新库内披露仓位,latest_observed_current,,11,1,,"{""2026-06-30"": 99.99999999999999}",0,27.123672692547583,7.019985026667589,2,b2ea8ae44080cd39785a2f8c.json,2026-10-09,源端最新仓位占比,1,"源端占比直接使用；净值滚动未执行：缺少基准日之后净值：016532,006373,501226",99.99999999999999,99.99999999999999,0.0
qieman__ZH036184,小帮省心债组合,且慢/盈米基金,,stargate_keyword_discovered,2026-10-09,2026-10-09,最新库内披露仓位,latest_observed_current,,8,1,,"{""2026-06-30"": 100.0}",0,2.6822458623741676,34.38960382589928,0,7fcf9e356437742ed6145778.json,2026-10-09,源端最新仓位占比,1,,100.0,100.0,0.0
qieman__ZH043319,小帮睿定投（A股版）组合,且慢/盈米基金,,stargate_keyword_discovered,2026-10-09,2026-10-09,最新库内披露仓位,latest_observed_current,,11,1,,"{""2026-06-30"": 100.00000000000001}",0,23.282791666464114,4.844412041124928,2,40360b4ec0362348161d5834.json,2026-10-09,源端最新仓位占比,1,"源端占比直接使用；净值滚动未执行：缺少基准日之后净值：016532,006373,501226",100.00000000000001,100.00000000000001,0.0
qieman__ZH036119,小帮睿定投（全球版）组合,且慢/盈米基金,,stargate_keyword_discovered,2026-10-09,2026-10-09,最新库内披露仓位,latest_observed_current,,12,1,,"{""2026-06-30"": 99.99999999999999}",0,2.7898289240262604,4.869364392598395,5,e18e3efa3154dec9e4f9fd85.json,2026-10-09,源端最新仓位占比,1,"源端占比直接使用；净值滚动未执行：缺少基准日之后净值：019441,017436,006373,000834,018043,501226",99.99999999999999,99.99999999999999,0.0
qieman__ZH048865,小帮科技龙头组合,且慢/盈米基金,,stargate_keyword_discovered,2026-10-09,2026-10-09,最新库内披露仓位,latest_observed_current,,12,1,,"{""2026-06-30"": 100.00000000000003}",0,7.568790229612733,6.733318203433414,3,cbf891e164e1749b5a945321.json,2026-10-09,源端最新仓位占比,1,"源端占比直接使用；净值滚动未执行：缺少基准日之后净值：016452,006373,501226",100.00000000000003,100.00000000000003,0.0
qieman__ZH159015,小帮稳健2年策略,且慢/盈米基金,,stargate_keyword_discovered,2026-10-09,2026-10-09,最新库内披露仓位,latest_observed_current,,8,1,,"{""2026-06-30"": 100.0}",0,2.6840705194234022,34.39285680684153,0,b15744234f9f77dcf37e4db3.json,2026-10-09,源端最新仓位占比,1,,100.0,100.0,0.0
qieman__ZH043320,小帮稳健增利（A股版）组合,且慢/盈米基金,,stargate_keyword_discovered,2026-10-09,2026-10-09,最新库内披露仓位,latest_observed_current,,12,1,,"{""2026-06-30"": 99.99999999999999}",0,8.243764942061174,12.172761603515626,2,39ad1919e3c3d0d73668caa3.json,2026-10-09,源端最新仓位占比,1,"源端占比直接使用；净值滚动未执行：缺少基准日之后净值：016452,016532,006373",99.99999999999999,99.99999999999999,0.0
qieman__ZH036316,小帮稳健增利（全球版）组合,且慢/盈米基金,,stargate_keyword_discovered,2026-10-09,2026-10-09,最新库内披露仓位,latest_observed_current,,10,1,,"{""2026-06-30"": 100.0}",0,3.8449913693611446,8.500204704619502,3,0be1a3d84a9db4db0b9eb5b4.json,2026-10-09,源端最新仓位占比,1,"源端占比直接使用；净值滚动未执行：缺少基准日之后净值：019441,018043,501226",100.0,100.0,0.0
qieman__ZH036118,小帮红利组合,且慢/盈米基金,,stargate_keyword_discovered,2026-10-09,2026-10-09,最新库内披露仓位,latest_observed_current,,10,1,,"{""2026-06-30"": 100.00000000000001}",0,23.115096995292227,5.577463938291165,1,2fd26e78745ce1edafd87a40.json,2026-10-09,源端最新仓位占比,1,源端占比直接使用；净值滚动未执行：缺少基准日之后净值：501226,100.00000000000001,100.00000000000001,0.0
qieman__ZH042723,小帮美股组合,且慢/盈米基金,,stargate_keyword_discovered,2026-10-09,2026-10-09,最新库内披露仓位,latest_observed_current,,9,1,,"{""2026-06-30"": 100.00000000000001}",0,4.7310567480454,1.3806848174402306,5,8c4141c5a93b7d830b957421.json,2026-10-09,源端最新仓位占比,1,"源端占比直接使用；净值滚动未执行：缺少基准日之后净值：019441,016452,000043,006373,018043,019547,501226",100.00000000000001,100.00000000000001,0.0
qieman__ZH179363,小满盈仓,且慢/盈米基金,,stargate_keyword_discovered,2026-10-09,2026-10-09,最新库内披露仓位,latest_observed_current,,17,1,,"{""2026-06-30"": 99.99999999999999}",0,8.990488232816212,22.715999581776927,1,873eb98df381db6214a84078.json,2026-10-09,源端最新仓位占比,1,"源端占比直接使用；净值滚动未执行：缺少基准日之后净值：017437,022184",99.99999999999999,99.99999999999999,0.0
qieman__ZH038532,小确幸计划,且慢/盈米基金,,stargate_keyword_discovered,2026-10-09,2026-10-09,最新库内披露仓位,latest_observed_current,,30,1,,"{""2026-06-30"": 100.00000000000001}",0,4.1481503574918195,19.373532400534206,0,b384307bf1c91b476194490a.json,2026-10-09,源端最新仓位占比,1,,100.00000000000001,100.00000000000001,0.0
qieman__ZH132600,小豆稳健配置策略,且慢/盈米基金,,stargate_keyword_discovered,2026-10-09,2026-10-09,最新库内披露仓位,latest_observed_current,,7,1,,"{""2026-06-30"": 100.0}",0,12.082067305548545,7.092940158701447,0,ae99bb341dc2e251642223d3.json,2026-10-09,源端最新仓位占比,1,,100.0,100.0,0.0
qieman__ZH157884,小豆稳健配置策略002,且慢/盈米基金,,stargate_keyword_discovered,2026-10-09,2026-10-09,最新库内披露仓位,latest_observed_current,,1,1,,"{""2026-06-30"": 100.0}",0,0.0,9.14281226808303,0,2d8a4e99cf2e0f13d2334ea9.json,2026-10-10,净值漂移推算,1,,100.0,100.0,0.0
qieman__ZH134206,小豆稳健配置策略2201,且慢/盈米基金,,stargate_keyword_discovered,2026-10-09,2026-10-09,最新库内披露仓位,latest_observed_current,,1,1,,"{""2026-06-30"": 100.0}",0,0.0,9.14281226808303,0,9bc7ca1137142368f136b55f.json,2026-10-10,净值漂移推算,1,,100.0,100.0,0.0
qieman__ZH164958,小豆稳健配置策略2512,且慢/盈米基金,,stargate_keyword_discovered,2026-10-09,2026-10-09,最新库内披露仓位,latest_observed_current,,1,1,,"{""2026-06-30"": 100.0}",0,0.0,9.14281226808303,0,f12db55856a718c29b2066ed.json,2026-10-10,净值漂移推算,1,,100.0,100.0,0.0
qieman__ZH167384,小豆稳健配置策略2528,且慢/盈米基金,,stargate_keyword_discovered,2026-10-09,2026-10-09,最新库内披露仓位,latest_observed_current,,12,1,,"{""2026-06-30"": 100.0}",0,13.94103687126836,7.001055965230615,0,483079ae2c065ea03aa696d3.json,2026-10-09,源端最新仓位占比,1,,100.0,100.0,0.0
qieman__ZH167647,小豆稳健配置策略2529,且慢/盈米基金,,stargate_keyword_discovered,2026-10-09,2026-10-09,最新库内披露仓位,latest_observed_current,,11,1,,"{""2026-06-30"": 100.00000000000001}",0,20.01441622912251,6.119306091875441,0,f1266549ade3139e3519ad46.json,2026-10-09,源端最新仓位占比,1,,100.00000000000001,100.00000000000001,0.0
qieman__ZH167875,小豆稳健配置策略2530,且慢/盈米基金,,stargate_keyword_discovered,2026-10-09,2026-10-09,最新库内披露仓位,latest_observed_current,,12,1,,"{""2026-06-30"": 100.0}",0,20.73733907390509,6.455421958834354,0,2303386ed583d4aa701025af.json,2026-10-09,源端最新仓位占比,1,,100.0,100.0,0.0
qieman__ZH168101,小豆稳健配置策略2531,且慢/盈米基金,,stargate_keyword_discovered,2026-10-09,2026-10-09,最新库内披露仓位,latest_observed_current,,14,1,,"{""2026-06-30"": 100.0}",0,22.370115682226977,6.188722016363728,0,26d3ab75c61f9a23c62857d1.json,2026-10-09,源端最新仓位占比,1,,100.0,100.0,0.0
qieman__ZH168272,小豆稳健配置策略2532,且慢/盈米基金,,stargate_keyword_discovered,2026-10-09,2026-10-09,最新库内披露仓位,latest_observed_current,,18,1,,"{""2026-06-30"": 100.0}",0,15.178535306150758,6.893915237795433,0,b2e146069c281d927c14f72e.json,2026-10-09,源端最新仓位占比,1,,100.0,100.0,0.0
qieman__ZH168534,小豆稳健配置策略2533,且慢/盈米基金,,stargate_keyword_discovered,2026-10-09,2026-10-09,最新库内披露仓位,latest_observed_current,,24,1,,"{""2026-06-30"": 99.99999999999999}",0,15.772855216897398,8.61443060729024,0,a310c0cedd89f0e4b44fd930.json,2026-10-09,源端最新仓位占比,1,,99.99999999999999,99.99999999999999,0.0
qieman__ZH168795,小豆稳健配置策略2534,且慢/盈米基金,,stargate_keyword_discovered,2026-10-09,2026-10-09,最新库内披露仓位,latest_observed_current,,21,1,,"{""2026-06-30"": 99.99999999999999}",0,14.703395809762979,7.503848351255184,0,e6e984a8c91a837f34c847b6.json,2026-10-09,源端最新仓位占比,1,,99.99999999999999,99.99999999999999,0.0
qieman__ZH169085,小豆稳健配置策略2535,且慢/盈米基金,,stargate_keyword_discovered,2026-10-09,2026-10-09,最新库内披露仓位,latest_observed_current,,25,1,,"{""2026-06-30"": 100.00000000000001}",0,22.59004624381793,9.71612939510186,0,7a3f87d192b0a12a38fc6234.json,2026-10-09,源端最新仓位占比,1,,100.00000000000001,100.00000000000001,0.0
qieman__ZH169408,小豆稳健配置策略2536,且慢/盈米基金,,stargate_keyword_discovered,2026-10-09,2026-10-09,最新库内披露仓位,latest_observed_current,,22,1,,"{""2026-06-30"": 100.00000000000003}",0,22.058642187441517,9.609916111189795,0,33c2d9b37a6f1109e2bde51f.json,2026-10-09,源端最新仓位占比,1,,100.00000000000003,100.00000000000003,0.0
qieman__ZH169659,小豆稳健配置策略2537,且慢/盈米基金,,stargate_keyword_discovered,2026-10-09,2026-10-09,最新库内披露仓位,latest_observed_current,,22,1,,"{""2026-06-30"": 99.99999999999999}",0,21.98004062865279,8.947419406859483,0,8f2d732e450b8d02ca30fc42.json,2026-10-09,源端最新仓位占比,1,,99.99999999999999,99.99999999999999,0.0
qieman__ZH169937,小豆稳健配置策略2538,且慢/盈米基金,,stargate_keyword_discovered,2026-10-09,2026-10-09,最新库内披露仓位,latest_observed_current,,22,1,,"{""2026-06-30"": 99.99999999999997}",0,18.969352377309374,8.97445893630939,0,842519f6a9343d7757ef4986.json,2026-10-09,源端最新仓位占比,1,,99.99999999999997,99.99999999999997,0.0
qieman__ZH170157,小豆稳健配置策略2539,且慢/盈米基金,,stargate_keyword_discovered,2026-10-09,2026-10-09,最新库内披露仓位,latest_observed_current,,24,1,,"{""2026-06-30"": 100.00000000000001}",0,18.329075444457143,8.44247596561607,0,c2e820eebb4aa1b9de80b1f7.json,2026-10-09,源端最新仓位占比,1,,100.00000000000001,100.00000000000001,0.0
qieman__ZH170511,小豆稳健配置策略2540,且慢/盈米基金,,stargate_keyword_discovered,2026-10-09,2026-10-09,最新库内披露仓位,latest_observed_current,,25,1,,"{""2026-06-30"": 99.99999999999999}",0,19.853617850740843,9.114308608083146,0,db54499ba2ec902240c9191e.json,2026-10-09,源端最新仓位占比,1,,99.99999999999999,99.99999999999999,0.0
qieman__ZH170764,小豆稳健配置策略2541,且慢/盈米基金,,stargate_keyword_discovered,2026-10-09,2026-10-09,最新库内披露仓位,latest_observed_current,,23,1,,"{""2026-06-30"": 100.0}",0,20.867238942684132,7.341135897253416,0,2a88cd0bd9f13c19dd226d66.json,2026-10-09,源端最新仓位占比,1,,100.0,100.0,0.0
qieman__ZH170989,小豆稳健配置策略2542,且慢/盈米基金,,stargate_keyword_discovered,2026-10-09,2026-10-09,最新库内披露仓位,latest_observed_current,,25,1,,"{""2026-06-30"": 100.0}",0,23.771036334960773,9.541431678469698,0,672994a815f83457a68a3421.json,2026-10-09,源端最新仓位占比,1,,100.0,100.0,0.0
qieman__ZH171250,小豆稳健配置策略2543,且慢/盈米基金,,stargate_keyword_discovered,2026-10-09,2026-10-09,最新库内披露仓位,latest_observed_current,,24,1,,"{""2026-06-30"": 99.99999999999997}",0,23.417101191850048,8.038318565462564,0,caa04155668047551e63b8b3.json,2026-10-09,源端最新仓位占比,1,,99.99999999999997,99.99999999999997,0.0
qieman__ZH171506,小豆稳健配置策略2544,且慢/盈米基金,,stargate_keyword_discovered,2026-10-09,2026-10-09,最新库内披露仓位,latest_observed_current,,24,1,,"{""2026-06-30"": 100.00000000000001}",0,26.321552805767926,8.57491257078653,0,e13c81ddd2618c803abc404f.json,2026-10-09,源端最新仓位占比,1,,100.00000000000001,100.00000000000001,0.0
qieman__ZH171750,小豆稳健配置策略2545,且慢/盈米基金,,stargate_keyword_discovered,2026-10-09,2026-10-09,最新库内披露仓位,latest_observed_current,,22,1,,"{""2026-06-30"": 100.00000000000001}",0,24.893937938088243,6.653672975710283,0,7e813edc27036ac54296e9c2.json,2026-10-09,源端最新仓位占比,1,,100.00000000000001,100.00000000000001,0.0
qieman__ZH172022,小豆稳健配置策略2546,且慢/盈米基金,,stargate_keyword_discovered,2026-10-09,2026-10-09,最新库内披露仓位,latest_observed_current,,22,1,,"{""2026-06-30"": 100.00000000000001}",0,25.227757066748143,6.655100380039554,0,6ba4fe21d7310f07f3ecdd69.json,2026-10-09,源端最新仓位占比,1,,100.00000000000001,100.00000000000001,0.0
qieman__ZH172194,小豆稳健配置策略2547,且慢/盈米基金,,stargate_keyword_discovered,2026-10-09,2026-10-09,最新库内披露仓位,latest_observed_current,,22,1,,"{""2026-06-30"": 100.0}",0,24.923192651035453,6.262040447264265,0,80cbc24fde9e38c8305aebcb.json,2026-10-09,源端最新仓位占比,1,,100.0,100.0,0.0
qieman__ZH172412,小豆稳健配置策略2548,且慢/盈米基金,,stargate_keyword_discovered,2026-10-09,2026-10-09,最新库内披露仓位,latest_observed_current,,22,1,,"{""2026-06-30"": 99.99999999999999}",0,24.396236844370563,6.323342646836729,0,45cc318da1d7bec0053f66ec.json,2026-10-09,源端最新仓位占比,1,,99.99999999999999,99.99999999999999,0.0
qieman__ZH172645,小豆稳健配置策略2549,且慢/盈米基金,,stargate_keyword_discovered,2026-10-09,2026-10-09,最新库内披露仓位,latest_observed_current,,22,1,,"{""2026-06-30"": 100.0}",0,22.01222637936237,6.36798573089665,0,32455b2506e0e86cc3d1c6e6.json,2026-10-09,源端最新仓位占比,1,,100.0,100.0,0.0
qieman__ZH172841,小豆稳健配置策略2550,且慢/盈米基金,,stargate_keyword_discovered,2026-10-09,2026-10-09,最新库内披露仓位,latest_observed_current,,14,1,,"{""2026-06-30"": 100.0}",0,23.04569360182807,4.25070179105007,0,cc91a1bd2327def651217c00.json,2026-10-09,源端最新仓位占比,1,,100.0,100.0,0.0
qieman__ZH169936,小豆稳健配置策略258,且慢/盈米基金,,stargate_keyword_discovered,2026-10-09,2026-10-09,最新库内披露仓位,latest_observed_current,,1,1,,"{""2026-06-30"": 100.0}",0,0.0,9.14281226808303,0,20dbe04ad7042b9d1c6ba84d.json,2026-10-10,净值漂移推算,1,,100.0,100.0,0.0
qieman__ZH173080,小豆稳健配置策略2601,且慢/盈米基金,,stargate_keyword_discovered,2026-10-09,2026-10-09,最新库内披露仓位,latest_observed_current,,22,1,,"{""2026-06-30"": 99.99999999999999}",0,21.1215162572592,6.863568742563165,0,8d70a9619137d942cf606755.json,2026-10-09,源端最新仓位占比,1,,99.99999999999999,99.99999999999999,0.0
qieman__ZH173286,小豆稳健配置策略2602,且慢/盈米基金,,stargate_keyword_discovered,2026-10-09,2026-10-09,最新库内披露仓位,latest_observed_current,,21,1,,"{""2026-06-30"": 99.99999999999997}",0,19.91671955238071,6.586917827503066,0,9161fca9c1f117a166e69ea2.json,2026-10-09,源端最新仓位占比,1,,99.99999999999997,99.99999999999997,0.0
qieman__ZH173540,小豆稳健配置策略2603,且慢/盈米基金,,stargate_keyword_discovered,2026-10-09,2026-10-09,最新库内披露仓位,latest_observed_current,,21,1,,"{""2026-06-30"": 100.00000000000001}",0,18.04392983497771,6.745428213329766,0,7ee0a513f13eb3d9e6cfe6ea.json,2026-10-09,源端最新仓位占比,1,,100.00000000000001,100.00000000000001,0.0
qieman__ZH173758,小豆稳健配置策略2604,且慢/盈米基金,,stargate_keyword_discovered,2026-10-09,2026-10-09,最新库内披露仓位,latest_observed_current,,21,1,,"{""2026-06-30"": 100.0}",0,17.834349527937174,6.776365912047042,0,0971846e719137f30c1c8c8c.json,2026-10-09,源端最新仓位占比,1,,100.0,100.0,0.0
qieman__ZH174018,小豆稳健配置策略2605,且慢/盈米基金,,stargate_keyword_discovered,2026-10-09,2026-10-09,最新库内披露仓位,latest_observed_current,,21,1,,"{""2026-06-30"": 100.00000000000003}",0,10.61792233892612,6.921194378077191,0,36d5d1a3ce305f44dda42052.json,2026-10-09,源端最新仓位占比,1,,100.00000000000003,100.00000000000003,0.0
qieman__ZH174290,小豆稳健配置策略2606,且慢/盈米基金,,stargate_keyword_discovered,2026-10-09,2026-10-09,最新库内披露仓位,latest_observed_current,,21,1,,"{""2026-06-30"": 100.0}",0,10.61792233892612,6.925711622468996,0,896b7301bd500d7a4be7cf8f.json,2026-10-09,源端最新仓位占比,1,,100.0,100.0,0.0
qieman__ZH174510,小豆稳健配置策略2607,且慢/盈米基金,,stargate_keyword_discovered,2026-10-09,2026-10-09,最新库内披露仓位,latest_observed_current,,21,1,,"{""2026-06-30"": 100.00000000000001}",0,10.602265321662289,6.9202110000646755,0,16ead2051d34ef61b484d0c2.json,2026-10-09,源端最新仓位占比,1,,100.00000000000001,100.00000000000001,0.0
qieman__ZH174711,小豆稳健配置策略2608,且慢/盈米基金,,stargate_keyword_discovered,2026-10-09,2026-10-09,最新库内披露仓位,latest_observed_current,,21,1,,"{""2026-06-30"": 99.99999999999999}",0,10.666686709624873,6.900326934406636,0,90541f47cb51c8484e0a0806.json,2026-10-09,源端最新仓位占比,1,,99.99999999999999,99.99999999999999,0.0
qieman__ZH174958,小豆稳健配置策略2609,且慢/盈米基金,,stargate_keyword_discovered,2026-10-09,2026-10-09,最新库内披露仓位,latest_observed_current,,21,1,,"{""2026-06-30"": 99.99999999999999}",0,10.665233133281824,6.874063399543857,0,bc0ba7e4167fe32fd13dd8ce.json,2026-10-09,源端最新仓位占比,1,,99.99999999999999,99.99999999999999,0.0
qieman__ZH175225,小豆稳健配置策略2610,且慢/盈米基金,,stargate_keyword_discovered,2026-10-09,2026-10-09,最新库内披露仓位,latest_observed_current,,21,1,,"{""2026-06-30"": 99.99999999999999}",0,10.683880134863923,6.898460938853783,0,c7fa86a99f057b9a9a7d45f0.json,2026-10-09,源端最新仓位占比,1,,99.99999999999999,99.99999999999999,0.0
qieman__ZH175422,小豆稳健配置策略2611,且慢/盈米基金,,stargate_keyword_discovered,2026-10-09,2026-10-09,最新库内披露仓位,latest_observed_current,,21,1,,"{""2026-06-30"": 100.0}",0,10.874525025960171,6.781102269796202,0,ee237d46ef135df385f112ac.json,2026-10-09,源端最新仓位占比,1,,100.0,100.0,0.0
qieman__ZH175641,小豆稳健配置策略2612,且慢/盈米基金,,stargate_keyword_discovered,2026-10-09,2026-10-09,最新库内披露仓位,latest_observed_current,,22,1,,"{""2026-06-30"": 99.99999999999999}",0,8.950798158927926,6.791052500330873,0,3aca9fd6b19feab6241e02ed.json,2026-10-09,源端最新仓位占比,1,,99.99999999999999,99.99999999999999,0.0
qieman__ZH175837,小豆稳健配置策略2613,且慢/盈米基金,,stargate_keyword_discovered,2026-10-09,2026-10-09,最新库内披露仓位,latest_observed_current,,21,1,,"{""2026-06-30"": 100.00000000000003}",0,10.40763878912059,7.076233401072453,0,bb29f863870b831fc08bdc6d.json,2026-10-09,源端最新仓位占比,1,,100.00000000000003,100.00000000000003,0.0
qieman__ZH176006,小豆稳健配置策略2614,且慢/盈米基金,,stargate_keyword_discovered,2026-10-09,2026-10-09,最新库内披露仓位,latest_observed_current,,21,1,,"{""2026-06-30"": 100.0}",0,10.29531501092308,6.896176523130481,0,a26e60bbde5695dd86542f3e.json,2026-10-09,源端最新仓位占比,1,,100.0,100.0,0.0
qieman__ZH176131,小豆稳健配置策略2615,且慢/盈米基金,,stargate_keyword_discovered,2026-10-09,2026-10-09,最新库内披露仓位,latest_observed_current,,21,1,,"{""2026-06-30"": 100.0}",0,13.810567531289665,6.99253126108679,0,93334b98764bd975a0430d6e.json,2026-10-09,源端最新仓位占比,1,,100.0,100.0,0.0
qieman__ZH176582,小豆稳健配置策略2616,且慢/盈米基金,,stargate_keyword_discovered,2026-10-09,2026-10-09,最新库内披露仓位,latest_observed_current,,22,1,,"{""2026-06-30"": 99.99999999999999}",0,13.793290796463836,7.000239051030162,0,5d5b9600625ea1725ed39d3f.json,2026-10-09,源端最新仓位占比,1,,99.99999999999999,99.99999999999999,0.0
qieman__ZH177035,小豆稳健配置策略2617,且慢/盈米基金,,stargate_keyword_discovered,2026-10-09,2026-10-09,最新库内披露仓位,latest_observed_current,,21,1,,"{""2026-06-30"": 100.0}",0,10.29531501092308,6.881541157643179,0,e250b1a2454a0e3962493dd2.json,2026-10-09,源端最新仓位占比,1,,100.0,100.0,0.0
qieman__ZH177558,小豆稳健配置策略2618,且慢/盈米基金,,stargate_keyword_discovered,2026-10-09,2026-10-09,最新库内披露仓位,latest_observed_current,,21,1,,"{""2026-06-30"": 100.00000000000003}",0,13.896951205418814,6.976469851464289,0,df19bbfe41ab8f28c7c71440.json,2026-10-09,源端最新仓位占比,1,,100.00000000000003,100.00000000000003,0.0
qieman__ZH177715,小豆稳健配置策略2619,且慢/盈米基金,,stargate_keyword_discovered,2026-10-09,2026-10-09,最新库内披露仓位,latest_observed_current,,21,1,,"{""2026-06-30"": 99.99999999999997}",0,13.974696512135045,7.140038573279769,0,18c1888e07d3a9923f2c8322.json,2026-10-09,源端最新仓位占比,1,,99.99999999999997,99.99999999999997,0.0
qieman__ZH177928,小豆稳健配置策略2620,且慢/盈米基金,,stargate_keyword_discovered,2026-10-09,2026-10-09,最新库内披露仓位,latest_observed_current,,21,1,,"{""2026-06-30"": 100.0}",0,10.335902714390174,6.8451686882545415,0,7de6b66f4972ea7c2fea93d2.json,2026-10-09,源端最新仓位占比,1,,100.0,100.0,0.0
qieman__ZH178099,小豆稳健配置策略2621,且慢/盈米基金,,stargate_keyword_discovered,2026-10-09,2026-10-09,最新库内披露仓位,latest_observed_current,,20,1,,"{""2026-06-30"": 100.0}",0,13.122818264331926,7.221478691952305,0,fda52795052d020a8b2697f7.json,2026-10-09,源端最新仓位占比,1,,100.0,100.0,0.0
qieman__ZH178285,小豆稳健配置策略2622,且慢/盈米基金,,stargate_keyword_discovered,2026-10-09,2026-10-09,最新库内披露仓位,latest_observed_current,,20,1,,"{""2026-06-30"": 100.0}",0,9.281064030671132,7.548855959068694,0,e84e3d0e56f04f2bec3985b8.json,2026-10-09,源端最新仓位占比,1,,100.0,100.0,0.0
qieman__ZH178520,小豆稳健配置策略2623,且慢/盈米基金,,stargate_keyword_discovered,2026-10-09,2026-10-09,最新库内披露仓位,latest_observed_current,,20,1,,"{""2026-06-30"": 100.0}",0,19.75136857383888,7.623670212946815,0,47540029812421188068eb69.json,2026-10-09,源端最新仓位占比,1,,100.0,100.0,0.0
qieman__ZH178762,小豆稳健配置策略2624,且慢/盈米基金,,stargate_keyword_discovered,2026-10-09,2026-10-09,最新库内披露仓位,latest_observed_current,,19,1,,"{""2026-06-30"": 100.00000000000001}",0,19.094861510753177,7.7443895430630825,0,62a49d55be9d371f351b3c56.json,2026-10-09,源端最新仓位占比,1,,100.00000000000001,100.00000000000001,0.0
qieman__ZH179132,小豆稳健配置策略2625,且慢/盈米基金,,stargate_keyword_discovered,2026-10-09,2026-10-09,最新库内披露仓位,latest_observed_current,,20,1,,"{""2026-06-30"": 100.0}",0,16.456693382627925,7.231535440665143,0,67ce1140028b42806013f312.json,2026-10-09,源端最新仓位占比,1,,100.0,100.0,0.0
qieman__ZH179647,小豆稳健配置策略2626,且慢/盈米基金,,stargate_keyword_discovered,2026-10-09,2026-10-09,最新库内披露仓位,latest_observed_current,,19,1,,"{""2026-06-30"": 99.99999999999999}",0,13.89800289139244,7.561269559910065,0,0e442da0d83c1807c2b1b73e.json,2026-10-09,源端最新仓位占比,1,,99.99999999999999,99.99999999999999,0.0
qieman__ZH180097,小豆稳健配置策略2627,且慢/盈米基金,,stargate_keyword_discovered,2026-10-09,2026-10-09,最新库内披露仓位,latest_observed_current,,20,1,,"{""2026-06-30"": 100.0}",0,21.55527502080077,7.202122298161851,0,827b40bef0be62fd8213bfc3.json,2026-10-09,源端最新仓位占比,1,,100.0,100.0,0.0
qieman__ZH180364,小豆稳健配置策略2628,且慢/盈米基金,,stargate_keyword_discovered,2026-10-09,2026-10-09,最新库内披露仓位,latest_observed_current,,20,1,,"{""2026-06-30"": 100.00000000000003}",0,4.2066481511309535,7.04886259936094,0,da7096e5343bd7593eb791bf.json,2026-10-09,源端最新仓位占比,1,,100.00000000000003,100.00000000000003,0.0
qieman__ZH180766,小豆稳健配置策略2629,且慢/盈米基金,,stargate_keyword_discovered,2026-10-09,2026-10-09,最新库内披露仓位,latest_observed_current,,20,1,,"{""2026-06-30"": 99.99999999999999}",0,9.277399470073103,7.010688936790185,0,3e12c79babedcdfda1ed33bf.json,2026-10-09,源端最新仓位占比,1,,99.99999999999999,99.99999999999999,0.0
qieman__ZH181183,小豆稳健配置策略2630,且慢/盈米基金,,stargate_keyword_discovered,2026-10-09,2026-10-09,最新库内披露仓位,latest_observed_current,,20,1,,"{""2026-06-30"": 100.0}",0,17.725954241031875,6.912278325658613,0,5d2ea6d1212a7ec3a8fa7112.json,2026-10-09,源端最新仓位占比,1,,100.0,100.0,0.0
qieman__ZH181840,小豆稳健配置策略2631,且慢/盈米基金,,stargate_keyword_discovered,2026-10-09,2026-10-09,最新库内披露仓位,latest_observed_current,,18,1,,"{""2026-06-30"": 100.0}",0,13.804266200084609,7.760091850026455,0,2c04266397001f4f90c29667.json,2026-10-09,源端最新仓位占比,1,,100.0,100.0,0.0
qieman__ZH182647,小豆稳健配置策略2632,且慢/盈米基金,,stargate_keyword_discovered,2026-10-09,2026-10-09,最新库内披露仓位,latest_observed_current,,17,1,,"{""2026-06-30"": 100.0}",0,13.551263653059987,8.17441282714376,0,917eba16fac90ba64c84939e.json,2026-10-09,源端最新仓位占比,1,,100.0,100.0,0.0
qieman__ZH183641,小豆稳健配置策略2633,且慢/盈米基金,,stargate_keyword_discovered,2026-10-09,2026-10-09,最新库内披露仓位,latest_observed_current,,20,1,,"{""2026-06-30"": 100.00000000000001}",0,13.513728563444394,6.937704662948982,0,52c0356a9ed5a7518e1ec659.json,2026-10-09,源端最新仓位占比,1,,100.00000000000001,100.00000000000001,0.0
qieman__ZH184778,小豆稳健配置策略2634,且慢/盈米基金,,stargate_keyword_discovered,2026-10-09,2026-10-09,最新库内披露仓位,latest_observed_current,,15,1,,"{""2026-06-30"": 100.0}",0,13.438867834604846,9.0778305012525,0,6972c9e50aecbb54f57df03d.json,2026-10-09,源端最新仓位占比,1,,100.0,100.0,0.0
qieman__ZH185950,小豆稳健配置策略2635,且慢/盈米基金,,stargate_keyword_discovered,2026-10-09,2026-10-09,最新库内披露仓位,latest_observed_current,,14,1,,"{""2026-06-30"": 100.0}",0,8.815145794583536,9.536881624790587,0,34e75a012cc8611594472e18.json,2026-10-09,源端最新仓位占比,1,,100.0,100.0,0.0
qieman__ZH187162,小豆稳健配置策略2636,且慢/盈米基金,,stargate_keyword_discovered,2026-10-09,2026-10-09,最新库内披露仓位,latest_observed_current,,14,1,,"{""2026-06-30"": 99.99999999999996}",0,4.783032777639094,9.223364229333338,0,dba3788c3bd045bbbbaa60df.json,2026-10-09,源端最新仓位占比,1,,99.99999999999996,99.99999999999996,0.0
qieman__ZH187814,小豆稳健配置策略2637,且慢/盈米基金,,stargate_keyword_discovered,2026-10-09,2026-10-09,最新库内披露仓位,latest_observed_current,,11,1,,"{""2026-06-30"": 100.00000000000003}",0,4.455377806347171,10.680935045878925,0,169ff09e882789e48c761c48.json,2026-10-09,源端最新仓位占比,1,,100.00000000000003,100.00000000000003,0.0
qieman__ZH188368,小豆稳健配置策略2638,且慢/盈米基金,,stargate_keyword_discovered,2026-10-09,2026-10-09,最新库内披露仓位,latest_observed_current,,11,1,,"{""2026-06-30"": 100.0}",0,4.613832665568723,10.669232735772486,0,57d29c3ad9424977b0cb17c6.json,2026-10-09,源端最新仓位占比,1,,100.0,100.0,0.0
qieman__ZH189167,小豆稳健配置策略2639,且慢/盈米基金,,stargate_keyword_discovered,2026-10-09,2026-10-09,最新库内披露仓位,latest_observed_current,,1,1,,"{""2026-06-30"": 100.0}",0,0.0,9.14281226808303,0,b8f1b058f9142d89dab204c7.json,2026-10-10,净值漂移推算,1,,100.0,100.0,0.0
qieman__ZH190198,小豆稳健配置策略2640,且慢/盈米基金,,stargate_keyword_discovered,2026-10-09,2026-10-09,最新库内披露仓位,latest_observed_current,,1,1,,"{""2026-06-30"": 100.0}",0,0.0,9.14281226808303,0,2ee448c66505cf348a5a8dfe.json,2026-10-10,净值漂移推算,1,,100.0,100.0,0.0
qieman__ZH172001,小豆稳健配置策略加车0001,且慢/盈米基金,,stargate_keyword_discovered,2026-10-09,2026-10-09,最新库内披露仓位,latest_observed_current,,11,1,,"{""2026-06-30"": 100.00000000000001}",0,20.791596800065843,5.50805873672456,0,9ca684fb9fb6f3501d00173b.json,2026-10-09,源端最新仓位占比,1,,100.00000000000001,100.00000000000001,0.0
qieman__ZH173057,小豆稳健配置策略加车0002,且慢/盈米基金,,stargate_keyword_discovered,2026-10-09,2026-10-09,最新库内披露仓位,latest_observed_current,,12,1,,"{""2026-06-30"": 100.0}",0,28.789432625769383,4.2344071471631,0,d8658c3ae26e20b3d41d674b.json,2026-10-09,源端最新仓位占比,1,,100.0,100.0,0.0
qieman__ZH173417,小豆稳健配置策略加车0003,且慢/盈米基金,,stargate_keyword_discovered,2026-10-09,2026-10-09,最新库内披露仓位,latest_observed_current,,8,1,,"{""2026-06-30"": 99.99999999999999}",0,25.14206990861312,4.424130874996911,0,a88ec4c7d64f947176b6e430.json,2026-10-09,源端最新仓位占比,1,,99.99999999999999,99.99999999999999,0.0
qieman__ZH173635,小豆稳健配置策略加车0004,且慢/盈米基金,,stargate_keyword_discovered,2026-10-09,2026-10-09,最新库内披露仓位,latest_observed_current,,9,1,,"{""2026-06-30"": 100.0}",0,27.625678980981128,4.361478764285024,0,dd2d3ca4bf8dff0a50e30946.json,2026-10-09,源端最新仓位占比,1,,100.0,100.0,0.0
qieman__ZH174495,小豆稳健配置策略加车0005,且慢/盈米基金,,stargate_keyword_discovered,2026-10-09,2026-10-09,最新库内披露仓位,latest_observed_current,,10,1,,"{""2026-06-30"": 100.0}",0,6.249774214186225,4.499084322509827,0,51cb7cb1e2e6982bbfa1e42e.json,2026-10-09,源端最新仓位占比,1,,100.0,100.0,0.0
qieman__ZH178442,小豆稳健配置策略加车0006,且慢/盈米基金,,stargate_keyword_discovered,2026-10-09,2026-10-09,最新库内披露仓位,latest_observed_current,,7,1,,"{""2026-06-30"": 100.0}",0,4.104713490740506,4.6822489160926795,0,a32de0d5facbfc5795246996.json,2026-10-09,源端最新仓位占比,1,,100.0,100.0,0.0
qieman__ZH180365,小豆稳健配置策略加车0007,且慢/盈米基金,,stargate_keyword_discovered,2026-10-09,2026-10-09,最新库内披露仓位,latest_observed_current,,7,1,,"{""2026-06-30"": 100.0}",0,10.470897465201777,4.723646006227937,0,a20199ea92d38aa848570961.json,2026-10-09,源端最新仓位占比,1,,100.0,100.0,0.0
qieman__ZH180591,小豆稳健配置策略加车0008,且慢/盈米基金,,stargate_keyword_discovered,2026-10-09,2026-10-09,最新库内披露仓位,latest_observed_current,,5,1,,"{""2026-06-30"": 100.00000000000001}",0,4.423402109267518,4.675670589632235,0,42dfffdf9532435a10f25776.json,2026-10-09,源端最新仓位占比,1,,100.00000000000001,100.00000000000001,0.0
qieman__ZH181655,小豆稳健配置策略加车0009,且慢/盈米基金,,stargate_keyword_discovered,2026-10-09,2026-10-09,最新库内披露仓位,latest_observed_current,,5,1,,"{""2026-06-30"": 100.00000000000001}",0,0.0,6.211206266011179,0,6d3210be7a9bc1f5f8df3b6b.json,2026-10-09,源端最新仓位占比,1,,100.00000000000001,100.00000000000001,0.0
qieman__ZH182595,小豆稳健配置策略加车0010,且慢/盈米基金,,stargate_keyword_discovered,2026-10-09,2026-10-09,最新库内披露仓位,latest_observed_current,,9,1,,"{""2026-06-30"": 99.99999999999999}",0,26.76244559020858,5.25632105910016,0,e3e1823bb3eb3b058c416f75.json,2026-10-09,源端最新仓位占比,1,,99.99999999999999,99.99999999999999,0.0
qieman__ZH122840,小豆趋势轮动策略2143,且慢/盈米基金,,stargate_keyword_discovered,2026-10-09,2026-10-09,最新库内披露仓位,latest_observed_current,,13,1,,"{""2026-06-30"": 100.0}",0,39.58042041712035,0.5630366145381066,0,23a51a6cf372649fad712326.json,2026-10-09,源端最新仓位占比,1,,100.0,100.0,0.0
qieman__ZH123417,小豆趋势轮动策略2144期,且慢/盈米基金,,stargate_keyword_discovered,2026-10-09,2026-10-09,最新库内披露仓位,latest_observed_current,,17,1,,"{""2026-06-30"": 100.00000000000001}",0,35.94277647828071,0.8115154910375388,0,14c52c22cfada5b63f5a2e73.json,2026-10-09,源端最新仓位占比,1,,100.00000000000001,100.00000000000001,0.0
qieman__ZH123886,小豆趋势轮动策略2145期,且慢/盈米基金,,stargate_keyword_discovered,2026-10-09,2026-10-09,最新库内披露仓位,latest_observed_current,,14,1,,"{""2026-06-30"": 99.99999999999999}",0,59.89293087949252,0.44738728095650016,0,303fd00d3080c2ca11bcc854.json,2026-10-09,源端最新仓位占比,1,,99.99999999999999,99.99999999999999,0.0
qieman__ZH124547,小豆趋势轮动策略2203,且慢/盈米基金,,stargate_keyword_discovered,2026-10-09,2026-10-09,最新库内披露仓位,latest_observed_current,,10,1,,"{""2026-06-30"": 100.00000000000001}",0,47.37547202401927,1.226872815036556,0,8f21d136e08ffa864d86384f.json,2026-10-09,源端最新仓位占比,1,,100.00000000000001,100.00000000000001,0.0
qieman__ZH130315,小豆趋势轮动策略2210,且慢/盈米基金,,stargate_keyword_discovered,2026-10-09,2026-10-09,最新库内披露仓位,latest_observed_current,,8,1,,"{""2026-06-30"": 100.0}",0,11.255372552237304,1.3949446890969712,0,19d35a048d29175f9db216f1.json,2026-10-09,源端最新仓位占比,1,,100.0,100.0,0.0
qieman__ZH134309,小豆趋势轮动策略2220,且慢/盈米基金,,stargate_keyword_discovered,2026-10-09,2026-10-09,最新库内披露仓位,latest_observed_current,,6,1,,"{""2026-06-30"": 100.0}",0,17.251293322061258,3.834049330056054,0,502509013a1a1f235cc81c85.json,2026-10-09,源端最新仓位占比,1,,100.0,100.0,0.0
qieman__ZH138663,小豆趋势轮动策略2233,且慢/盈米基金,,stargate_keyword_discovered,2026-10-09,2026-10-09,最新库内披露仓位,latest_observed_current,,11,1,,"{""2026-06-30"": 100.0}",0,25.099554069156664,0.8842635521431915,0,c85be9f462b7719ebe6e8110.json,2026-10-09,源端最新仓位占比,1,,100.0,100.0,0.0
qieman__ZH140203,小豆趋势轮动策略2237,且慢/盈米基金,,stargate_keyword_discovered,2026-10-09,2026-10-09,最新库内披露仓位,latest_observed_current,,10,1,,"{""2026-06-30"": 100.00000000000001}",0,14.70668408622368,1.7246349274298243,0,64972441824bf3b14fc3ee45.json,2026-10-09,源端最新仓位占比,1,,100.00000000000001,100.00000000000001,0.0
qieman__ZH138090,小豆趋势轮动策略转托管2046,且慢/盈米基金,,stargate_keyword_discovered,2026-10-09,2026-10-09,最新库内披露仓位,latest_observed_current,,20,1,,"{""2026-06-30"": 100.0}",0,44.16824660479069,0.6956547793712813,0,cc1319a1edab9823bac51452.json,2026-10-09,源端最新仓位占比,1,,100.0,100.0,0.0
qieman__ZH138094,小豆趋势轮动策略转托管2101,且慢/盈米基金,,stargate_keyword_discovered,2026-10-09,2026-10-09,最新库内披露仓位,latest_observed_current,,18,1,,"{""2026-06-30"": 100.0}",0,44.2727193908301,0.7388020378231193,0,8f045e9e5e992e1f1edd2f15.json,2026-10-09,源端最新仓位占比,1,,100.0,100.0,0.0
qieman__ZH138098,小豆趋势轮动策略转托管2102,且慢/盈米基金,,stargate_keyword_discovered,2026-10-09,2026-10-09,最新库内披露仓位,latest_observed_current,,20,1,,"{""2026-06-30"": 100.0}",0,44.39436735656427,0.6956412389357224,0,8ef9365fd707e1d197f48536.json,2026-10-09,源端最新仓位占比,1,,100.0,100.0,0.0
qieman__ZH138100,小豆趋势轮动策略转托管2103,且慢/盈米基金,,stargate_keyword_discovered,2026-10-09,2026-10-09,最新库内披露仓位,latest_observed_current,,19,1,,"{""2026-06-30"": 99.99999999999997}",0,46.93509406438698,0.6220507821340748,0,8eb7330754856e109041d037.json,2026-10-09,源端最新仓位占比,1,,99.99999999999997,99.99999999999997,0.0
qieman__ZH138105,小豆趋势轮动策略转托管2104,且慢/盈米基金,,stargate_keyword_discovered,2026-10-09,2026-10-09,最新库内披露仓位,latest_observed_current,,20,1,,"{""2026-06-30"": 100.00000000000001}",0,44.1400288922691,0.6956412389357224,0,9e40ffeb55f83b81671089e7.json,2026-10-09,源端最新仓位占比,1,,100.00000000000001,100.00000000000001,0.0
qieman__ZH138138,小豆趋势轮动策略转托管2105,且慢/盈米基金,,stargate_keyword_discovered,2026-10-09,2026-10-09,最新库内披露仓位,latest_observed_current,,19,1,,"{""2026-06-30"": 100.00000000000003}",0,43.28508014607547,0.6277193268677029,0,ea3282c0680b251e1c172bcb.json,2026-10-09,源端最新仓位占比,1,,100.00000000000003,100.00000000000003,0.0
qieman__ZH138144,小豆趋势轮动策略转托管2106,且慢/盈米基金,,stargate_keyword_discovered,2026-10-09,2026-10-09,最新库内披露仓位,latest_observed_current,,18,1,,"{""2026-06-30"": 100.0}",0,46.43751236790024,0.344200794923725,0,ca529722c950ebb0bfeedb3a.json,2026-10-09,源端最新仓位占比,1,,100.0,100.0,0.0
qieman__ZH138146,小豆趋势轮动策略转托管2107,且慢/盈米基金,,stargate_keyword_discovered,2026-10-09,2026-10-09,最新库内披露仓位,latest_observed_current,,17,1,,"{""2026-06-30"": 100.0}",0,40.4803919530837,0.6768426071306533,0,f99fa7ef672e11ec1f4fb235.json,2026-10-09,源端最新仓位占比,1,,100.0,100.0,0.0
qieman__ZH138107,小豆趋势轮动策略转托管2119,且慢/盈米基金,,stargate_keyword_discovered,2026-10-09,2026-10-09,最新库内披露仓位,latest_observed_current,,18,1,,"{""2026-06-30"": 100.0}",0,55.00873670526384,0.35000032011047344,0,efa90a3e4d2bbc5b5154959c.json,2026-10-09,源端最新仓位占比,1,,100.0,100.0,0.0
qieman__ZH138154,小豆趋势轮动策略转托管2125,且慢/盈米基金,,stargate_keyword_discovered,2026-10-09,2026-10-09,最新库内披露仓位,latest_observed_current,,19,1,,"{""2026-06-30"": 100.00000000000001}",0,47.23250218253295,0.708380473898934,0,b8208addad6bbaf527076741.json,2026-10-09,源端最新仓位占比,1,,100.00000000000001,100.00000000000001,0.0
qieman__ZH138167,小豆趋势轮动策略转托管2132,且慢/盈米基金,,stargate_keyword_discovered,2026-10-09,2026-10-09,最新库内披露仓位,latest_observed_current,,19,1,,"{""2026-06-30"": 99.99999999999999}",0,46.714851991395314,0.6561874749445625,0,1460cda6a363a76384d7cbf2.json,2026-10-09,源端最新仓位占比,1,,99.99999999999999,99.99999999999999,0.0
qieman__ZH138141,小豆趋势轮动策略转托管2133,且慢/盈米基金,,stargate_keyword_discovered,2026-10-09,2026-10-09,最新库内披露仓位,latest_observed_current,,17,1,,"{""2026-06-30"": 100.0}",0,57.05063115829902,0.3490140375346934,0,8a3c1fa460f3739c6caf0762.json,2026-10-09,源端最新仓位占比,1,,100.0,100.0,0.0
qieman__ZH138147,小豆趋势轮动策略转托管2134,且慢/盈米基金,,stargate_keyword_discovered,2026-10-09,2026-10-09,最新库内披露仓位,latest_observed_current,,19,1,,"{""2026-06-30"": 99.99999999999999}",0,41.0549716364931,0.782698457916336,0,70d3d5f14638d1b146bb6a2c.json,2026-10-09,源端最新仓位占比,1,,99.99999999999999,99.99999999999999,0.0
qieman__ZH138150,小豆趋势轮动策略转托管2136,且慢/盈米基金,,stargate_keyword_discovered,2026-10-09,2026-10-09,最新库内披露仓位,latest_observed_current,,19,1,,"{""2026-06-30"": 100.00000000000001}",0,45.06990702910091,0.7074991575210147,0,247914b3c353f376cdd698e4.json,2026-10-09,源端最新仓位占比,1,,100.00000000000001,100.00000000000001,0.0
qieman__ZH138155,小豆趋势轮动策略转托管2137,且慢/盈米基金,,stargate_keyword_discovered,2026-10-09,2026-10-09,最新库内披露仓位,latest_observed_current,,19,1,,"{""2026-06-30"": 100.0}",0,43.26135862858351,0.6166267151162913,0,233d30f89d6cdde268abcd05.json,2026-10-09,源端最新仓位占比,1,,100.0,100.0,0.0
qieman__ZH138151,小豆趋势轮动策略转托管2139,且慢/盈米基金,,stargate_keyword_discovered,2026-10-09,2026-10-09,最新库内披露仓位,latest_observed_current,,20,1,,"{""2026-06-30"": 100.00000000000001}",0,41.34638661642695,0.700206761091993,0,00095381da42032b991bdb7e.json,2026-10-09,源端最新仓位占比,1,,100.00000000000001,100.00000000000001,0.0
qieman__ZH138156,小豆趋势轮动策略转托管2140,且慢/盈米基金,,stargate_keyword_discovered,2026-10-09,2026-10-09,最新库内披露仓位,latest_observed_current,,19,1,,"{""2026-06-30"": 99.99999999999999}",0,42.547160229427,0.9543298686897548,0,ac4562d91256f6781510bdb1.json,2026-10-09,源端最新仓位占比,1,,99.99999999999999,99.99999999999999,0.0
qieman__ZH138160,小豆趋势轮动策略转托管2141,且慢/盈米基金,,stargate_keyword_discovered,2026-10-09,2026-10-09,最新库内披露仓位,latest_observed_current,,19,1,,"{""2026-06-30"": 100.0}",0,43.79473595794131,0.8498893402175904,0,18b70842590723345e764837.json,2026-10-09,源端最新仓位占比,1,,100.0,100.0,0.0
qieman__ZH138162,小豆趋势轮动策略转托管2142,且慢/盈米基金,,stargate_keyword_discovered,2026-10-09,2026-10-09,最新库内披露仓位,latest_observed_current,,20,1,,"{""2026-06-30"": 100.00000000000001}",0,43.658778855387084,0.6965125216093293,0,60b330d6c4d332c289b46b04.json,2026-10-09,源端最新仓位占比,1,,100.00000000000001,100.00000000000001,0.0
qieman__ZH138163,小豆趋势轮动策略转托管2143,且慢/盈米基金,,stargate_keyword_discovered,2026-10-09,2026-10-09,最新库内披露仓位,latest_observed_current,,18,1,,"{""2026-06-30"": 99.99999999999999}",0,40.63162689694127,0.8446074166741377,0,ba3e320f6e32e178d3d90d10.json,2026-10-09,源端最新仓位占比,1,,99.99999999999999,99.99999999999999,0.0
qieman__ZH138166,小豆趋势轮动策略转托管2144,且慢/盈米基金,,stargate_keyword_discovered,2026-10-09,2026-10-09,最新库内披露仓位,latest_observed_current,,19,1,,"{""2026-06-30"": 100.00000000000001}",0,46.90590924399844,0.7069104666437099,0,ad89c1df609edca6a19f6384.json,2026-10-09,源端最新仓位占比,1,,100.00000000000001,100.00000000000001,0.0
qieman__ZH138157,小豆趋势轮动策略转托管主题车001,且慢/盈米基金,,stargate_keyword_discovered,2026-10-09,2026-10-09,最新库内披露仓位,latest_observed_current,,19,1,,"{""2026-06-30"": 100.00000000000001}",0,41.064938668205905,0.7667970701366119,0,a8a29eeb664b0892c593689c.json,2026-10-09,源端最新仓位占比,1,,100.00000000000001,100.00000000000001,0.0
qieman__ZH138172,小豆趋势轮动策略转托管主题车003,且慢/盈米基金,,stargate_keyword_discovered,2026-10-09,2026-10-09,最新库内披露仓位,latest_observed_current,,20,1,,"{""2026-06-30"": 100.0}",0,43.94361006663744,0.5758207057539827,0,38686e625145a0dd62944d45.json,2026-10-09,源端最新仓位占比,1,,100.0,100.0,0.0
qieman__ZH138173,小豆趋势轮动策略转托管主题车004,且慢/盈米基金,,stargate_keyword_discovered,2026-10-09,2026-10-09,最新库内披露仓位,latest_observed_current,,19,1,,"{""2026-06-30"": 100.00000000000003}",0,51.92427537547152,0.6089285870491667,0,f7dcc7522d35483d4b4494a2.json,2026-10-09,源端最新仓位占比,1,,100.00000000000003,100.00000000000003,0.0
qieman__ZH138169,小豆趋势轮动策略转托管快车006,且慢/盈米基金,,stargate_keyword_discovered,2026-10-09,2026-10-09,最新库内披露仓位,latest_observed_current,,18,1,,"{""2026-06-30"": 100.0}",0,53.40415676508482,0.5566064064159149,0,83dc5cf9851f67d39b7753e5.json,2026-10-09,源端最新仓位占比,1,,100.0,100.0,0.0
qieman__ZH138171,小豆趋势轮动策略转托管快车007,且慢/盈米基金,,stargate_keyword_discovered,2026-10-09,2026-10-09,最新库内披露仓位,latest_observed_current,,19,1,,"{""2026-06-30"": 100.00000000000001}",0,47.13993162496885,0.6031145074463087,0,76e7b417c94a166dd6dc2240.json,2026-10-09,源端最新仓位占比,1,,100.00000000000001,100.00000000000001,0.0
qieman__ZH138145,小豆趋势轮动策略转托管快车009,且慢/盈米基金,,stargate_keyword_discovered,2026-10-09,2026-10-09,最新库内披露仓位,latest_observed_current,,18,1,,"{""2026-06-30"": 99.99999999999999}",0,51.933917049558225,0.6057534444136028,0,129a9797f3ecb3ff10873a93.json,2026-10-09,源端最新仓位占比,1,,99.99999999999999,99.99999999999999,0.0
qieman__ZH138148,小豆趋势轮动策略转托管快车011,且慢/盈米基金,,stargate_keyword_discovered,2026-10-09,2026-10-09,最新库内披露仓位,latest_observed_current,,19,1,,"{""2026-06-30"": 100.0}",0,43.340707907248735,0.660528411430166,0,b4f4516b76ca2c349f0452bd.json,2026-10-09,源端最新仓位占比,1,,100.0,100.0,0.0
qieman__ZH138152,小豆趋势轮动策略转托管快车013,且慢/盈米基金,,stargate_keyword_discovered,2026-10-09,2026-10-09,最新库内披露仓位,latest_observed_current,,18,1,,"{""2026-06-30"": 100.0}",0,52.70582572482471,0.46290935529922306,0,d24a5a152b487422be159465.json,2026-10-09,源端最新仓位占比,1,,100.0,100.0,0.0
qieman__ZH138149,小豆趋势轮动策略转托管直达车001,且慢/盈米基金,,stargate_keyword_discovered,2026-10-09,2026-10-09,最新库内披露仓位,latest_observed_current,,18,1,,"{""2026-06-30"": 100.0}",0,53.64463071216218,0.5385149436604739,0,b3b0426d999a409b4add89d4.json,2026-10-09,源端最新仓位占比,1,,100.0,100.0,0.0
qieman__ZH138158,小豆趋势轮动策略转托管直达车002,且慢/盈米基金,,stargate_keyword_discovered,2026-10-09,2026-10-09,最新库内披露仓位,latest_observed_current,,19,1,,"{""2026-06-30"": 100.00000000000003}",0,47.18585562294676,0.708380473898934,0,3eeece309cc18963f2ce0c40.json,2026-10-09,源端最新仓位占比,1,,100.00000000000003,100.00000000000003,0.0
qieman__ZH138165,小豆趋势轮动策略转托管直达车003,且慢/盈米基金,,stargate_keyword_discovered,2026-10-09,2026-10-09,最新库内披露仓位,latest_observed_current,,18,1,,"{""2026-06-30"": 100.0}",0,53.84986862013366,0.5282029801848599,0,11168d46d0898e4c3ae23462.json,2026-10-09,源端最新仓位占比,1,,100.0,100.0,0.0
qieman__ZH138170,小豆趋势轮动策略转托管直达车004,且慢/盈米基金,,stargate_keyword_discovered,2026-10-09,2026-10-09,最新库内披露仓位,latest_observed_current,,19,1,,"{""2026-06-30"": 100.0}",0,41.05527269404594,0.7863555828235692,0,158d12c68b26cf530625dc67.json,2026-10-09,源端最新仓位占比,1,,100.0,100.0,0.0
qieman__ZH138174,小豆趋势轮动策略转托管直达车005,且慢/盈米基金,,stargate_keyword_discovered,2026-10-09,2026-10-09,最新库内披露仓位,latest_observed_current,,18,1,,"{""2026-06-30"": 100.0}",0,53.84986862013366,0.5282029801848599,0,a692e4e96f54a0b2d75ff062.json,2026-10-09,源端最新仓位占比,1,,100.0,100.0,0.0
qieman__ZH138176,小豆趋势轮动策略转托管直达车006,且慢/盈米基金,,stargate_keyword_discovered,2026-10-09,2026-10-09,最新库内披露仓位,latest_observed_current,,19,1,,"{""2026-06-30"": 100.0}",0,41.05527269404594,0.7863555828235692,0,e7ccf1fa44b5f491ba972961.json,2026-10-09,源端最新仓位占比,1,,100.0,100.0,0.0
qieman__SI000149,岁月有章指数定投,且慢/盈米基金,,stargate_keyword_discovered,2026-10-09,2026-10-09,最新库内披露仓位,latest_observed_current,,32,1,,"{""2026-06-30"": 100.00000000000003}",0,26.604101736878405,0.7106119248333777,0,210ad3948002e914f4191879.json,2026-10-09,源端最新仓位占比,1,,100.00000000000003,100.00000000000003,0.0
qieman__ZH039446,工银瑞信积极进取,且慢/盈米基金,,stargate_keyword_discovered,2026-10-09,2026-10-09,最新库内披露仓位,latest_observed_current,,18,1,,"{""2026-06-30"": 99.99999999999997}",0,44.85381028045163,2.1480269733287924,2,fd438af3a6e6881de681d65f.json,2026-10-09,源端最新仓位占比,1,"源端占比直接使用；净值滚动未执行：缺少基准日之后净值：017437,016453",99.99999999999997,99.99999999999997,0.0
qieman__ZH179123,工银货债灵活基金投顾策略(全市场版),且慢/盈米基金,,stargate_keyword_discovered,2026-10-09,2026-10-09,最新库内披露仓位,latest_observed_current,,7,1,,"{""2026-06-30"": 99.99999999999999}",0,0.0,12.127842751847242,0,185a692b28b89d5d0250e05e.json,2026-10-09,源端最新仓位占比,1,,99.99999999999999,99.99999999999999,0.0
qieman__ZH098741,平安乐享双季盈,且慢/盈米基金,,stargate_keyword_discovered,2026-10-09,2026-10-09,最新库内披露仓位,latest_observed_current,,15,1,,"{""2026-06-30"": 100.00000000000001}",0,0.701082568958446,21.061059705981034,0,287f1f21de60b51f627c5e07.json,2026-10-09,源端最新仓位占比,1,,100.00000000000001,100.00000000000001,0.0
qieman__ZH151528,年年有余组合策略,且慢/盈米基金,,stargate_keyword_discovered,2026-10-09,2026-10-09,最新库内披露仓位,latest_observed_current,,15,1,,"{""2026-06-30"": 100.00000000000001}",0,15.240056934498766,24.423568347186123,0,bc9c2a34374db41b90529c83.json,2026-10-09,源端最新仓位占比,1,源端占比直接使用；净值滚动未执行：缺少基准日之后净值：519696,100.00000000000001,100.00000000000001,0.0
qieman__ZH125205,幸福小太阳,且慢/盈米基金,,stargate_keyword_discovered,2026-10-09,2026-10-09,最新库内披露仓位,latest_observed_current,,13,1,,"{""2026-06-30"": 100.00000000000001}",0,12.59175930640382,10.30750575931333,0,a524dca76759050d903e8ccb.json,2026-10-09,源端最新仓位占比,1,,100.00000000000001,100.00000000000001,0.0
qieman__ZH167304,幸福时光基,且慢/盈米基金,,stargate_keyword_discovered,2026-10-09,2026-10-09,最新库内披露仓位,latest_observed_current,,19,1,,"{""2026-06-30"": 99.99999999999997}",0,22.174882894099937,14.27480645965986,0,510c9a2bc4d9ddaea1148a29.json,2026-10-09,源端最新仓位占比,1,,99.99999999999997,99.99999999999997,0.0
qieman__ZH144152,幸福理财加,且慢/盈米基金,,stargate_keyword_discovered,2026-10-09,2026-10-09,最新库内披露仓位,latest_observed_current,,17,1,,"{""2026-06-30"": 99.99999999999999}",0,9.677006766652035,12.205673383526841,0,db31ac09e7fb54fb89135d0d.json,2026-10-09,源端最新仓位占比,1,,99.99999999999999,99.99999999999999,0.0
qieman__ZH115243,建信梧桐双季红收益增强组合,且慢/盈米基金,,stargate_keyword_discovered,2026-10-09,2026-10-09,最新库内披露仓位,latest_observed_current,,11,1,,"{""2026-06-30"": 100.00000000000001}",0,9.24535068897256,16.892749281406246,0,3daa167715b3f56b54a1c3f6.json,2026-10-09,源端最新仓位占比,1,,100.00000000000001,100.00000000000001,0.0
qieman__ZH115780,建信梧桐权益明星组合,且慢/盈米基金,,stargate_keyword_discovered,2026-10-09,2026-10-09,最新库内披露仓位,latest_observed_current,,10,1,,"{""2026-06-30"": 99.99999999999999}",0,78.2718326361583,4.378611965088156,0,e05a99bb41a518245edc922f.json,2026-10-09,源端最新仓位占比,1,,99.99999999999999,99.99999999999999,0.0
qieman__ZH115077,建信梧桐货币增强组合,且慢/盈米基金,,stargate_keyword_discovered,2026-10-09,2026-10-09,最新库内披露仓位,latest_observed_current,,7,1,,"{""2026-06-30"": 100.0}",0,0.0,16.092057700065055,0,c70d26ec0e2bc5e6a7622a02.json,2026-10-09,源端最新仓位占比,1,,100.0,100.0,0.0
qieman__ZH157933,得我财报稳健恒运,且慢/盈米基金,,stargate_keyword_discovered,2026-10-09,2026-10-09,最新库内披露仓位,latest_observed_current,,18,1,,"{""2026-06-30"": 99.99999999999999}",0,0.10351007616293104,13.079674191454519,5,f403d1d150df9607a711cbb7.json,2026-10-09,源端最新仓位占比,1,"源端占比直接使用；净值滚动未执行：缺少基准日之后净值：019442,016453,160213,018044,019173",99.99999999999999,99.99999999999999,0.0
qieman__ZH038530,微笑定投,且慢/盈米基金,,stargate_keyword_discovered,2026-10-09,2026-10-09,最新库内披露仓位,latest_observed_current,,19,1,,"{""2026-06-30"": 100.00000000000001}",0,52.75436131301332,0.7226801811155128,0,d94124ae1e4b4d488499951a.json,2026-10-09,源端最新仓位占比,1,,100.00000000000001,100.00000000000001,0.0
qieman__ZH176129,思远安心稳健,且慢/盈米基金,,stargate_keyword_discovered,2026-10-09,2026-10-09,最新库内披露仓位,latest_observed_current,,19,1,,"{""2026-06-30"": 99.99999999999999}",0,18.248524557940307,17.498386714515117,2,838a87dd04a29f72d55aa64e.json,2026-10-09,源端最新仓位占比,1,"源端占比直接使用；净值滚动未执行：缺少基准日之后净值：519696,022184,019231,018230",99.99999999999999,99.99999999999999,0.0
qieman__SI000153,思远定投全球好资产,且慢/盈米基金,,stargate_keyword_discovered,2026-10-09,2026-10-09,最新库内披露仓位,latest_observed_current,,133,1,,"{""2026-06-30"": 99.44000000000003}",0,25.58617455091421,2.4172781510658585,16,54f2e24355cad3b9974b4c2e.json,2026-10-09,源端最新仓位占比,1,"源端占比直接使用；净值滚动未执行：缺少基准日之后净值：519696,027170,017654,015300,014978,023591,160125,006075,017731,016533,021662,006373,021842,016665,006105,019709,022170,022184,007455,164824,019231,021277,008706,018147,968062,018230,019035,012922,019156,005676,017091,017093,019118,017873,014002,016702,519981,028491",99.44000000000003,99.44000000000003,0.56
qieman__ZH056011,懒人投资一均衡组合,且慢/盈米基金,,stargate_keyword_discovered,2026-10-09,2026-10-09,最新库内披露仓位,latest_observed_current,,13,1,,"{""2026-06-30"": 100.0}",0,11.337996071596365,8.75724661236682,3,5abbd41a622b4a5d58ebfe04.json,2026-10-09,源端最新仓位占比,1,"源端占比直接使用；净值滚动未执行：缺少基准日之后净值：019441,006373,000834,018043",100.0,100.0,0.0
qieman__ZH056000,懒人投资一稳健组合,且慢/盈米基金,,stargate_keyword_discovered,2026-10-09,2026-10-09,最新库内披露仓位,latest_observed_current,,17,1,,"{""2026-06-30"": 99.99999999999999}",0,10.637260208269787,18.952532492776356,3,b23667177c5186d239931c4a.json,2026-10-09,源端最新仓位占比,1,"源端占比直接使用；净值滚动未执行：缺少基准日之后净值：019441,016532,000834,018043,022325,501226",99.99999999999999,99.99999999999999,0.0
qieman__ZH154805,懒猫全球稳健,且慢/盈米基金,,stargate_keyword_discovered,2026-10-09,2026-10-09,最新库内披露仓位,latest_observed_current,,40,1,,"{""2026-06-30"": 100.0}",0,3.448201311942839,18.866318208374906,2,bb1a579e49ef76e8266f44b9.json,2026-10-09,源端最新仓位占比,1,"源端占比直接使用；净值滚动未执行：缺少基准日之后净值：163813,006448,006075,008401,000834,378006,007360,006327,019155,012860",100.0,100.0,0.0
qieman__SI000164,懒猫全球配置,且慢/盈米基金,,stargate_keyword_discovered,2026-10-09,2026-10-09,最新库内披露仓位,latest_observed_current,,61,1,,"{""2026-06-30"": 99.99999999999996}",0,10.917822600972665,4.435450860638401,8,066ef1d7ca0f297df3d9b06f.json,2026-10-09,源端最新仓位占比,1,"源端占比直接使用；净值滚动未执行：缺少基准日之后净值：163813,018064,006448,015016,040018,020515,202801,016452,006075,018738,016057,016532,006373,160216,017028,008401,007722,008763,006105,009108,007455,164824,539003,378006,017641,019450,007360,006327,012922,019155,161125,012868,004877,021694",99.99999999999996,99.99999999999996,0.0
qieman__ZH013136,我要稳稳的幸福,且慢/盈米基金,,stargate_keyword_discovered,2026-10-09,2026-10-09,最新库内披露仓位,latest_observed_current,,25,1,,"{""2026-06-30"": 100.00000000000001}",0,6.159249816577031,14.94619630115739,0,76f3e697060ac76604da2e50.json,2026-10-09,源端最新仓位占比,1,"源端占比直接使用；净值滚动未执行：缺少基准日之后净值：519696,019524",100.00000000000001,100.00000000000001,0.0
qieman__ZH022440,战神组合,且慢/盈米基金,,stargate_keyword_discovered,2026-10-09,2026-10-09,最新库内披露仓位,latest_observed_current,,9,1,,"{""2026-06-30"": 99.99999999999999}",0,87.79714986582762,0.5377176149245448,0,c224f45330c72a01047d3a43.json,2026-10-09,源端最新仓位占比,1,,99.99999999999999,99.99999999999999,0.0
qieman__SI000162,投基方法论,且慢/盈米基金,,stargate_keyword_discovered,2026-10-09,2026-10-09,最新库内披露仓位,latest_observed_current,,13,1,,"{""2026-06-30"": 99.99999999999999}",0,22.434610040547547,7.218604285739426,0,81329c40e6c5b7c3f3ed5fbb.json,2026-10-09,源端最新仓位占比,1,"源端占比直接使用；净值滚动未执行：缺少基准日之后净值：018738,019305",99.99999999999999,99.99999999999999,0.0
qieman__ZH124515,招商慢慢投,且慢/盈米基金,,stargate_keyword_discovered,2026-10-09,2026-10-09,最新库内披露仓位,latest_observed_current,,18,1,,"{""2026-06-30"": 100.0}",0,11.54487281850728,17.379970392436235,0,62566c8d978dce6870689dad.json,2026-10-09,源端最新仓位占比,1,,100.0,100.0,0.0
qieman__ZH124517,招商暖心投,且慢/盈米基金,,stargate_keyword_discovered,2026-10-09,2026-10-09,最新库内披露仓位,latest_observed_current,,17,1,,"{""2026-06-30"": 100.0}",0,18.054844566184098,18.361840363219535,0,1b0a121811c566ca0613b675.json,2026-10-09,源端最新仓位占比,1,,100.0,100.0,0.0
qieman__SI000193,搬砖小组B计划,且慢/盈米基金,,stargate_keyword_discovered,2026-10-09,2026-10-09,最新库内披露仓位,latest_observed_current,,24,1,,"{""2026-06-30"": 89.62000000000003}",0,7.7064329594763885,1.8734198143136127,5,7cba3cda7b76e516be8dc39b.json,2026-10-09,源端最新仓位占比,1,"源端占比直接使用；净值滚动未执行：缺少基准日之后净值：019441,019442,002286,019524,018738,160216,007721,008764,006105,016280,016470,968052,019305,017970,019173,118002,004877,021773,017895,968075,016702",89.62000000000003,89.62000000000003,10.379999999999999
qieman__ZH173899,搬砖核星策略,且慢/盈米基金,,stargate_keyword_discovered,2026-10-09,2026-10-09,最新库内披露仓位,latest_observed_current,,11,1,,"{""2026-06-30"": 100.0}",0,16.783014694820665,2.660587631868225,0,2306b35f06fa9df1eb6a38ec.json,2026-10-09,源端最新仓位占比,1,,100.0,100.0,0.0
qieman__ZH174411,搬砖核星计划,且慢/盈米基金,,stargate_keyword_discovered,2026-10-09,2026-10-09,最新库内披露仓位,latest_observed_current,,14,1,,"{""2026-06-30"": 100.0}",0,12.11252311967776,3.750284266527021,0,2a0eda0bc2b3800f5f973af9.json,2026-10-09,源端最新仓位占比,1,,100.0,100.0,0.0
qieman__ZH176103,新航道全天候,且慢/盈米基金,,stargate_keyword_discovered,2026-10-09,2026-10-09,最新库内披露仓位,latest_observed_current,,15,1,,"{""2026-06-30"": 100.0}",0,12.83896454108542,7.063840372598483,2,f6db71c7bb77268d5f169f4c.json,2026-10-09,源端最新仓位占比,1,"源端占比直接使用；净值滚动未执行：缺少基准日之后净值：007721,019736,100055,017894,501226",100.0,100.0,0.0
qieman__SI000204,新锐一触即发组合,且慢/盈米基金,,stargate_keyword_discovered,2026-10-09,2026-10-09,最新库内披露仓位,latest_observed_current,,46,1,,"{""2026-06-30"": 99.99999999999999}",0,33.063234783151536,3.9942585248439686,0,196ff8ec37de7791a050e505.json,2026-10-09,源端最新仓位占比,1,,99.99999999999999,99.99999999999999,0.0
qieman__ZH013340,新锐优选组合,且慢/盈米基金,,stargate_keyword_discovered,2026-10-09,2026-10-09,最新库内披露仓位,latest_observed_current,,18,1,,"{""2026-06-30"": 99.99999999999999}",0,53.11700228384757,2.581015903279839,0,f8fbcd7b6ccfb07fae223ff0.json,2026-10-09,源端最新仓位占比,1,,99.99999999999999,99.99999999999999,0.0
qieman__ZH014271,新锐债券组合,且慢/盈米基金,,stargate_keyword_discovered,2026-10-09,2026-10-09,最新库内披露仓位,latest_observed_current,,11,1,,"{""2026-06-30"": 99.99999999999999}",0,7.891301668163463,37.447374158047765,0,f43b15ec21a9f2f93b26357c.json,2026-10-09,源端最新仓位占比,1,,99.99999999999999,99.99999999999999,0.0
qieman__ZH050171,新锐定投组合,且慢/盈米基金,,stargate_keyword_discovered,2026-10-09,2026-10-09,最新库内披露仓位,latest_observed_current,,21,1,,"{""2026-06-30"": 100.00000000000001}",0,66.52418032713577,2.4568097521487093,0,75727c63e458d31b1a9ce418.json,2026-10-09,源端最新仓位占比,1,,100.00000000000001,100.00000000000001,0.0
qieman__ZH029486,新锐指数组合,且慢/盈米基金,,stargate_keyword_discovered,2026-10-09,2026-10-09,最新库内披露仓位,latest_observed_current,,14,1,,"{""2026-06-30"": 99.99999999999999}",0,46.338723237015635,2.893208751772277,0,e77e78bc63225c0b0ea813d1.json,2026-10-09,源端最新仓位占比,1,,99.99999999999999,99.99999999999999,0.0
qieman__ZH114462,新锐稳健组合,且慢/盈米基金,,stargate_keyword_discovered,2026-10-09,2026-10-09,最新库内披露仓位,latest_observed_current,,13,1,,"{""2026-06-30"": 99.99999999999997}",0,3.8610834567029366,21.24709149980739,0,4e0c94b8ec8e1e436ee91ea1.json,2026-10-09,源端最新仓位占比,1,,99.99999999999997,99.99999999999997,0.0
qieman__ZH005891,新锐突击组合,且慢/盈米基金,,stargate_keyword_discovered,2026-10-09,2026-10-09,最新库内披露仓位,latest_observed_current,,14,1,,"{""2026-06-30"": 99.99999999999999}",0,55.78021229086848,2.5599874350632486,0,cb0d60748898abecad84e7d4.json,2026-10-09,源端最新仓位占比,1,,99.99999999999999,99.99999999999999,0.0
qieman__ZH169894,方舟教育金稳航计划,且慢/盈米基金,,stargate_keyword_discovered,2026-10-09,2026-10-09,最新库内披露仓位,latest_observed_current,,19,1,,"{""2026-06-30"": 100.0}",0,1.6893927590461923,34.62875723203714,2,0c6efb707b8d660d97f7919f.json,2026-10-09,源端最新仓位占比,1,"源端占比直接使用；净值滚动未执行：缺少基准日之后净值：001063,019480,000934,012752,019305",100.0,100.0,0.0
qieman__SI000167,日久年深定投组合,且慢/盈米基金,,stargate_keyword_discovered,2026-10-09,2026-10-09,最新库内披露仓位,latest_observed_current,,30,1,,"{""2026-06-30"": 100.00000000000006}",0,39.95672438150682,2.186996896463527,1,8cdb62663b321dcfafb05f4d.json,2026-10-09,源端最新仓位占比,1,"源端占比直接使用；净值滚动未执行：缺少基准日之后净值：005698,005534,000834,005676",100.00000000000006,100.00000000000006,0.0
qieman__ZH188070,星泊稳健三号,且慢/盈米基金,,stargate_keyword_discovered,2026-10-09,2026-10-09,最新库内披露仓位,latest_observed_current,,6,1,,"{""2026-06-30"": 100.00000000000001}",0,0.0,21.482510416482548,0,7f8adefd191a6d7e1e08bd5f.json,2026-10-09,源端最新仓位占比,1,,100.00000000000001,100.00000000000001,0.0
qieman__ZH031163,景顺长城犇犇全明星-盈米尊享,且慢/盈米基金,,stargate_keyword_discovered,2026-10-09,2026-10-09,最新库内披露仓位,latest_observed_current,,18,1,,"{""2026-06-30"": 100.00000000000001}",0,47.685413002796714,3.2567298835889114,0,51db81db875733f4879e21fd.json,2026-10-09,源端最新仓位占比,1,,100.00000000000001,100.00000000000001,0.0
qieman__ZH178383,智富低波组合,且慢/盈米基金,,stargate_keyword_discovered,2026-10-09,2026-10-09,最新库内披露仓位,latest_observed_current,,15,1,,"{""2026-06-30"": 100.00000000000001}",0,6.290745949425181,10.257664686333722,1,8437ec6e587a283182f13059.json,2026-10-09,源端最新仓位占比,1,"源端占比直接使用；净值滚动未执行：缺少基准日之后净值：270023,118001",100.00000000000001,100.00000000000001,0.0
qieman__ZH168007,智富安盈组合,且慢/盈米基金,,stargate_keyword_discovered,2026-10-09,2026-10-09,最新库内披露仓位,latest_observed_current,,14,1,,"{""2026-06-30"": 100.0}",0,2.792300167867715,16.478790597491972,0,3f35435043f36b79bc0e9a5d.json,2026-10-09,源端最新仓位占比,1,,100.0,100.0,0.0
qieman__SI000222,智富定盈组合,且慢/盈米基金,,stargate_keyword_discovered,2026-10-09,2026-10-09,最新库内披露仓位,latest_observed_current,,23,1,,"{""2026-06-30"": 99.99999999999997}",0,2.3859562493602637,0.6356749387946534,0,e8988d55ae543e61bfbe648e.json,2026-10-09,源端最新仓位占比,1,,99.99999999999997,99.99999999999997,0.0
qieman__ZH178528,智富永久组合,且慢/盈米基金,,stargate_keyword_discovered,2026-10-09,2026-10-09,最新库内披露仓位,latest_observed_current,,13,1,,"{""2026-06-30"": 100.0}",0,7.36875668370892,10.059676303424428,0,85059c95860772300d190b13.json,2026-10-09,源端最新仓位占比,1,源端占比直接使用；净值滚动未执行：缺少基准日之后净值：017641,100.0,100.0,0.0
qieman__ZH167344,智富稳盈组合,且慢/盈米基金,,stargate_keyword_discovered,2026-10-09,2026-10-09,最新库内披露仓位,latest_observed_current,,18,1,,"{""2026-06-30"": 100.00000000000001}",0,3.351360769835773,6.072718612363751,0,e2e974da9fcf145bceb337f2.json,2026-10-09,源端最新仓位占比,1,"源端占比直接使用；净值滚动未执行：缺少基准日之后净值：002877,017641",100.00000000000001,100.00000000000001,0.0
qieman__ZH151658,智晖稳健,且慢/盈米基金,,stargate_keyword_discovered,2026-10-09,2026-10-09,最新库内披露仓位,latest_observed_current,,12,1,,"{""2026-06-30"": 99.99999999999999}",0,5.824699203926006,19.449191691139845,0,e1d74597effca69ed115b234.json,2026-10-09,源端最新仓位占比,1,源端占比直接使用；净值滚动未执行：缺少基准日之后净值：017970,99.99999999999999,99.99999999999999,0.0
qieman__ZH028968,智者优选债券资产,且慢/盈米基金,,stargate_keyword_discovered,2026-10-09,2026-10-09,最新库内披露仓位,latest_observed_current,,7,1,,"{""2026-06-30"": 100.0}",0,0.0,38.75871204550839,0,d341dede3f421b3163f9a8fa.json,2026-10-09,源端最新仓位占比,1,,100.0,100.0,0.0
qieman__ZH028967,智者优选股票资产,且慢/盈米基金,,stargate_keyword_discovered,2026-10-09,2026-10-09,最新库内披露仓位,latest_observed_current,,13,1,,"{""2026-06-30"": 100.00000000000001}",0,18.49852801970957,0.6420325624176492,0,78fde8cdd11ad456883bd614.json,2026-10-09,源端最新仓位占比,1,,100.00000000000001,100.00000000000001,0.0
qieman__ZH153288,智者股债配置组合1,且慢/盈米基金,,stargate_keyword_discovered,2026-10-09,2026-10-09,最新库内披露仓位,latest_observed_current,,19,1,,"{""2026-06-30"": 100.0}",0,5.594466953302003,27.245457666035907,0,f39bfbb04b6c6a3bb245a27b.json,2026-10-09,源端最新仓位占比,1,,100.0,100.0,0.0
qieman__ZH153289,智者股债配置组合2,且慢/盈米基金,,stargate_keyword_discovered,2026-10-09,2026-10-09,最新库内披露仓位,latest_observed_current,,7,1,,"{""2026-06-30"": 100.0}",0,0.0,38.761244195037506,0,95eccb5c5e5a3dce476c3b6f.json,2026-10-09,源端最新仓位占比,1,,100.0,100.0,0.0
qieman__ZH153290,智者股债配置组合3,且慢/盈米基金,,stargate_keyword_discovered,2026-10-09,2026-10-09,最新库内披露仓位,latest_observed_current,,7,1,,"{""2026-06-30"": 100.0}",0,0.0,38.761244195037506,0,be2f105439df7e9b817e1c81.json,2026-10-09,源端最新仓位占比,1,,100.0,100.0,0.0
qieman__ZH153291,智者股债配置组合4,且慢/盈米基金,,stargate_keyword_discovered,2026-10-09,2026-10-09,最新库内披露仓位,latest_observed_current,,19,1,,"{""2026-06-30"": 99.99999999999999}",0,9.31433286177524,19.617526065146574,0,0c217eb6d3e6d155828b37e0.json,2026-10-09,源端最新仓位占比,1,,99.99999999999999,99.99999999999999,0.0
qieman__ZH153292,智者股债配置组合5,且慢/盈米基金,,stargate_keyword_discovered,2026-10-09,2026-10-09,最新库内披露仓位,latest_observed_current,,19,1,,"{""2026-06-30"": 100.00000000000003}",0,3.5504767192943194,31.39756284615543,0,9bf2a0925ed4b8468c89c569.json,2026-10-09,源端最新仓位占比,1,,100.00000000000003,100.00000000000003,0.0
qieman__ZH153293,智者股债配置组合6,且慢/盈米基金,,stargate_keyword_discovered,2026-10-09,2026-10-09,最新库内披露仓位,latest_observed_current,,19,1,,"{""2026-06-30"": 99.99999999999999}",0,8.995982569132398,20.256952849729963,0,1b35766b91ec1d6ee105ca40.json,2026-10-09,源端最新仓位占比,1,,99.99999999999999,99.99999999999999,0.0
qieman__ZH153294,智者股债配置组合7,且慢/盈米基金,,stargate_keyword_discovered,2026-10-09,2026-10-09,最新库内披露仓位,latest_observed_current,,19,1,,"{""2026-06-30"": 99.99999999999999}",0,13.024626827136315,12.002842090240241,0,4264ee25373de14de55e4479.json,2026-10-09,源端最新仓位占比,1,,99.99999999999999,99.99999999999999,0.0
qieman__ZH153295,智者股债配置组合8,且慢/盈米基金,,stargate_keyword_discovered,2026-10-09,2026-10-09,最新库内披露仓位,latest_observed_current,,13,1,,"{""2026-06-30"": 99.99999999999999}",0,18.545008288571292,0.6398792176365953,0,ea79f1ea9bccd9dc0333a00b.json,2026-10-09,源端最新仓位占比,1,,99.99999999999999,99.99999999999999,0.0
qieman__ZH173056,智远全时固收组合,且慢/盈米基金,,stargate_keyword_discovered,2026-10-09,2026-10-09,最新库内披露仓位,latest_observed_current,,12,1,,"{""2026-06-30"": 100.0}",0,4.530278469986473,19.19343261024452,0,ac1d9854119964001686a073.json,2026-10-09,源端最新仓位占比,1,"源端占比直接使用；净值滚动未执行：缺少基准日之后净值：002401,000103,206006,000290",100.0,100.0,0.0
qieman__ZH173073,智远全时权益组合,且慢/盈米基金,,stargate_keyword_discovered,2026-10-09,2026-10-09,最新库内披露仓位,latest_observed_current,,11,1,,"{""2026-06-30"": 99.99999999999997}",0,3.8937327360613154,1.6305496057648394,2,d074dd062baa14e104288156.json,2026-10-09,源端最新仓位占比,1,"源端占比直接使用；净值滚动未执行：缺少基准日之后净值：017654,022170,100055,009108",99.99999999999997,99.99999999999997,0.0
qieman__SI000021,月食计划,且慢/盈米基金,,stargate_keyword_discovered,2026-10-09,2026-10-09,最新库内披露仓位,latest_observed_current,,30,1,,"{""2026-06-30"": 99.99999999999996}",0,43.9216787697663,3.4858623827591195,3,ac341c6d7cddbcb115ef3f93.json,2026-10-09,源端最新仓位占比,1,"源端占比直接使用；净值滚动未执行：缺少基准日之后净值：018064,007721,019231,018147,006328,018230,018967",99.99999999999996,99.99999999999996,0.0
qieman__ZH154673,有点乾正禾宏观多元策略,且慢/盈米基金,,stargate_keyword_discovered,2026-10-09,2026-10-09,最新库内披露仓位,latest_observed_current,,11,1,,"{""2026-06-30"": 100.00000000000001}",0,12.072420285061725,2.992215756050431,0,92d47c0581fc9f416a010f21.json,2026-10-09,源端最新仓位占比,1,,100.00000000000001,100.00000000000001,0.0
qieman__ZH013804,李时珍医药基金组合,且慢/盈米基金,,stargate_keyword_discovered,2026-10-09,2026-10-09,最新库内披露仓位,latest_observed_current,,13,1,,"{""2026-06-30"": 100.0}",0,68.80867973147235,1.230730163548703,0,9669ef785ef18a64ac0990f7.json,2026-10-09,源端最新仓位占比,1,,100.0,100.0,0.0
qieman__ZH130979,梦想家定投基金组合1号,且慢/盈米基金,,stargate_keyword_discovered,2026-10-09,2026-10-09,最新库内披露仓位,latest_observed_current,,12,1,,"{""2026-06-30"": 100.0}",0,43.57859500803049,6.7069692978070385,0,71a989d0fe8ca56eea985033.json,2026-10-09,源端最新仓位占比,1,,100.0,100.0,0.0
qieman__ZH152971,楚才稳进,且慢/盈米基金,,stargate_keyword_discovered,2026-10-09,2026-10-09,最新库内披露仓位,latest_observed_current,,19,1,,"{""2026-06-30"": 100.0}",0,11.821747703751997,18.664838586855083,0,9974d096025dfa3ff40615fb.json,2026-10-09,源端最新仓位占比,1,,100.0,100.0,0.0
qieman__ZH066053,檀香均衡优选组合,且慢/盈米基金,,stargate_keyword_discovered,2026-10-09,2026-10-09,最新库内披露仓位,latest_observed_current,,15,1,,"{""2026-06-30"": 99.99999999999997}",0,26.057811956162215,9.432160795156223,0,53b15938a896c4cfe82a19ce.json,2026-10-09,源端最新仓位占比,1,"源端占比直接使用；净值滚动未执行：缺少基准日之后净值：008764,006105,021773",99.99999999999997,99.99999999999997,0.0
qieman__SI000155,每周基车定投,且慢/盈米基金,,stargate_keyword_discovered,2026-10-09,2026-10-09,最新库内披露仓位,latest_observed_current,,29,1,,"{""2026-06-30"": 100.00000000000001}",0,19.4897524950631,1.6115892030857204,2,7cd2c035e9819e5740c38403.json,2026-10-09,源端最新仓位占比,1,"源端占比直接使用；净值滚动未执行：缺少基准日之后净值：013945,164906,020516,020512,006328,004420",100.00000000000001,100.00000000000001,0.0
qieman__ZH135897,民生加银固收福禄宝组合,且慢/盈米基金,,stargate_keyword_discovered,2026-10-09,2026-10-09,最新库内披露仓位,latest_observed_current,,14,1,,"{""2026-06-30"": 100.0}",0,9.567886811938969,12.77428732208628,0,ecdf66ef2514346e41180538.json,2026-10-09,源端最新仓位占比,1,,100.0,100.0,0.0
qieman__ZH135900,民生加银配置加分组合,且慢/盈米基金,,stargate_keyword_discovered,2026-10-09,2026-10-09,最新库内披露仓位,latest_observed_current,,11,1,,"{""2026-06-30"": 100.0}",0,49.181771458054314,6.288993256650388,0,f9710b91f179a893d6278c71.json,2026-10-09,源端最新仓位占比,1,,100.0,100.0,0.0
qieman__ZH165124,水涨船高组合,且慢/盈米基金,,stargate_keyword_discovered,2026-10-09,2026-10-09,最新库内披露仓位,latest_observed_current,,10,1,,"{""2026-06-30"": 100.0}",0,0.2658181257328895,7.130215524905566,0,8178b782a53d631d6280f921.json,2026-10-09,源端最新仓位占比,1,,100.0,100.0,0.0
qieman__ZH099004,永盈远见,且慢/盈米基金,,stargate_keyword_discovered,2026-10-09,2026-10-09,最新库内披露仓位,latest_observed_current,,20,1,,"{""2026-06-30"": 99.99999999999999}",0,57.82278853270462,1.2763585149799441,0,5e8772b5b72b758d08d3cdd0.json,2026-10-09,源端最新仓位占比,1,,99.99999999999999,99.99999999999999,0.0
qieman__ZH166164,求是稳健赢,且慢/盈米基金,,stargate_keyword_discovered,2026-10-09,2026-10-09,最新库内披露仓位,latest_observed_current,,26,1,,"{""2026-06-30"": 99.99999999999999}",0,7.847097003578597,32.68291729279691,0,5d382cf720bfba7196ba51f6.json,2026-10-09,源端最新仓位占比,1,,99.99999999999999,99.99999999999999,0.0
qieman__ZH166085,求是稳稳赢,且慢/盈米基金,,stargate_keyword_discovered,2026-10-09,2026-10-09,最新库内披露仓位,latest_observed_current,,26,1,,"{""2026-06-30"": 100.0}",0,4.965689320184302,33.7605505496283,0,27ec364b56aa2da71ded926d.json,2026-10-09,源端最新仓位占比,1,,100.0,100.0,0.0
qieman__ZH130772,求稳派小添财,且慢/盈米基金,,stargate_keyword_discovered,2026-10-09,2026-10-09,最新库内披露仓位,latest_observed_current,,19,1,,"{""2026-06-30"": 99.99999999999997}",0,5.885456787599935,25.8326635259892,0,d458d181a2fe793f38f6b470.json,2026-10-09,源端最新仓位占比,1,,99.99999999999997,99.99999999999997,0.0
qieman__ZH126433,汇添富小幸福,且慢/盈米基金,,stargate_keyword_discovered,2026-10-09,2026-10-09,最新库内披露仓位,latest_observed_current,,13,1,,"{""2026-06-30"": 100.0}",0,27.933082715694486,11.537732909356691,0,2a40c0ea78ed772fb15db926.json,2026-10-09,源端最新仓位占比,1,,100.0,100.0,0.0
qieman__ZH126432,汇添富小确幸,且慢/盈米基金,,stargate_keyword_discovered,2026-10-09,2026-10-09,最新库内披露仓位,latest_observed_current,,13,1,,"{""2026-06-30"": 100.00000000000001}",0,16.22090532876249,13.40548792683963,0,cbbfe71fbfbd543b456184e4.json,2026-10-09,源端最新仓位占比,1,,100.00000000000001,100.00000000000001,0.0
qieman__ZH159580,海外权益优选,且慢/盈米基金,,stargate_keyword_discovered,2026-10-09,2026-10-09,最新库内披露仓位,latest_observed_current,,25,1,,"{""2026-06-30"": 99.99999999999999}",0,37.76606762014645,4.042385229284504,8,41addd0daa33559e02ec8528.json,2026-10-09,源端最新仓位占比,1,"源端占比直接使用；净值滚动未执行：缺少基准日之后净值：020969,020957,024239,000041,040018,160216,164212,016665,012060,022184,009108,007455,019231,021277,019578",99.99999999999999,99.99999999999999,0.0
qieman__ZH169643,海外权益优选(万联版),且慢/盈米基金,,stargate_keyword_discovered,2026-10-09,2026-10-09,最新库内披露仓位,latest_observed_current,,24,1,,"{""2026-06-30"": 100.00000000000001}",0,48.46323570592757,5.017999808662505,5,0fde22c445b48be5a4bca897.json,2026-10-09,源端最新仓位占比,1,"源端占比直接使用；净值滚动未执行：缺少基准日之后净值：020969,024239,000041,005534,040018,160216,016823,012060,019231,021277,018230",100.00000000000001,100.00000000000001,0.0
qieman__ZH045543,淘金者计划,且慢/盈米基金,,stargate_keyword_discovered,2026-10-09,2026-10-09,最新库内披露仓位,latest_observed_current,,15,1,,"{""2026-06-30"": 100.00000000000001}",0,48.3730242847311,0.21884385750046076,0,a2131542151e83c109c36851.json,2026-10-09,源端最新仓位占比,1,,100.00000000000001,100.00000000000001,0.0
qieman__ZH045070,添富小确幸,且慢/盈米基金,,stargate_keyword_discovered,2026-10-09,2026-10-09,最新库内披露仓位,latest_observed_current,,13,1,,"{""2026-06-30"": 100.00000000000001}",0,16.22090532876249,13.40548792683963,0,91882f76a79a8132f95ec542.json,2026-10-09,源端最新仓位占比,1,,100.00000000000001,100.00000000000001,0.0
qieman__ZH053508,滚雪球组合,且慢/盈米基金,,stargate_keyword_discovered,2026-10-09,2026-10-09,最新库内披露仓位,latest_observed_current,,13,1,,"{""2026-06-30"": 99.99999999999999}",0,7.841305737309721,18.64570927248872,0,389b92bc8b06f80eed0865d6.json,2026-10-09,源端最新仓位占比,1,,99.99999999999999,99.99999999999999,0.0
qieman__ZH137488,点时成金组合1号,且慢/盈米基金,,stargate_keyword_discovered,2026-10-09,2026-10-09,最新库内披露仓位,latest_observed_current,,26,1,,"{""2026-06-30"": 99.99999999999999}",0,4.428967383987377,19.995934222911306,0,99a48327df663f6656c4977b.json,2026-10-09,源端最新仓位占比,1,,99.99999999999999,99.99999999999999,0.0
qieman__SI000100,点睛定投计划,且慢/盈米基金,,stargate_keyword_discovered,2026-10-09,2026-10-09,最新库内披露仓位,latest_observed_current,,56,1,,"{""2026-06-30"": 99.99999999999999}",0,11.192256179544936,2.839713414694564,2,5aca37be161ee1a25ce9fc75.json,2026-10-09,源端最新仓位占比,1,"源端占比直接使用；净值滚动未执行：缺少基准日之后净值：002286,001061,160416,160216,096001,000834,007721,100055,017970,007360,017894,016701",99.99999999999999,99.99999999999999,0.0
qieman__ZH175723,煊选全球精选,且慢/盈米基金,,stargate_keyword_discovered,2026-10-09,2026-10-09,最新库内披露仓位,latest_observed_current,,17,1,,"{""2026-06-30"": 97.22000000000001}",0,10.41148839824848,0.16823041330597543,6,8ddb42284814ccb4e485ee84.json,2026-10-09,源端最新仓位占比,1,"源端占比直接使用；净值滚动未执行：缺少基准日之后净值：015016,017204,017437,019525,021190,160141,021662,021277,019641,968044,019305,019450,018967,014002,016702",97.22000000000001,97.22000000000001,2.78
qieman__SI000120,牛魔王赛道跟车策略,且慢/盈米基金,,stargate_keyword_discovered,2026-10-09,2026-10-09,最新库内披露仓位,latest_observed_current,,10,1,,"{""2026-06-30"": 100.0}",0,11.196696145392622,0.6353309197603892,0,b658f85c9b8fe3af50c76ca2.json,2026-10-09,源端最新仓位占比,1,,100.0,100.0,0.0
qieman__ZH000141,环球低波均衡组合,且慢/盈米基金,,stargate_keyword_discovered,2026-10-09,2026-10-09,最新库内披露仓位,latest_observed_current,,12,1,,"{""2026-06-30"": 100.0}",0,11.688553381051225,6.015488210349494,2,0104a7da283f6747744cef61.json,2026-10-09,源端最新仓位占比,1,"源端占比直接使用；净值滚动未执行：缺少基准日之后净值：519696,050025,100050,486002,003629,017641,006282,012920",100.0,100.0,0.0
qieman__ZH000138,环球宏观动力组合,且慢/盈米基金,,stargate_keyword_discovered,2026-10-09,2026-10-09,最新库内披露仓位,latest_observed_current,,12,1,,"{""2026-06-30"": 99.99999999999999}",0,12.627558775570023,4.327409989394737,2,14f3cfb96055c5588c2f7083.json,2026-10-09,源端最新仓位占比,1,"源端占比直接使用；净值滚动未执行：缺少基准日之后净值：519696,050025,100050,486002,003629,017641,006282,012920",99.99999999999999,99.99999999999999,0.0
qieman__ZH000143,环球成长领航组合,且慢/盈米基金,,stargate_keyword_discovered,2026-10-09,2026-10-09,最新库内披露仓位,latest_observed_current,,12,1,,"{""2026-06-30"": 100.00000000000001}",0,13.950543074282187,2.878520900384774,2,50e580214913aa5953b54a48.json,2026-10-09,源端最新仓位占比,1,"源端占比直接使用；净值滚动未执行：缺少基准日之后净值：519696,050025,100050,486002,003629,017641,006282,012920",100.00000000000001,100.00000000000001,0.0
qieman__ZH155613,现金策略,且慢/盈米基金,,stargate_keyword_discovered,2026-10-09,2026-10-09,最新库内披露仓位,latest_observed_current,,1,1,,"{""2026-06-30"": 100.0}",0,0.0,9.14281226808303,0,971b62e091fe68ef2af5e33f.json,2026-10-10,净值漂移推算,1,,100.0,100.0,0.0
qieman__ZH125207,理财季季乐,且慢/盈米基金,,stargate_keyword_discovered,2026-10-09,2026-10-09,最新库内披露仓位,latest_observed_current,,23,1,,"{""2026-06-30"": 99.99999999999997}",0,5.6874472544776635,15.534198697139797,0,9a1c57a5b633dca232190675.json,2026-10-09,源端最新仓位占比,1,,99.99999999999997,99.99999999999997,0.0
qieman__ZH144732,理财季季乐plus,且慢/盈米基金,,stargate_keyword_discovered,2026-10-09,2026-10-09,最新库内披露仓位,latest_observed_current,,22,1,,"{""2026-06-30"": 100.00000000000001}",0,9.315552733050206,12.26894335974638,0,b58388dbd75c1de6660002c4.json,2026-10-09,源端最新仓位占比,1,"源端占比直接使用；净值滚动未执行：缺少基准日之后净值：007722,007360",100.00000000000001,100.00000000000001,0.0
qieman__ZH150261,申万菱信稳健安鑫,且慢/盈米基金,,stargate_keyword_discovered,2026-10-09,2026-10-09,最新库内披露仓位,latest_observed_current,,20,1,,"{""2026-06-30"": 100.0}",0,9.361376228705845,12.539423529039665,0,545a0c9697a4a31c5df381dd.json,2026-10-09,源端最新仓位占比,1,,100.0,100.0,0.0
qieman__ZH149091,申菱稳健低波,且慢/盈米基金,,stargate_keyword_discovered,2026-10-09,2026-10-09,最新库内披露仓位,latest_observed_current,,17,1,,"{""2026-06-30"": 100.0}",0,10.297916485685603,13.889978046187954,0,6c14d1944bcda9647135b710.json,2026-10-09,源端最新仓位占比,1,,100.0,100.0,0.0
qieman__ZH154683,盈添全球优质资产,且慢/盈米基金,,stargate_keyword_discovered,2026-10-09,2026-10-09,最新库内披露仓位,latest_observed_current,,10,1,,"{""2026-06-30"": 100.0}",0,10.807407633294309,0.5868285644569764,1,a5b1d5fc133a1746ebaaa86a.json,2026-10-09,源端最新仓位占比,1,"源端占比直接使用；净值滚动未执行：缺少基准日之后净值：050025,000834,016664,008763,118002",100.0,100.0,0.0
qieman__ZH156498,盈添精选债券策略,且慢/盈米基金,,stargate_keyword_discovered,2026-10-09,2026-10-09,最新库内披露仓位,latest_observed_current,,8,1,,"{""2026-06-30"": 100.0}",0,0.0,24.507591874827675,0,986f8af8d6fab19e5ef50ba6.json,2026-10-09,源端最新仓位占比,1,,100.0,100.0,0.0
qieman__ZH156488,盈添精选股票策略,且慢/盈米基金,,stargate_keyword_discovered,2026-10-09,2026-10-09,最新库内披露仓位,latest_observed_current,,14,1,,"{""2026-06-30"": 100.00000000000003}",0,29.001640753594458,0.47634898146321963,0,f8eb8592ac2a0babf5a28682.json,2026-10-09,源端最新仓位占比,1,源端占比直接使用；净值滚动未执行：缺少基准日之后净值：000834,100.00000000000003,100.00000000000003,0.0
qieman__ZH156651,盈添股债稳健策略方案1组合,且慢/盈米基金,,stargate_keyword_discovered,2026-10-09,2026-10-09,最新库内披露仓位,latest_observed_current,,21,1,,"{""2026-06-30"": 100.0}",0,1.4945651442903847,23.26455835766684,0,071afae1fedaec50e89337ab.json,2026-10-09,源端最新仓位占比,1,源端占比直接使用；净值滚动未执行：缺少基准日之后净值：000834,100.0,100.0,0.0
qieman__ZH156652,盈添股债稳健策略方案2组合,且慢/盈米基金,,stargate_keyword_discovered,2026-10-09,2026-10-09,最新库内披露仓位,latest_observed_current,,21,1,,"{""2026-06-30"": 100.00000000000001}",0,5.0355823217871505,20.326450311316677,0,9529c3779878c84d8e9298f4.json,2026-10-09,源端最新仓位占比,1,源端占比直接使用；净值滚动未执行：缺少基准日之后净值：000834,100.00000000000001,100.00000000000001,0.0
qieman__ZH156660,盈添股债配置策略方案10组合,且慢/盈米基金,,stargate_keyword_discovered,2026-10-09,2026-10-09,最新库内披露仓位,latest_observed_current,,21,1,,"{""2026-06-30"": 99.99999999999999}",0,27.753497814049574,1.498557988975572,0,1a96b008367074e30aa6b5a3.json,2026-10-09,源端最新仓位占比,1,源端占比直接使用；净值滚动未执行：缺少基准日之后净值：000834,99.99999999999999,99.99999999999999,0.0
qieman__ZH156653,盈添股债配置策略方案3组合,且慢/盈米基金,,stargate_keyword_discovered,2026-10-09,2026-10-09,最新库内披露仓位,latest_observed_current,,21,1,,"{""2026-06-30"": 99.99999999999999}",0,8.71630448666464,17.273669856453097,0,7729ee505f7f6bd9b2e54e01.json,2026-10-09,源端最新仓位占比,1,源端占比直接使用；净值滚动未执行：缺少基准日之后净值：000834,99.99999999999999,99.99999999999999,0.0
qieman__ZH156654,盈添股债配置策略方案4组合,且慢/盈米基金,,stargate_keyword_discovered,2026-10-09,2026-10-09,最新库内披露仓位,latest_observed_current,,21,1,,"{""2026-06-30"": 99.99999999999999}",0,10.822876788897863,15.517639075426814,0,3e069f7acf27f11c65341abf.json,2026-10-09,源端最新仓位占比,1,源端占比直接使用；净值滚动未执行：缺少基准日之后净值：000834,99.99999999999999,99.99999999999999,0.0
qieman__ZH156655,盈添股债配置策略方案5组合,且慢/盈米基金,,stargate_keyword_discovered,2026-10-09,2026-10-09,最新库内披露仓位,latest_observed_current,,21,1,,"{""2026-06-30"": 99.99999999999999}",0,13.770173885824924,13.079043278075947,0,d29812b00bb1d67a829c4473.json,2026-10-09,源端最新仓位占比,1,源端占比直接使用；净值滚动未执行：缺少基准日之后净值：000834,99.99999999999999,99.99999999999999,0.0
qieman__ZH156656,盈添股债配置策略方案6组合,且慢/盈米基金,,stargate_keyword_discovered,2026-10-09,2026-10-09,最新库内披露仓位,latest_observed_current,,21,1,,"{""2026-06-30"": 99.99999999999999}",0,16.659249350037,10.67879366311651,0,b328c798ee7b158e2072b327.json,2026-10-09,源端最新仓位占比,1,源端占比直接使用；净值滚动未执行：缺少基准日之后净值：000834,99.99999999999999,99.99999999999999,0.0
qieman__ZH156657,盈添股债配置策略方案7组合,且慢/盈米基金,,stargate_keyword_discovered,2026-10-09,2026-10-09,最新库内披露仓位,latest_observed_current,,21,1,,"{""2026-06-30"": 100.00000000000001}",0,20.34911505360106,7.641236557227335,0,39b9db78ebf9ea6a865eff58.json,2026-10-09,源端最新仓位占比,1,源端占比直接使用；净值滚动未执行：缺少基准日之后净值：000834,100.00000000000001,100.00000000000001,0.0
qieman__ZH156658,盈添股债配置策略方案8组合,且慢/盈米基金,,stargate_keyword_discovered,2026-10-09,2026-10-09,最新库内披露仓位,latest_observed_current,,21,1,,"{""2026-06-30"": 100.0}",0,22.280797845076933,6.029171614114149,0,f15a5ec0f15180e7137d9fb0.json,2026-10-09,源端最新仓位占比,1,源端占比直接使用；净值滚动未执行：缺少基准日之后净值：000834,100.0,100.0,0.0
qieman__ZH156659,盈添股债配置策略方案9组合,且慢/盈米基金,,stargate_keyword_discovered,2026-10-09,2026-10-09,最新库内披露仓位,latest_observed_current,,21,1,,"{""2026-06-30"": 100.0}",0,25.235848849320913,3.5810043205935114,0,f8fc910631e67848f097d6ed.json,2026-10-09,源端最新仓位占比,1,源端占比直接使用；净值滚动未执行：缺少基准日之后净值：000834,100.0,100.0,0.0
qieman__ZH187297,盈米中西合璧(一创精选),且慢/盈米基金,,stargate_keyword_discovered,2026-10-09,2026-10-09,最新库内披露仓位,latest_observed_current,,26,1,,"{""2026-06-30"": 99.99999999999999}",0,44.488251128473266,2.5087830874675894,1,ef67a745b42d374b79c5c0db.json,2026-10-09,源端最新仓位占比,1,"源端占比直接使用；净值滚动未执行：缺少基准日之后净值：005698,000041,005534,040018,270023",99.99999999999999,99.99999999999999,0.0
qieman__ZH187288,盈米低波(一创精选),且慢/盈米基金,,stargate_keyword_discovered,2026-10-09,2026-10-09,最新库内披露仓位,latest_observed_current,,19,1,,"{""2026-06-30"": 100.0}",0,8.930097179570092,16.68052413671333,0,4fd9c984494e09f7c7ec23a7.json,2026-10-09,源端最新仓位占比,1,源端占比直接使用；净值滚动未执行：缺少基准日之后净值：040018,100.0,100.0,0.0
qieman__ZH187337,盈米低波固收+,且慢/盈米基金,,stargate_keyword_discovered,2026-10-09,2026-10-09,最新库内披露仓位,latest_observed_current,,11,1,,"{""2026-06-30"": 99.99999999999999}",0,4.528346222302861,18.29565527216546,0,9a258d74d26aee562a238171.json,2026-10-09,源端最新仓位占比,1,,99.99999999999999,99.99999999999999,0.0
qieman__ZH187289,盈米低波增强(一创精选),且慢/盈米基金,,stargate_keyword_discovered,2026-10-09,2026-10-09,最新库内披露仓位,latest_observed_current,,31,1,,"{""2026-06-30"": 100.00000000000003}",0,13.35752671706065,16.582045158687794,0,5434a8bd8365c2613ec7d3fb.json,2026-10-09,源端最新仓位占比,1,源端占比直接使用；净值滚动未执行：缺少基准日之后净值：040018,100.00000000000003,100.00000000000003,0.0
qieman__ZH178858,盈米医药,且慢/盈米基金,,stargate_keyword_discovered,2026-10-09,2026-10-09,最新库内披露仓位,latest_observed_current,,11,1,,"{""2026-06-30"": 99.99999999999999}",0,76.65327030382079,0.3903980838471454,0,5f2e76580ded1e0026c3849c.json,2026-10-09,源端最新仓位占比,1,,99.99999999999999,99.99999999999999,0.0
qieman__ZH169800,盈米启明睿-低波,且慢/盈米基金,,stargate_keyword_discovered,2026-10-09,2026-10-09,最新库内披露仓位,latest_observed_current,,17,1,,"{""2026-06-30"": 100.00000000000001}",0,8.57181234849933,12.034707905608876,2,5ae67aa29edcc2e2d0a998e2.json,2026-10-09,源端最新仓位占比,1,"源端占比直接使用；净值滚动未执行：缺少基准日之后净值：002401,000934,018147,008320",100.00000000000001,100.00000000000001,0.0
qieman__ZH169801,盈米启明睿-攻守,且慢/盈米基金,,stargate_keyword_discovered,2026-10-09,2026-10-09,最新库内披露仓位,latest_observed_current,,29,1,,"{""2026-06-30"": 99.99999999999997}",0,39.13723367933254,6.506697969692624,2,17378aa9298fb0abae18b725.json,2026-10-09,源端最新仓位占比,1,"源端占比直接使用；净值滚动未执行：缺少基准日之后净值：024239,040018,001691,022184,009108,007455",99.99999999999997,99.99999999999997,0.0
qieman__ZH178853,盈米周期,且慢/盈米基金,,stargate_keyword_discovered,2026-10-09,2026-10-09,最新库内披露仓位,latest_observed_current,,10,1,,"{""2026-06-30"": 100.0}",0,41.297281643011004,0.19657046376378515,0,9b2b043e64bc792b8a24f724.json,2026-10-09,源端最新仓位占比,1,,100.0,100.0,0.0
qieman__ZH183319,盈米商品,且慢/盈米基金,,stargate_keyword_discovered,2026-10-09,2026-10-09,最新库内披露仓位,latest_observed_current,,8,1,,"{""2026-06-30"": 100.0}",0,0.0,0.0932566851344469,1,f83e1da911d36540d2bbb3ed.json,2026-10-09,源端最新仓位占比,1,"源端占比直接使用；净值滚动未执行：缺少基准日之后净值：050020,025162,018543,021694",100.0,100.0,0.0
qieman__ZH187292,盈米守恒(一创精选),且慢/盈米基金,,stargate_keyword_discovered,2026-10-09,2026-10-09,最新库内披露仓位,latest_observed_current,,22,1,,"{""2026-06-30"": 100.0}",0,32.45338879851285,9.216869547172863,0,2653fced9062fd75beb14c24.json,2026-10-09,源端最新仓位占比,1,"源端占比直接使用；净值滚动未执行：缺少基准日之后净值：005698,000041,040018",100.0,100.0,0.0
qieman__S_WALLET,盈米宝,且慢/盈米基金,,stargate_keyword_discovered,,,最新库内披露仓位,latest_observed_current,缺少当前基金仓位,0,0,缺少当前基金仓位,{},0,,,0,f9d2a0e05d9f71f43dad89d4.json,,缺少可用基金配置,0,缺少完整配置,,,
qieman__ZH187293,盈米攻守(一创精选),且慢/盈米基金,,stargate_keyword_discovered,2026-10-09,2026-10-09,最新库内披露仓位,latest_observed_current,,24,1,,"{""2026-06-30"": 99.99999999999999}",0,51.00824849794202,4.8829958913066065,0,8163fbdd55428d09b33c7800.json,2026-10-09,源端最新仓位占比,1,"源端占比直接使用；净值滚动未执行：缺少基准日之后净值：005698,000041,040018",99.99999999999999,99.99999999999999,0.0
qieman__ZH178856,盈米新能源,且慢/盈米基金,,stargate_keyword_discovered,2026-10-09,2026-10-09,最新库内披露仓位,latest_observed_current,,9,1,,"{""2026-06-30"": 99.99999999999999}",0,63.93740847758907,1.127043708017839,0,e80b2d917eafeb3e132b272f.json,2026-10-09,源端最新仓位占比,1,,99.99999999999999,99.99999999999999,0.0
qieman__ZH178861,盈米消费,且慢/盈米基金,,stargate_keyword_discovered,2026-10-09,2026-10-09,最新库内披露仓位,latest_observed_current,,11,1,,"{""2026-06-30"": 100.0}",0,75.94952650642433,0.6326434378811094,0,439f547d4ff2d889bd34e27b.json,2026-10-09,源端最新仓位占比,1,,100.0,100.0,0.0
qieman__ZH187278,盈米现金(一创精选),且慢/盈米基金,,stargate_keyword_discovered,2026-10-09,2026-10-09,最新库内披露仓位,latest_observed_current,,2,1,,"{""2026-06-30"": 100.0}",0,0.0,18.00406706933671,0,53f2bb7d4b8c9e8caad35062.json,2026-10-10,净值漂移推算,1,,100.0,100.0,0.0
qieman__ZH178862,盈米科技,且慢/盈米基金,,stargate_keyword_discovered,2026-10-09,2026-10-09,最新库内披露仓位,latest_observed_current,,11,1,,"{""2026-06-30"": 100.0}",0,62.751602733752264,0.7585373206293842,0,9bca4c2be34925724a8efb26.json,2026-10-09,源端最新仓位占比,1,,100.0,100.0,0.0
qieman__ZH187290,盈米稳健(一创精选),且慢/盈米基金,,stargate_keyword_discovered,2026-10-09,2026-10-09,最新库内披露仓位,latest_observed_current,,20,1,,"{""2026-06-30"": 100.00000000000001}",0,21.46632812315078,14.07350381857242,0,3c2e4abd10c794746d16035c.json,2026-10-09,源端最新仓位占比,1,"源端占比直接使用；净值滚动未执行：缺少基准日之后净值：005698,000041,040018",100.00000000000001,100.00000000000001,0.0
qieman__ZH000082,盈米稳健八心八箭,且慢/盈米基金,,stargate_keyword_discovered,2026-10-09,2026-10-09,最新库内披露仓位,latest_observed_current,,18,1,,"{""2026-06-30"": 100.0}",0,45.99263284049355,4.967909275676035,0,0328924e4b7a1fd47e8cac8e.json,2026-10-09,源端最新仓位占比,1,,100.0,100.0,0.0
qieman__ZH009664,盈米股基精选组合,且慢/盈米基金,,stargate_keyword_discovered,2026-10-09,2026-10-09,最新库内披露仓位,latest_observed_current,,16,1,,"{""2026-06-30"": 100.0}",0,46.776744710548584,0.2010548049913079,0,bba7358558f13f39c015c3ff.json,2026-10-09,源端最新仓位占比,1,,100.0,100.0,0.0
qieman__ZH187879,盈米轮动风向标,且慢/盈米基金,,stargate_keyword_discovered,2026-10-09,2026-10-09,最新库内披露仓位,latest_observed_current,,16,1,,"{""2026-06-30"": 100.00000000000001}",0,31.63575278399422,1.9940214034332315,0,12adbdd942e4dab2a506fb6a.json,2026-10-09,源端最新仓位占比,1,,100.00000000000001,100.00000000000001,0.0
qieman__ZH187294,盈米进取(一创精选),且慢/盈米基金,,stargate_keyword_discovered,2026-10-09,2026-10-09,最新库内披露仓位,latest_observed_current,,29,1,,"{""2026-06-30"": 100.00000000000001}",0,46.73992790916689,3.084581807832322,0,99807ea6de1b6dd90e583130.json,2026-10-09,源端最新仓位占比,1,"源端占比直接使用；净值滚动未执行：缺少基准日之后净值：005698,000041,040018",100.00000000000001,100.00000000000001,0.0
qieman__ZH187764,盈米金融地产,且慢/盈米基金,,stargate_keyword_discovered,2026-10-09,2026-10-09,最新库内披露仓位,latest_observed_current,,8,1,,"{""2026-06-30"": 100.0}",0,71.08041836165657,0.39798911381379354,0,f6a47bfc670fdc8be115c9f2.json,2026-10-09,源端最新仓位占比,1,,100.0,100.0,0.0
qieman__ZH152695,盈米银华天玑-均衡天秤座,且慢/盈米基金,,stargate_keyword_discovered,2026-10-09,2026-10-09,最新库内披露仓位,latest_observed_current,,17,1,,"{""2026-06-30"": 100.0}",0,23.40333917111361,8.3692255998474,0,84a50ef57bd53a852c2ccb33.json,2026-10-09,源端最新仓位占比,1,,100.0,100.0,0.0
qieman__ZH152694,盈米银华天玑-奔跑狮子座,且慢/盈米基金,,stargate_keyword_discovered,2026-10-09,2026-10-09,最新库内披露仓位,latest_observed_current,,13,1,,"{""2026-06-30"": 100.0}",0,45.33502426916722,1.0399364349422173,0,e32b5e565f661f37d412bcc3.json,2026-10-09,源端最新仓位占比,1,,100.0,100.0,0.0
qieman__ZH152697,盈米银华天玑-年年红,且慢/盈米基金,,stargate_keyword_discovered,2026-10-09,2026-10-09,最新库内披露仓位,latest_observed_current,,22,1,,"{""2026-06-30"": 100.0}",0,14.693420470482426,29.76391621393922,0,83e9b90e86fccf9edf90d779.json,2026-10-09,源端最新仓位占比,1,,100.0,100.0,0.0
qieman__ZH152820,盈米银华天玑-悄悄盈,且慢/盈米基金,,stargate_keyword_discovered,2026-10-09,2026-10-09,最新库内披露仓位,latest_observed_current,,21,1,,"{""2026-06-30"": 99.99999999999999}",0,42.92441624548111,3.0349508413762956,2,c8c4ff691f18c540c667b269.json,2026-10-09,源端最新仓位占比,1,"源端占比直接使用；净值滚动未执行：缺少基准日之后净值：011583,007455",99.99999999999999,99.99999999999999,0.0
qieman__ZH152696,盈米银华天玑-暖暖巨蟹座,且慢/盈米基金,,stargate_keyword_discovered,2026-10-09,2026-10-09,最新库内披露仓位,latest_observed_current,,20,1,,"{""2026-06-30"": 100.00000000000003}",0,6.561227232849736,13.156336171045659,0,ae8cfe45bf3f322c2201d207.json,2026-10-09,源端最新仓位占比,1,,100.00000000000003,100.00000000000003,0.0
qieman__ZH178855,盈米高端制造,且慢/盈米基金,,stargate_keyword_discovered,2026-10-09,2026-10-09,最新库内披露仓位,latest_observed_current,,10,1,,"{""2026-06-30"": 100.00000000000001}",0,37.67081857436413,1.116836960048741,0,8a045acb22de35700c886c46.json,2026-10-09,源端最新仓位占比,1,,100.00000000000001,100.00000000000001,0.0
qieman__ZH177135,磐石全天候,且慢/盈米基金,,stargate_keyword_discovered,2026-10-09,2026-10-09,最新库内披露仓位,latest_observed_current,,16,1,,"{""2026-06-30"": 100.0}",0,12.21494526055058,16.1236962356389,3,3e858f16c78831d28d723622.json,2026-10-09,源端最新仓位占比,1,"源端占比直接使用；净值滚动未执行：缺少基准日之后净值：519696,015016,017437,004877,080006",100.0,100.0,0.0
qieman__ZH125035,磐石季盈组合,且慢/盈米基金,,stargate_keyword_discovered,2026-10-09,2026-10-09,最新库内披露仓位,latest_observed_current,,17,1,,"{""2026-06-30"": 100.00000000000001}",0,0.7786832633516966,16.15513538683374,0,3320149232a56f771247697f.json,2026-10-09,源端最新仓位占比,1,源端占比直接使用；净值滚动未执行：缺少基准日之后净值：008320,100.00000000000001,100.00000000000001,0.0
qieman__ZH120972,积极盈,且慢/盈米基金,,stargate_keyword_discovered,2026-10-09,2026-10-09,最新库内披露仓位,latest_observed_current,,14,1,,"{""2026-06-30"": 100.00000000000001}",0,34.70414107879675,1.9281983339026156,0,054b0f88b26367c5008b89b4.json,2026-10-09,源端最新仓位占比,1,源端占比直接使用；净值滚动未执行：缺少基准日之后净值：000834,100.00000000000001,100.00000000000001,0.0
qieman__SI000220,稳中求进,且慢/盈米基金,,stargate_keyword_discovered,2026-10-09,2026-10-09,最新库内披露仓位,latest_observed_current,,31,1,,"{""2026-06-30"": 100.00000000000001}",0,17.387782394976472,12.321707328250573,0,cf6323a69a2ae55b733cb24b.json,2026-10-09,源端最新仓位占比,1,"源端占比直接使用；净值滚动未执行：缺少基准日之后净值：017970,020512",100.00000000000001,100.00000000000001,0.0
qieman__ZH160524,稳健债基优选,且慢/盈米基金,,stargate_keyword_discovered,2026-10-09,2026-10-09,最新库内披露仓位,latest_observed_current,,15,1,,"{""2026-06-30"": 100.0}",0,0.0,17.72894522165244,0,995542d5d6e01c2b9cf08f42.json,2026-10-09,源端最新仓位占比,1,,100.0,100.0,0.0
qieman__ZH121407,稳健向前跑,且慢/盈米基金,,stargate_keyword_discovered,2026-10-09,2026-10-09,最新库内披露仓位,latest_observed_current,,20,1,,"{""2026-06-30"": 100.00000000000003}",0,14.729222319417952,9.597894274493953,0,bb3ed885f3ec8cca8b810c95.json,2026-10-09,源端最新仓位占比,1,,100.00000000000003,100.00000000000003,0.0
qieman__ZH184679,稳健增益,且慢/盈米基金,,stargate_keyword_discovered,2026-10-09,2026-10-09,最新库内披露仓位,latest_observed_current,,16,1,,"{""2026-06-30"": 100.0}",0,12.030493944084682,18.509217126591587,0,c82ac9415daadd364c9c7d7a.json,2026-10-09,源端最新仓位占比,1,"源端占比直接使用；净值滚动未执行：缺少基准日之后净值：270023,000290",100.0,100.0,0.0
qieman__ZH175554,稳健安盈,且慢/盈米基金,,stargate_keyword_discovered,2026-10-09,2026-10-09,最新库内披露仓位,latest_observed_current,,28,1,,"{""2026-06-30"": 100.0}",0,11.330753735093479,21.41047751695334,0,5942178cfbe399d699dd6f70.json,2026-10-09,源端最新仓位占比,1,,100.0,100.0,0.0
qieman__ZH120392,稳健盈,且慢/盈米基金,,stargate_keyword_discovered,2026-10-09,2026-10-09,最新库内披露仓位,latest_observed_current,,9,1,,"{""2026-06-30"": 100.00000000000001}",0,9.557302623988544,14.285951032697218,0,7ad56e644924ce2cad0be589.json,2026-10-09,源端最新仓位占比,1,源端占比直接使用；净值滚动未执行：缺少基准日之后净值：000834,100.00000000000001,100.00000000000001,0.0
qieman__ZH178228,稳健科技全球配置,且慢/盈米基金,,stargate_keyword_discovered,2026-10-09,2026-10-09,最新库内披露仓位,latest_observed_current,,12,1,,"{""2026-06-30"": 100.0}",0,2.7492355042543064,6.763666234421038,1,8e5950d00d58a75a08d90bfc.json,2026-10-09,源端最新仓位占比,1,"源端占比直接使用；净值滚动未执行：缺少基准日之后净值：017204,016702",100.0,100.0,0.0
qieman__ZH153951,稳定生财,且慢/盈米基金,,stargate_keyword_discovered,2026-10-09,2026-10-09,最新库内披露仓位,latest_observed_current,,8,1,,"{""2026-06-30"": 100.00000000000001}",0,3.63842989391732,20.49613358556278,0,889b55b9c5134fca15bd8e29.json,2026-10-09,源端最新仓位占比,1,"源端占比直接使用；净值滚动未执行：缺少基准日之后净值：002391,008367,100050,007360",100.00000000000001,100.00000000000001,0.0
qieman__ZH167446,稳盈方舟1号,且慢/盈米基金,,stargate_keyword_discovered,2026-10-09,2026-10-09,最新库内披露仓位,latest_observed_current,,33,1,,"{""2026-06-30"": 100.0}",0,17.951612904454542,8.360852905852951,1,1939b5917326ec0221944f02.json,2026-10-09,源端最新仓位占比,1,"源端占比直接使用；净值滚动未执行：缺少基准日之后净值：001691,011584,024846",100.0,100.0,0.0
qieman__ZH167447,稳盈方舟2号,且慢/盈米基金,,stargate_keyword_discovered,2026-10-09,2026-10-09,最新库内披露仓位,latest_observed_current,,33,1,,"{""2026-06-30"": 100.00000000000003}",0,18.24340939764264,8.465926466741623,1,80d5ce7c04de5ba9d66d1cfd.json,2026-10-09,源端最新仓位占比,1,"源端占比直接使用；净值滚动未执行：缺少基准日之后净值：001691,011584,024846",100.00000000000003,100.00000000000003,0.0
qieman__ZH031620,稳益五剑,且慢/盈米基金,,stargate_keyword_discovered,2026-10-09,2026-10-09,最新库内披露仓位,latest_observed_current,,16,1,,"{""2026-06-30"": 99.99999999999999}",0,3.157711526931883,21.86258216362674,0,4bb2ab6a2e8f579229e4c4a1.json,2026-10-09,源端最新仓位占比,1,,99.99999999999999,99.99999999999999,0.0
qieman__ZH170915,稳益全球安享,且慢/盈米基金,,stargate_keyword_discovered,2026-10-09,2026-10-09,最新库内披露仓位,latest_observed_current,,24,1,,"{""2026-06-30"": 100.00000000000001}",0,0.6724850562112279,16.18212283385554,4,7ff00421e85298c8c82da0ea.json,2026-10-09,源端最新仓位占比,1,"源端占比直接使用；净值滚动未执行：缺少基准日之后净值：008096,020957,002401,023591,021842,019709,022170,012752,019512,018967,008320",100.00000000000001,100.00000000000001,0.0
qieman__ZH157215,稳稳向前组合,且慢/盈米基金,,stargate_keyword_discovered,2026-10-09,2026-10-09,最新库内披露仓位,latest_observed_current,,8,1,,"{""2026-06-30"": 100.00000000000001}",0,0.0,22.355055848085804,0,d7d72ec0d31d400945e2e718.json,2026-10-09,源端最新仓位占比,1,,100.00000000000001,100.00000000000001,0.0
qieman__ZH135830,稳稳财进,且慢/盈米基金,,stargate_keyword_discovered,2026-10-09,2026-10-09,最新库内披露仓位,latest_observed_current,,10,1,,"{""2026-06-30"": 100.0}",0,4.912637629626616,26.36657197564567,0,108bf3d61f3da8ccbb445301.json,2026-10-09,源端最新仓位占比,1,,100.0,100.0,0.0
qieman__J7,简慢投资组合,且慢/盈米基金,,stargate_keyword_discovered,2025-03-28,2025-03-28,最新库内披露仓位,latest_observed_current,,5,1,,"{""2026-06-30"": 100.0}",0,0.07767983774426372,14.967184544132623,0,3ab786e3d5b079d9b94cfa74.json,2025-03-28,披露配置（最新权重不可推算）,0,已有更新调仓记录但未通过完整配置核验，不能跨越该事件推算,100.0,100.0,0.0
qieman__ZH015676,简慢投资组合,且慢/盈米基金,,stargate_keyword_discovered,2025-03-28,2025-03-28,最新库内披露仓位,latest_observed_current,,5,1,,"{""2026-06-30"": 100.0}",0,0.072206353636577,12.507420591475853,0,7449173a0d6785eae304d3e7.json,2026-10-08,净值漂移推算,1,,100.0,100.0,0.0
qieman__ZH160239,纯债优选,且慢/盈米基金,,stargate_keyword_discovered,2026-10-09,2026-10-09,最新库内披露仓位,latest_observed_current,,11,1,,"{""2026-06-30"": 99.99999999999999}",0,0.0,22.801202444087885,0,29b4addd152a2e33a2104587.json,2026-10-09,源端最新仓位占比,1,,99.99999999999999,99.99999999999999,0.0
qieman__ZH119289,绘盈长投计划,且慢/盈米基金,,stargate_keyword_discovered,2026-10-09,2026-10-09,最新库内披露仓位,latest_observed_current,,10,1,,"{""2026-06-30"": 100.00000000000003}",0,4.6881429774172645,4.639796053111206,0,0efd1e0db6fcee379f32484c.json,2026-10-09,源端最新仓位占比,1,"源端占比直接使用；净值滚动未执行：缺少基准日之后净值：050025,000834,100050,539003",100.00000000000003,100.00000000000003,0.0
qieman__ZH165792,股三债七稳健配置,且慢/盈米基金,,stargate_keyword_discovered,2026-10-09,2026-10-09,最新库内披露仓位,latest_observed_current,,28,1,,"{""2026-06-30"": 99.99999999999996}",0,18.910464813770254,11.577907967190733,0,51c0c69ef736a6453c9f1deb.json,2026-10-09,源端最新仓位占比,1,,99.99999999999996,99.99999999999996,0.0
qieman__ZH155611,股债配置策略,且慢/盈米基金,,stargate_keyword_discovered,2026-10-09,2026-10-09,最新库内披露仓位,latest_observed_current,,3,1,,"{""2026-06-30"": 100.0}",0,0.35518053130420624,0.08137102918593898,0,596af399b4353de6be51c8f0.json,2026-10-09,源端最新仓位占比,1,,100.0,100.0,0.0
qieman__ZH110609,致远经典配置组合,且慢/盈米基金,,stargate_keyword_discovered,2026-10-09,2026-10-09,最新库内披露仓位,latest_observed_current,,9,1,,"{""2026-06-30"": 100.0}",0,59.74789643845052,2.4403566478574272,0,df3ec31fa296f2f26da94af0.json,2026-10-09,源端最新仓位占比,1,,100.0,100.0,0.0
qieman__ZH166025,芝麻优选灵动,且慢/盈米基金,,stargate_keyword_discovered,2026-10-09,2026-10-09,最新库内披露仓位,latest_observed_current,,34,1,,"{""2026-06-30"": 100.0}",0,31.160751237286284,0.8721963061421242,2,fcfecb8f29bd2b6c336a4e80.json,2026-10-09,源端最新仓位占比,1,"源端占比直接使用；净值滚动未执行：缺少基准日之后净值：040018,006373,024846,000369,008284,501225,017091",100.0,100.0,0.0
qieman__SI000232,芝麻定投全球好资产,且慢/盈米基金,,stargate_keyword_discovered,2026-10-09,2026-10-09,最新库内披露仓位,latest_observed_current,,30,1,,"{""2026-06-30"": 100.0}",0,24.604353953479,0.667344437157006,15,f211a052d29b09eb696f4ce6.json,2026-10-09,源端最新仓位占比,1,"源端占比直接使用；净值滚动未执行：缺少基准日之后净值：017654,000041,002891,016742,017436,008254,000988,000043,021662,006373,008401,016823,019736,021277,018147,378006,004877,014002,016701,519981,018036,080006",100.0,100.0,0.0
qieman__ZH166029,芝麻稳盈增强,且慢/盈米基金,,stargate_keyword_discovered,2026-10-09,2026-10-09,最新库内披露仓位,latest_observed_current,,32,1,,"{""2026-06-30"": 100.00000000000001}",0,10.578811004835533,20.37445660319513,1,7afd6f1d5df3388f9911fa90.json,2026-10-09,源端最新仓位占比,1,"源端占比直接使用；净值滚动未执行：缺少基准日之后净值：006373,003385,000369",100.00000000000001,100.00000000000001,0.0
qieman__ZH175642,虎金-全球优选,且慢/盈米基金,,stargate_keyword_discovered,2026-10-09,2026-10-09,最新库内披露仓位,latest_observed_current,,21,1,,"{""2026-06-30"": 98.28000000000004}",0,30.716635189446297,9.275038692189113,3,bcc6ad7f9fb27c37f554cede.json,2026-10-09,源端最新仓位占比,1,"源端占比直接使用；净值滚动未执行：缺少基准日之后净值：019442,024239,014982,023591,022184,008706,968061,118001,519981",98.28000000000004,98.28000000000004,1.72
qieman__ZH173005,虎金-稳健长盈,且慢/盈米基金,,stargate_keyword_discovered,2026-10-09,2026-10-09,最新库内披露仓位,latest_observed_current,,17,1,,"{""2026-06-30"": 99.99999999999999}",0,4.928733241285462,21.019948591924038,4,3661791776b93aead5670453.json,2026-10-09,源端最新仓位占比,1,"源端占比直接使用；净值滚动未执行：缺少基准日之后净值：019442,014982,023591,017731,008706,118001,519981",99.99999999999999,99.99999999999999,0.0
qieman__SI000210,蛋黄全球债,且慢/盈米基金,,stargate_keyword_discovered,2026-10-09,2026-10-09,最新库内披露仓位,latest_observed_current,,17,1,,"{""2026-06-30"": 100.00000000000001}",0,0.0,16.026029380030216,0,168bb59f24f975461392f2ed.json,2026-10-09,源端最新仓位占比,1,"源端占比直接使用；净值滚动未执行：缺少基准日之后净值：019893,002429,002400,019480,000342,008367,100050,017970,007360,004419,004420",100.00000000000001,100.00000000000001,0.0
qieman__SI000212,蛋黄全球股,且慢/盈米基金,,stargate_keyword_discovered,2026-10-09,2026-10-09,最新库内披露仓位,latest_observed_current,,68,1,,"{""2026-06-30"": 100.0}",0,15.635107671674161,0.3434040282265087,26,a1c477c27bd581e54100168f.json,2026-10-09,源端最新仓位占比,1,"源端占比直接使用；净值滚动未执行：缺少基准日之后净值：019441,019442,163813,020957,005698,024239,002891,015300,015016,040046,017436,017437,019524,019525,016453,016055,016532,016533,017028,017030,008401,008971,016823,164212,007722,018044,008764,006105,019736,019737,100055,022184,021277,006479,008706,539002,018147,012752,019547,019548,019305,019450,019172,018230,012860,019118,001668,015202,018966,018967,021773,014002,015205,016701,016702,018036,501226",100.0,100.0,0.0
qieman__ZH162967,融易投,且慢/盈米基金,,stargate_keyword_discovered,2026-10-09,2026-10-09,最新库内披露仓位,latest_observed_current,,12,1,,"{""2026-06-30"": 100.0}",0,13.85015090491381,5.384751294027835,0,834ca6750e88b6b4ea488c47.json,2026-10-09,源端最新仓位占比,1,"源端占比直接使用；净值滚动未执行：缺少基准日之后净值：040046,017028,008367,100050",100.0,100.0,0.0
qieman__ZH174717,融稳投,且慢/盈米基金,,stargate_keyword_discovered,2026-10-09,2026-10-09,最新库内披露仓位,latest_observed_current,,18,1,,"{""2026-06-30"": 99.99999999999999}",0,10.505383397947554,14.024606959946155,1,b6cb960f512568339466f088.json,2026-10-09,源端最新仓位占比,1,源端占比直接使用；净值滚动未执行：缺少基准日之后净值：019231,99.99999999999999,99.99999999999999,0.0
qieman__ZH163490,诗贝全球均衡配置,且慢/盈米基金,,stargate_keyword_discovered,2026-10-09,2026-10-09,最新库内披露仓位,latest_observed_current,,26,1,,"{""2026-06-30"": 76.99}",0,30.604530423276675,6.1752289253447,0,f9ff9c2f6bdfabc449d1a6df.json,2026-10-09,源端最新仓位占比,1,"源端占比直接使用；净值滚动未执行：缺少基准日之后净值：968078,100050,968000,968163,968075",76.99,76.99,23.009999999999998
qieman__ZH045748,诸葛稳健,且慢/盈米基金,,stargate_keyword_discovered,2026-10-09,2026-10-09,最新库内披露仓位,latest_observed_current,,10,1,,"{""2026-06-30"": 99.99999999999999}",0,22.882080620493703,11.592383132659302,0,1a967688a29c752c4c0e9919.json,2026-10-09,源端最新仓位占比,1,,99.99999999999999,99.99999999999999,0.0
qieman__ZH000142,谱蓝全球配置组合10号,且慢/盈米基金,,stargate_keyword_discovered,2026-10-09,2026-10-09,最新库内披露仓位,latest_observed_current,,12,1,,"{""2026-06-30"": 99.99999999999999}",0,14.368082352964517,2.285487555370398,2,8c3ace564c6931bde3599cd3.json,2026-10-09,源端最新仓位占比,1,"源端占比直接使用；净值滚动未执行：缺少基准日之后净值：519696,050025,100050,486002,003629,017641,006282,012920",99.99999999999999,99.99999999999999,0.0
qieman__ZH000135,谱蓝全球配置组合1号,且慢/盈米基金,,stargate_keyword_discovered,2026-10-09,2026-10-09,最新库内披露仓位,latest_observed_current,,13,1,,"{""2026-06-30"": 100.00000000000001}",0,10.623980447606211,7.541905317426672,2,defce35602b8e333e098ee63.json,2026-10-09,源端最新仓位占比,1,"源端占比直接使用；净值滚动未执行：缺少基准日之后净值：519696,050025,100050,486002,003629,017641,006282,012920",100.00000000000001,100.00000000000001,0.0
qieman__ZH000134,谱蓝全球配置组合2号,且慢/盈米基金,,stargate_keyword_discovered,2026-10-09,2026-10-09,最新库内披露仓位,latest_observed_current,,13,1,,"{""2026-06-30"": 99.99999999999999}",0,10.50658445412471,6.8977988223647895,2,6775d08a5607fb32aed34216.json,2026-10-09,源端最新仓位占比,1,"源端占比直接使用；净值滚动未执行：缺少基准日之后净值：519696,050025,100050,486002,003629,017641,006282,012920",99.99999999999999,99.99999999999999,0.0
qieman__ZH000140,谱蓝全球配置组合4号,且慢/盈米基金,,stargate_keyword_discovered,2026-10-09,2026-10-09,最新库内披露仓位,latest_observed_current,,12,1,,"{""2026-06-30"": 100.0}",0,11.543702100668487,5.4764093550220485,2,b9b860562f1e2058c14a6094.json,2026-10-09,源端最新仓位占比,1,"源端占比直接使用；净值滚动未执行：缺少基准日之后净值：519696,050025,100050,486002,003629,017641,006282,012920",100.0,100.0,0.0
qieman__ZH000139,谱蓝全球配置组合5号,且慢/盈米基金,,stargate_keyword_discovered,2026-10-09,2026-10-09,最新库内披露仓位,latest_observed_current,,12,1,,"{""2026-06-30"": 100.0}",0,11.450546353069086,4.8341875768654265,2,7cf4defb50904f4c6134773f.json,2026-10-09,源端最新仓位占比,1,"源端占比直接使用；净值滚动未执行：缺少基准日之后净值：519696,050025,100050,486002,003629,017641,006282,012920",100.0,100.0,0.0
qieman__ZH000136,谱蓝全球配置组合7号,且慢/盈米基金,,stargate_keyword_discovered,2026-10-09,2026-10-09,最新库内披露仓位,latest_observed_current,,12,1,,"{""2026-06-30"": 100.0}",0,12.513668325566227,3.848912955798385,2,e30e81cfb61a2cbd076b285a.json,2026-10-09,源端最新仓位占比,1,"源端占比直接使用；净值滚动未执行：缺少基准日之后净值：519696,050025,100050,486002,003629,017641,006282,012920",100.0,100.0,0.0
qieman__ZH000137,谱蓝全球配置组合8号,且慢/盈米基金,,stargate_keyword_discovered,2026-10-09,2026-10-09,最新库内披露仓位,latest_observed_current,,12,1,,"{""2026-06-30"": 100.0}",0,13.631113362290414,3.325531216022812,2,dbcb78248c287273dc01e7f4.json,2026-10-09,源端最新仓位占比,1,"源端占比直接使用；净值滚动未执行：缺少基准日之后净值：519696,050025,100050,486002,003629,017641,006282,012920",100.0,100.0,0.0
qieman__ZH045630,谱蓝全股配置,且慢/盈米基金,,stargate_keyword_discovered,2026-10-09,2026-10-09,最新库内披露仓位,latest_observed_current,,8,1,,"{""2026-06-30"": 100.0}",0,18.417556270915888,0.08594243531998048,2,8efdfcad8b39188d9fbfedb8.json,2026-10-09,源端最新仓位占比,1,"源端占比直接使用；净值滚动未执行：缺少基准日之后净值：519696,050025,486002,003629,017641,006282,012920",100.0,100.0,0.0
qieman__SI000138,谱蓝智慧周周投,且慢/盈米基金,,stargate_keyword_discovered,2026-10-09,2026-10-09,最新库内披露仓位,latest_observed_current,,34,1,,"{""2026-06-30"": 99.99999999999999}",0,9.348029904527177,4.352802107887423,6,221fb28e8ff5e842d32ba9d5.json,2026-10-09,源端最新仓位占比,1,"源端占比直接使用；净值滚动未执行：缺少基准日之后净值：163813,002286,519696,000041,018064,001061,050025,006075,018738,017028,096001,008401,007721,007722,100050,486002,270023,021277,003629,019512,017641,019305,006282,012920,012922,019155,161125,012860,015202",99.99999999999999,99.99999999999999,0.0
qieman__ZH038742,财商邦单笔保守型组合,且慢/盈米基金,,stargate_keyword_discovered,2026-10-09,2026-10-09,最新库内披露仓位,latest_observed_current,,24,1,,"{""2026-06-30"": 100.00000000000001}",0,10.084218857098952,13.486597546075423,1,e6d8d60f182c7a9c3414ad14.json,2026-10-09,源端最新仓位占比,1,"源端占比直接使用；净值滚动未执行：缺少基准日之后净值：040018,050025,021277,012922",100.00000000000001,100.00000000000001,0.0
qieman__ZH038714,财商邦单笔创享组合(攻守),且慢/盈米基金,,stargate_keyword_discovered,2026-10-09,2026-10-09,最新库内披露仓位,latest_observed_current,,22,1,,"{""2026-06-30"": 99.99999999999997}",0,29.594031027131955,6.8748080016752375,1,d1a84596dc4d88e6613faf51.json,2026-10-09,源端最新仓位占比,1,"源端占比直接使用；净值滚动未执行：缺少基准日之后净值：040018,050025,021277,012922",99.99999999999997,99.99999999999997,0.0
qieman__ZH167092,财商邦单笔守恒组合,且慢/盈米基金,,stargate_keyword_discovered,2026-10-09,2026-10-09,最新库内披露仓位,latest_observed_current,,26,1,,"{""2026-06-30"": 100.00000000000003}",0,20.334389744495592,15.397412453618237,1,0368fa3c950ab3ec24cbb989.json,2026-10-09,源端最新仓位占比,1,"源端占比直接使用；净值滚动未执行：缺少基准日之后净值：040018,050025,021277,012922",100.00000000000003,100.00000000000003,0.0
qieman__ZH042938,财商邦单笔安稳组合,且慢/盈米基金,,stargate_keyword_discovered,2026-10-09,2026-10-09,最新库内披露仓位,latest_observed_current,,11,1,,"{""2026-06-30"": 100.00000000000003}",0,3.272849756025241,26.81096226936942,0,e800c4df3bde1fd4df2b204a.json,2026-10-09,源端最新仓位占比,1,,100.00000000000003,100.00000000000003,0.0
qieman__ZH038713,财商邦单笔进取型组合,且慢/盈米基金,,stargate_keyword_discovered,2026-10-09,2026-10-09,最新库内披露仓位,latest_observed_current,,21,1,,"{""2026-06-30"": 100.0}",0,38.908940872153785,3.9508391277630577,1,ed68b7b6b5af1760f7bedd8c.json,2026-10-09,源端最新仓位占比,1,"源端占比直接使用；净值滚动未执行：缺少基准日之后净值：040018,050025,021277,012922",100.0,100.0,0.0
qieman__ZH038740,财商邦定投激进组合,且慢/盈米基金,,stargate_keyword_discovered,2026-10-09,2026-10-09,最新库内披露仓位,latest_observed_current,,22,1,,"{""2026-06-30"": 100.0}",0,42.36160502629991,0.35152207224412246,3,d2c6108e2dbbac0cf964291a.json,2026-10-09,源端最新仓位占比,1,"源端占比直接使用；净值滚动未执行：缺少基准日之后净值：040018,050025,012060,021277,012922,004877",100.0,100.0,0.0
qieman__ZH038739,财商邦定投进取组合,且慢/盈米基金,,stargate_keyword_discovered,2026-10-09,2026-10-09,最新库内披露仓位,latest_observed_current,,25,1,,"{""2026-06-30"": 100.00000000000001}",0,38.313279081180006,1.772812733276074,3,20ef635215ce1792f02ad0aa.json,2026-10-09,源端最新仓位占比,1,"源端占比直接使用；净值滚动未执行：缺少基准日之后净值：040018,050025,012060,021277,012922,004877",100.00000000000001,100.00000000000001,0.0
qieman__ZH177329,资产配置托付计划-保守,且慢/盈米基金,,stargate_keyword_discovered,2026-10-09,2026-10-09,最新库内披露仓位,latest_observed_current,,92,1,,"{""2026-06-30"": 100.0000000000001}",0,4.2055027430680125,12.355676167843182,8,5f233deaf4e51c78f3bf1c96.json,2026-10-09,源端最新仓位占比,1,"源端占比直接使用；净值滚动未执行：缺少基准日之后净值：020969,020957,024239,000041,040018,160125,160216,164212,016665,012060,022184,009108,007455,019231,021277,019578",100.0000000000001,100.0000000000001,0.0
qieman__ZH177334,资产配置托付计划-积极,且慢/盈米基金,,stargate_keyword_discovered,2026-10-09,2026-10-09,最新库内披露仓位,latest_observed_current,,85,1,,"{""2026-06-30"": 100.00000000000003}",0,23.364906750326984,6.55125656134164,8,3c14601e0f94a86840b0b4e9.json,2026-10-09,源端最新仓位占比,1,"源端占比直接使用；净值滚动未执行：缺少基准日之后净值：020969,020957,024239,000041,040018,160125,160216,164212,016665,012060,022184,009108,007455,019231,021277,019578",100.00000000000003,100.00000000000003,0.0
qieman__ZH177332,资产配置托付计划-稳健,且慢/盈米基金,,stargate_keyword_discovered,2026-10-09,2026-10-09,最新库内披露仓位,latest_observed_current,,92,1,,"{""2026-06-30"": 99.99999999999999}",0,13.303637218912412,10.15725047580716,8,92a447d2517ccc46825e2ffa.json,2026-10-09,源端最新仓位占比,1,"源端占比直接使用；净值滚动未执行：缺少基准日之后净值：020969,020957,024239,000041,040018,160125,160216,164212,016665,012060,022184,009108,007455,019231,021277,019578",99.99999999999999,99.99999999999999,0.0
qieman__ZH152038,超级定投家,且慢/盈米基金,,stargate_keyword_discovered,2026-10-09,2026-10-09,最新库内披露仓位,latest_observed_current,,20,1,,"{""2026-06-30"": 100.00000000000001}",0,70.26951765232006,1.7853702531499478,0,ca1151bd1586df1a05dc88c3.json,2026-10-09,源端最新仓位占比,1,,100.00000000000001,100.00000000000001,0.0
qieman__ZH112601,超级理财加,且慢/盈米基金,,stargate_keyword_discovered,2026-10-09,2026-10-09,最新库内披露仓位,latest_observed_current,,23,1,,"{""2026-06-30"": 100.00000000000001}",0,5.888445821918063,15.266378798694484,0,2cf588a114d966379e53652a.json,2026-10-09,源端最新仓位占比,1,"源端占比直接使用；净值滚动未执行：缺少基准日之后净值：002401,019480",100.00000000000001,100.00000000000001,0.0
qieman__ZH146720,路遥马力,且慢/盈米基金,,stargate_keyword_discovered,2026-10-09,2026-10-09,最新库内披露仓位,latest_observed_current,,14,1,,"{""2026-06-30"": 100.00000000000001}",0,55.80312525702951,2.3189764707455565,0,b95cf6a93faaaafc7689027b.json,2026-10-09,源端最新仓位占比,1,,100.00000000000001,100.00000000000001,0.0
qieman__ZH035411,进取派优选,且慢/盈米基金,,stargate_keyword_discovered,2026-10-09,2026-10-09,最新库内披露仓位,latest_observed_current,,17,1,,"{""2026-06-30"": 100.0}",0,69.53290103789463,1.5861852201034656,0,bbf1e675186e88dca1172871.json,2026-10-09,源端最新仓位占比,1,,100.0,100.0,0.0
qieman__ZH089931,远望主动基优选组合,且慢/盈米基金,,stargate_keyword_discovered,2026-10-09,2026-10-09,最新库内披露仓位,latest_observed_current,,21,1,,"{""2026-06-30"": 100.00000000000003}",0,59.53909851955561,1.8381254517946661,0,aa66e72e08bba2857577176d.json,2026-10-09,源端最新仓位占比,1,源端占比直接使用；净值滚动未执行：缺少基准日之后净值：007360,100.00000000000003,100.00000000000003,0.0
qieman__ZH059793,远望指基优选组合,且慢/盈米基金,,stargate_keyword_discovered,2026-10-09,2026-10-09,最新库内披露仓位,latest_observed_current,,24,1,,"{""2026-06-30"": 100.0}",0,51.674128727671494,0.7184916105707774,0,f49f9ef91a56660e215429e4.json,2026-10-09,源端最新仓位占比,1,"源端占比直接使用；净值滚动未执行：缺少基准日之后净值：008763,006105,270042,007360",100.0,100.0,0.0
qieman__ZH175157,远望消费全球精选,且慢/盈米基金,,stargate_keyword_discovered,2026-10-09,2026-10-09,最新库内披露仓位,latest_observed_current,,16,1,,"{""2026-06-30"": 100.0}",0,45.5859739776695,1.1121528817930584,1,90f6bbb21135a94c151114cb.json,2026-10-09,源端最新仓位占比,1,"源端占比直接使用；净值滚动未执行：缺少基准日之后净值：000369,118002,006308",100.0,100.0,0.0
qieman__SI000224,道格全球精选,且慢/盈米基金,,stargate_keyword_discovered,2026-10-09,2026-10-09,最新库内披露仓位,latest_observed_current,,87,1,,"{""2026-06-30"": 91.06000000000002}",0,16.545750458159734,0.8597996610442928,27,fc71cc48abc09162d08e218c.json,2026-10-09,源端最新仓位占比,1,"源端占比直接使用；净值滚动未执行：缺少基准日之后净值：019441,019442,968157,020957,005698,016742,017436,019525,016452,050030,016532,000043,021662,006373,017028,160213,016664,018043,018044,019736,019737,100055,022184,009108,270023,018147,539001,012752,023422,019547,378546,968061,017641,007361,006327,118001,018230,012920,161125,017091,017093,001668,018966,018967,006555,968168,016702,519981,000290,160644",91.06000000000002,91.06000000000002,8.94
qieman__ZH090928,金城汤池,且慢/盈米基金,,stargate_keyword_discovered,2026-10-09,2026-10-09,最新库内披露仓位,latest_observed_current,,21,1,,"{""2026-06-30"": 99.99999999999999}",0,5.371499964372403,18.133395908491963,0,87a02e025dfad6626fcfd1c8.json,2026-10-09,源端最新仓位占比,1,,99.99999999999999,99.99999999999999,0.0
qieman__ZH178302,长情稳航,且慢/盈米基金,,stargate_keyword_discovered,2026-10-09,2026-10-09,最新库内披露仓位,latest_observed_current,,18,1,,"{""2026-06-30"": 100.0}",0,22.569099183072748,17.23003115951032,0,4ffa817784e8f507afa4c450.json,2026-10-09,源端最新仓位占比,1,,100.0,100.0,0.0
qieman__ZH122471,长晟添利之稳健成长,且慢/盈米基金,,stargate_keyword_discovered,2026-10-09,2026-10-09,最新库内披露仓位,latest_observed_current,,7,1,,"{""2026-06-30"": 100.0}",0,32.697505937215425,2.232078145803392,0,6ab3dd82cc24a81c595f18d4.json,2026-10-09,源端最新仓位占比,1,,100.0,100.0,0.0
qieman__ZH175312,长盈汇财-乾兴,且慢/盈米基金,,stargate_keyword_discovered,2026-10-09,2026-10-09,最新库内披露仓位,latest_observed_current,,21,1,,"{""2026-06-30"": 100.00000000000001}",0,7.453837206506657,13.033333556789032,3,b057221238174f3e8e46273c.json,2026-10-09,源端最新仓位占比,1,"源端占比直接使用；净值滚动未执行：缺少基准日之后净值：040018,009108,019231,019578",100.00000000000001,100.00000000000001,0.0
qieman__ZH175326,长盈汇财-乾盈,且慢/盈米基金,,stargate_keyword_discovered,2026-10-09,2026-10-09,最新库内披露仓位,latest_observed_current,,24,1,,"{""2026-06-30"": 100.0}",0,11.438522983861946,15.927810257024678,2,ae5210771126d191f095ec10.json,2026-10-09,源端最新仓位占比,1,"源端占比直接使用；净值滚动未执行：缺少基准日之后净值：040018,019231,019573,019578",100.0,100.0,0.0
qieman__ZH175329,长盈汇财-嘉兴,且慢/盈米基金,,stargate_keyword_discovered,2026-10-09,2026-10-09,最新库内披露仓位,latest_observed_current,,31,1,,"{""2026-06-30"": 99.99999999999999}",0,44.29767322157863,3.8453932954819074,4,c3ff4a1e79aa5c0955d88b1c.json,2026-10-09,源端最新仓位占比,1,"源端占比直接使用；净值滚动未执行：缺少基准日之后净值：020969,024239,040018,022184,009108,007455,019231,019573,019578",99.99999999999999,99.99999999999999,0.0
qieman__ZH175325,长盈汇财-嘉盈,且慢/盈米基金,,stargate_keyword_discovered,2026-10-09,2026-10-09,最新库内披露仓位,latest_observed_current,,23,1,,"{""2026-06-30"": 100.0}",0,41.140941816892294,4.3213366967934,5,7443ed941bfa3e7215d33c2f.json,2026-10-09,源端最新仓位占比,1,"源端占比直接使用；净值滚动未执行：缺少基准日之后净值：020969,024239,000041,040018,160216,016665,012060,022184,009108,007455,019231,021277",100.0,100.0,0.0
qieman__ZH175327,长盈汇财-道兴,且慢/盈米基金,,stargate_keyword_discovered,2026-10-09,2026-10-09,最新库内披露仓位,latest_observed_current,,25,1,,"{""2026-06-30"": 100.00000000000001}",0,13.503710026136552,10.321490626378019,3,b466fc76f3a1133da3c5d4a3.json,2026-10-09,源端最新仓位占比,1,"源端占比直接使用；净值滚动未执行：缺少基准日之后净值：024239,040018,022184,009108,007455,019578",100.00000000000001,100.00000000000001,0.0
qieman__ZH175328,长盈汇财-道盈,且慢/盈米基金,,stargate_keyword_discovered,2026-10-09,2026-10-09,最新库内披露仓位,latest_observed_current,,26,1,,"{""2026-06-30"": 100.0}",0,32.96647955233586,3.0653682864109597,4,b67cb9314b5280f08ebd5d26.json,2026-10-09,源端最新仓位占比,1,"源端占比直接使用；净值滚动未执行：缺少基准日之后净值：020969,040018,022184,009108,019231,270023,019573,019578,018230",100.0,100.0,0.0
qieman__ZH000095,长赢指数投资,且慢/盈米基金,,stargate_keyword_discovered,2020-04-09,2020-04-09,最新库内披露仓位,latest_observed_current,,28,1,,"{""2026-06-30"": 100.00000000000001}",0,27.638144917005693,3.76472328854421,2,1bd2cdb4072bed548078b2d5.json,2026-10-08,净值漂移推算,1,,100.00000000000001,100.00000000000001,0.0
qieman__LONG_WIN,长赢指数投资计划-150份,且慢/盈米基金,,stargate_keyword_discovered,2026-10-09,2026-10-09,最新库内披露仓位,latest_observed_current,,40,1,,"{""2026-06-30"": 99.99999999999997}",0,20.13159644352742,9.43780283483652,1,daa647be04ee303e69da551c.json,2026-10-09,源端最新仓位占比,1,"源端占比直接使用；净值滚动未执行：缺少基准日之后净值：002286,164906,050025,100050,019518,000369,006327,004419",99.99999999999997,99.99999999999997,0.0
qieman__LONG_WIN_S,长赢指数投资计划-S定投,且慢/盈米基金,,stargate_keyword_discovered,2026-10-09,2026-10-09,最新库内披露仓位,latest_observed_current,,57,1,,"{""2026-06-30"": 100.00000000000003}",0,27.311775905465534,7.137421659502257,1,b8064715d2723b3c646e7306.json,2026-10-09,源端最新仓位占比,1,"源端占比直接使用；净值滚动未执行：缺少基准日之后净值：164906,019524,100050,019518,000369,006327,004419",100.00000000000003,100.00000000000003,0.0
qieman__ZH177208,长跑全天候,且慢/盈米基金,,stargate_keyword_discovered,2026-10-09,2026-10-09,最新库内披露仓位,latest_observed_current,,15,1,,"{""2026-06-30"": 100.0}",0,17.599308408380434,10.355130841693478,1,48247b9a172edb3e50115d2b.json,2026-10-09,源端最新仓位占比,1,"源端占比直接使用；净值滚动未执行：缺少基准日之后净值：050025,100050,539001,007360",100.0,100.0,0.0
qieman__ZH166627,阅江稳进,且慢/盈米基金,,stargate_keyword_discovered,2026-10-09,2026-10-09,最新库内披露仓位,latest_observed_current,,21,1,,"{""2026-06-30"": 100.00000000000001}",0,19.695145646778663,17.010928406942227,0,cb63cedfb0b53e2cda8f7a24.json,2026-10-09,源端最新仓位占比,1,,100.00000000000001,100.00000000000001,0.0
qieman__ZH177203,隔壁全球稳健优选,且慢/盈米基金,,stargate_keyword_discovered,2026-10-09,2026-10-09,最新库内披露仓位,latest_observed_current,,18,1,,"{""2026-06-30"": 100.00000000000001}",0,19.966562604791328,8.778822186242497,1,35a6b772100dc937264b6c55.json,2026-10-09,源端最新仓位占比,1,"源端占比直接使用；净值滚动未执行：缺少基准日之后净值：021190,018230",100.00000000000001,100.00000000000001,0.0
qieman__SI000208,隔壁全球远航计划,且慢/盈米基金,,stargate_keyword_discovered,2026-10-09,2026-10-09,最新库内披露仓位,latest_observed_current,,32,1,,"{""2026-06-30"": 99.99999999999997}",0,23.298219988545938,7.307316112454601,4,7e3eaae97c5a06704253a745.json,2026-10-09,源端最新仓位占比,1,"源端占比直接使用；净值滚动未执行：缺少基准日之后净值：027170,021190,050030,021662,096001,007721,018230,012920,012922,519981",99.99999999999997,99.99999999999997,0.0
qieman__ZH000085,静静聊吧,且慢/盈米基金,,stargate_keyword_discovered,2026-10-09,2026-10-09,最新库内披露仓位,latest_observed_current,,15,1,,"{""2026-06-30"": 100.00000000000001}",0,55.609052880127635,7.427509129899943,1,25138a4ca326fcded818da5a.json,2026-10-09,源端最新仓位占比,1,"源端占比直接使用；净值滚动未执行：缺少基准日之后净值：007722,270023,019578",100.00000000000001,100.00000000000001,0.0
qieman__ZH150669,颐养天年养老计划,且慢/盈米基金,,stargate_keyword_discovered,2026-10-09,2026-10-09,最新库内披露仓位,latest_observed_current,,33,1,,"{""2026-06-30"": 100.00000000000001}",0,45.75475035912543,2.256815280743375,1,593146471d4e710bf0696781.json,2026-10-09,源端最新仓位占比,1,源端占比直接使用；净值滚动未执行：缺少基准日之后净值：011583,100.00000000000001,100.00000000000001,0.0
qieman__ZH165108,饭团全球债,且慢/盈米基金,,stargate_keyword_discovered,2026-10-09,2026-10-09,最新库内披露仓位,latest_observed_current,,11,1,,"{""2026-06-30"": 100.0}",0,0.0,22.420481458533466,0,477163186f0df220669e946a.json,2026-10-09,源端最新仓位占比,1,"源端占比直接使用；净值滚动未执行：缺少基准日之后净值：002286,002877,002400,050030,000342,008751,100050,017970,007204,004998",100.0,100.0,0.0
qieman__SI000027,饭团积极组合,且慢/盈米基金,,stargate_keyword_discovered,2026-10-09,2026-10-09,最新库内披露仓位,latest_observed_current,,16,1,,"{""2026-06-30"": 100.0}",0,72.3918843924221,0.490198863032278,0,b7b61c2de8ea5470ed0ee21d.json,2026-10-09,源端最新仓位占比,1,"源端占比直接使用；净值滚动未执行：缺少基准日之后净值：002400,050030,008367,100050,017970,007204",100.0,100.0,0.0
qieman__ZH120726,魔方稳健组合,且慢/盈米基金,,stargate_keyword_discovered,2026-10-09,2026-10-09,最新库内披露仓位,latest_observed_current,,16,1,,"{""2026-06-30"": 99.99999999999997}",0,2.1388041365281754,12.851471551932248,0,f8d0f4f7ad82bf4b179a2438.json,2026-10-09,源端最新仓位占比,1,源端占比直接使用；净值滚动未执行：缺少基准日之后净值：000834,99.99999999999997,99.99999999999997,0.0
qieman__ZH149392,鲍叔牙全球进取组合,且慢/盈米基金,,stargate_keyword_discovered,2026-10-09,2026-10-09,最新库内披露仓位,latest_observed_current,,10,1,,"{""2026-06-30"": 99.99999999999997}",0,20.101773259325807,0.47312657906532907,1,47894c9a556a6112d5181e48.json,2026-10-09,源端最新仓位占比,1,"源端占比直接使用；净值滚动未执行：缺少基准日之后净值：017653,040021",99.99999999999997,99.99999999999997,0.0
qieman__ZH092988,鲍叔牙行稳致远,且慢/盈米基金,,stargate_keyword_discovered,2026-10-09,2026-10-09,最新库内披露仓位,latest_observed_current,,11,1,,"{""2026-06-30"": 100.00000000000001}",0,18.74900341358381,37.84386018715957,2,87f06e32e4cc579296dc4fd8.json,2026-10-09,源端最新仓位占比,1,"源端占比直接使用；净值滚动未执行：缺少基准日之后净值：017653,040021,016702",100.00000000000001,100.00000000000001,0.0
qieman__ZH131358,鹏华景气优选,且慢/盈米基金,,stargate_keyword_discovered,2026-10-09,2026-10-09,最新库内披露仓位,latest_observed_current,,17,1,,"{""2026-06-30"": 100.0}",0,70.83153811022515,0.5386564835151896,0,99f9dc8fe74756869bd76e15.json,2026-10-09,源端最新仓位占比,1,,100.0,100.0,0.0
qieman__ZH131352,鹏华稳收优选,且慢/盈米基金,,stargate_keyword_discovered,2026-10-09,2026-10-09,最新库内披露仓位,latest_observed_current,,6,1,,"{""2026-06-30"": 100.0}",0,0.0,16.04098074467577,0,52477038c7cda45cf7fc53da.json,2026-10-09,源端最新仓位占比,1,,100.0,100.0,0.0
qieman__ZH184508,麻利中证500定投计划,且慢/盈米基金,,stargate_keyword_discovered,2026-10-09,2026-10-09,最新库内披露仓位,latest_observed_current,,6,1,,"{""2026-06-30"": 100.0}",0,22.774904630068097,0.4650822252957982,0,8b4b871a78fdf8b05de7aad1.json,2026-10-09,源端最新仓位占比,1,,100.0,100.0,0.0
qieman__ZH173659,麻利低波组合,且慢/盈米基金,,stargate_keyword_discovered,2026-10-09,2026-10-09,最新库内披露仓位,latest_observed_current,,15,1,,"{""2026-06-30"": 94.69999999999999}",0,18.81109152266015,15.022497467346538,1,5c03d901315e584ee4fed68b.json,2026-10-09,源端最新仓位占比,1,"源端占比直接使用；净值滚动未执行：缺少基准日之后净值：009108,968048,161815",94.69999999999999,94.69999999999999,5.3
qieman__ZH164621,麻利低波组合(尊享版),且慢/盈米基金,,stargate_keyword_discovered,2026-10-09,2026-10-09,最新库内披露仓位,latest_observed_current,,15,1,,"{""2026-06-30"": 95.0}",0,20.651437964732075,14.618203309436502,1,edfc04174f5506e7c0df5715.json,2026-10-09,源端最新仓位占比,1,"源端占比直接使用；净值滚动未执行：缺少基准日之后净值：009108,968048,161815",95.0,95.0,5.0
qieman__SI000231,麻利全球优质资产组合,且慢/盈米基金,,stargate_keyword_discovered,2026-10-09,2026-10-09,最新库内披露仓位,latest_observed_current,,22,1,,"{""2026-06-30"": 86.11000000000003}",0,22.837161424515134,5.318836269972452,5,e3e36f237e0bcf6d70fff963.json,2026-10-09,源端最新仓位占比,1,"源端占比直接使用；净值滚动未执行：缺少基准日之后净值：519696,160140,096001,008367,486002,968044,378546,968061,004877,968075,017071,161815,519981,080006",86.11000000000003,86.11000000000003,13.89
qieman__SI000207,麻利全球优质资产组合(尊享版),且慢/盈米基金,,stargate_keyword_discovered,2026-10-09,2026-10-09,最新库内披露仓位,latest_observed_current,,22,1,,"{""2026-06-30"": 86.07999999999998}",0,22.892248706324978,5.353049259504975,5,78fb84d821e76b56e9a2a301.json,2026-10-09,源端最新仓位占比,1,"源端占比直接使用；净值滚动未执行：缺少基准日之后净值：519696,160140,096001,008367,486002,968044,378546,968061,004877,968075,017071,161815,519981,080006",86.07999999999998,86.07999999999998,13.92
qieman__SI000237,麻利全球科技先锋组合,且慢/盈米基金,,stargate_keyword_discovered,2026-10-09,2026-10-09,最新库内披露仓位,latest_observed_current,,21,1,,"{""2026-06-30"": 88.19}",0,17.574856520312775,0.7499306319679611,9,76958fe5108307e7b63152bd.json,2026-10-09,源端最新仓位占比,1,"源端占比直接使用；净值滚动未执行：缺少基准日之后净值：017654,024239,017437,160141,016823,022184,018147,968061,018230,015202,014002,016702,080006",88.19,88.19,11.81
qieman__ZH178217,麻利创新成长定投计划,且慢/盈米基金,,stargate_keyword_discovered,2026-10-09,2026-10-09,最新库内披露仓位,latest_observed_current,,5,1,,"{""2026-06-30"": 99.99999999999999}",0,27.48768647054964,0.10057093494891332,0,48a849ecab6b8b61de341c1a.json,2026-10-09,源端最新仓位占比,1,,99.99999999999999,99.99999999999999,0.0
qieman__ZH169268,麻利创新药定投计划,且慢/盈米基金,,stargate_keyword_discovered,2026-10-09,2026-10-09,最新库内披露仓位,latest_observed_current,,5,1,,"{""2026-06-30"": 100.0}",0,0.2068199368622236,0.625558146838132,0,ffaa112ea0223f6d6ee245e2.json,2026-10-09,源端最新仓位占比,1,,100.0,100.0,0.0
qieman__ZH167283,麻利券商定投计划PLUS,且慢/盈米基金,,stargate_keyword_discovered,2026-10-09,2026-10-09,最新库内披露仓位,latest_observed_current,,7,1,,"{""2026-06-30"": 100.00000000000001}",0,15.752996702285023,0.11708393228279382,0,6fb222b783e3ba83f2e00bda.json,2026-10-09,源端最新仓位占比,1,,100.00000000000001,100.00000000000001,0.0
qieman__ZH184510,麻利双创50定投计划,且慢/盈米基金,,stargate_keyword_discovered,2026-10-09,2026-10-09,最新库内披露仓位,latest_observed_current,,6,1,,"{""2026-06-30"": 80.2}",0,0.5888042128616835,2.1592663016221696,0,b9be6feb10466885d110a491.json,2026-10-09,源端最新仓位占比,1,,80.2,80.2,19.8
qieman__ZH164465,麻利安心稳健,且慢/盈米基金,,stargate_keyword_discovered,2026-10-09,2026-10-09,最新库内披露仓位,latest_observed_current,,16,1,,"{""2026-06-30"": 100.0}",0,55.0904575590238,0.7179730801056362,2,2d79b8e48df7c4ac81758207.json,2026-10-09,源端最新仓位占比,1,"源端占比直接使用；净值滚动未执行：缺少基准日之后净值：024239,022184,018230,017072,018036",100.0,100.0,0.0
qieman__ZH149293,麻利安心稳健(尊享版),且慢/盈米基金,,stargate_keyword_discovered,2026-10-09,2026-10-09,最新库内披露仓位,latest_observed_current,,16,1,,"{""2026-06-30"": 100.0}",0,55.0904575590238,0.7179730801056362,2,6ed50922591060fa917cff61.json,2026-10-09,源端最新仓位占比,1,"源端占比直接使用；净值滚动未执行：缺少基准日之后净值：024239,022184,018230,017072,018036",100.0,100.0,0.0
qieman__ZH164308,麻利恒生科技定投计划,且慢/盈米基金,,stargate_keyword_discovered,2026-10-09,2026-10-09,最新库内披露仓位,latest_observed_current,,6,1,,"{""2026-06-30"": 100.0}",0,0.0,0.44059546836796104,0,f4e62475571eb9eb6bff6078.json,2026-10-09,源端最新仓位占比,1,,100.0,100.0,0.0
qieman__ZH167286,麻利恒生科技定投计划PLUS,且慢/盈米基金,,stargate_keyword_discovered,2026-10-09,2026-10-09,最新库内披露仓位,latest_observed_current,,7,1,,"{""2026-06-30"": 100.0}",0,0.0,0.3434153985109729,0,e9e81b8f0f735a504a6279e4.json,2026-10-09,源端最新仓位占比,1,,100.0,100.0,0.0
qieman__ZH164310,麻利沪深300定投计划,且慢/盈米基金,,stargate_keyword_discovered,2026-10-09,2026-10-09,最新库内披露仓位,latest_observed_current,,6,1,,"{""2026-06-30"": 100.0}",0,0.6444470527116856,1.7925909820077355,0,e18f0a18df63bab6e49c3d0e.json,2026-10-09,源端最新仓位占比,1,,100.0,100.0,0.0
qieman__ZH164309,麻利红利定投计划,且慢/盈米基金,,stargate_keyword_discovered,2026-10-09,2026-10-09,最新库内披露仓位,latest_observed_current,,6,1,,"{""2026-06-30"": 100.0}",0,18.6959422948793,0.09142812268083031,0,3c810a18734ec7df0895f794.json,2026-10-09,源端最新仓位占比,1,,100.0,100.0,0.0
qieman__SI000229,麻利轮动策略,且慢/盈米基金,,stargate_keyword_discovered,2026-10-09,2026-10-09,最新库内披露仓位,latest_observed_current,,21,1,,"{""2026-06-30"": 100.0}",0,24.32525664226605,1.432253740783984,0,129bea38f4c7d93f1ad4873b.json,2026-10-09,源端最新仓位占比,1,,100.0,100.0,0.0
southern__4226,南方幸福小目标_南方直销,南方基金,,,2026-09-30,2026-09-30,最新库内披露仓位,latest_observed_current,,21,1,,"{""2026-06-30"": 99.99999999999999}",0,12.609076643821474,16.5572105121594,0,0e661b0475c34b45ae24911f.json,2026-10-09,净值漂移推算,1,,99.99999999999999,99.99999999999999,0.0
southern__7705,南方指数优选组合,南方基金,,,2026-09-30,2026-09-30,最新库内披露仓位,latest_observed_current,,17,1,,"{""2026-06-30"": 100.00000000000001}",0,21.3396865512146,1.364004693355244,0,e1b2b4a080c3f1367840946b.json,2026-10-09,净值漂移推算,1,,100.00000000000001,100.00000000000001,0.0
southern__7847,南方纯债优选,南方基金,,,2026-09-30,2026-09-30,最新库内披露仓位,latest_observed_current,,12,1,,"{""2026-06-30"": 99.99999999999999}",0,0.0,10.540718339602835,0,16c1b363b135920126503476.json,2026-10-09,净值漂移推算,1,,99.99999999999999,99.99999999999999,0.0
southern__7897,司南全球多元精选,南方基金,,,2026-09-30,2026-09-30,最新库内披露仓位,latest_observed_current,,23,1,,"{""2026-06-30"": 100.00000000000001}",0,7.024928079225731,7.55004622489308,3,5e0e32d0db604662de488fa9.json,2026-10-08,净值漂移推算,1,,100.00000000000001,100.00000000000001,0.0
southern__7871,司南全球稳健,南方基金,,,2026-09-30,2026-09-30,最新库内披露仓位,latest_observed_current,,20,1,,"{""2026-06-30"": 99.99999999999999}",0,9.063537238462873,16.45464276518585,0,77844382f560d1c280a1dd82.json,2026-10-08,净值漂移推算,1,,99.99999999999999,99.99999999999999,0.0
southern__123,司南双月宝组合,南方基金,,,2026-09-30,2026-09-30,最新库内披露仓位,latest_observed_current,,21,1,,"{""2026-06-30"": 99.99999999999999}",0,1.8139576419520926,15.328314366643385,0,601d3db0bea93dd73361d65b.json,2026-10-09,净值漂移推算,1,,99.99999999999999,99.99999999999999,0.0
southern__69,司南多因子成长指数组合,南方基金,,,2026-09-30,2026-09-30,最新库内披露仓位,latest_observed_current,,14,1,,"{""2026-06-30"": 100.00000000000001}",0,25.00727033725973,2.014634290038893,0,98c4b52d6c01ea24f3cc6eeb.json,2026-10-09,净值漂移推算,1,,100.00000000000001,100.00000000000001,0.0
southern__73,司南多因子成长组合,南方基金,,,2026-09-30,2026-09-30,最新库内披露仓位,latest_observed_current,,14,1,,"{""2026-06-30"": 100.0}",0,25.007446231786666,1.9954365509912313,0,c8d081c9da498b374b9ef2e2.json,2026-10-09,净值漂移推算,1,,100.0,100.0,0.0
southern__66,司南多因子蓝筹指数组合,南方基金,,,2026-09-30,2026-09-30,最新库内披露仓位,latest_observed_current,,14,1,,"{""2026-06-30"": 100.0}",0,24.9981081526044,2.0603005760714757,0,b03dcee74660ae8a8f210812.json,2026-10-09,净值漂移推算,1,,100.0,100.0,0.0
southern__67,司南多因子蓝筹组合,南方基金,,,2026-09-30,2026-09-30,最新库内披露仓位,latest_observed_current,,14,1,,"{""2026-06-30"": 99.99999999999999}",0,54.464234180845494,1.179366034762864,0,acb0ac88ce0e0ba8400424c6.json,2026-10-09,净值漂移推算,1,,99.99999999999999,99.99999999999999,0.0
southern__7879,司南多资产稳健组合,南方基金,,,2026-09-30,2026-09-30,最新库内披露仓位,latest_observed_current,,24,1,,"{""2026-06-30"": 100.00000000000001}",0,4.676503618779684,13.858616923863554,0,aa4be078dfb1b87203f9597f.json,2026-10-08,净值漂移推算,1,,100.00000000000001,100.00000000000001,0.0
southern__261,司南安鑫组合,南方基金,,,2026-09-30,2026-09-30,最新库内披露仓位,latest_observed_current,,20,1,,"{""2026-06-30"": 100.0}",0,11.77566304269421,14.229053191281706,0,97150213120f4dec75d56b36.json,2026-10-08,净值漂移推算,1,,100.0,100.0,0.0
southern__221,司南小目标组合,南方基金,,,2026-09-30,2026-09-30,最新库内披露仓位,latest_observed_current,,16,1,,"{""2026-06-30"": 100.0}",0,9.849025747638473,16.733373551029903,0,894fd400ce95624322f3d78a.json,2026-10-08,净值漂移推算,1,,100.0,100.0,0.0
southern__8609,司南平均律,南方基金,,,2026-09-30,2026-09-30,最新库内披露仓位,latest_observed_current,,19,1,,"{""2026-06-30"": 100.0}",0,12.29574211520595,20.15286835079778,0,bc728531fea1a4a735fde8e7.json,2026-10-09,净值漂移推算,1,,100.0,100.0,0.0
southern__921,司南悦享人生2030,南方基金,,,2026-09-30,2026-09-30,最新库内披露仓位,latest_observed_current,,19,1,,"{""2026-06-30"": 100.00000000000001}",0,41.65268134634092,9.662156906604814,0,fa343890e2329ccbb7cd97ea.json,2026-10-09,净值漂移推算,1,,100.00000000000001,100.00000000000001,0.0
southern__922,司南悦享人生2035,南方基金,,,2026-09-30,2026-09-30,最新库内披露仓位,latest_observed_current,,18,1,,"{""2026-06-30"": 100.0}",0,37.41280020788645,8.594077424857215,0,87e6091fb9ecebc4654cc4e6.json,2026-10-09,净值漂移推算,1,,100.0,100.0,0.0
southern__923,司南悦享人生2040,南方基金,,,2026-09-30,2026-09-30,最新库内披露仓位,latest_observed_current,,19,1,,"{""2026-06-30"": 100.0}",0,43.80329131794124,6.108418506086604,0,5d18d90f2f06cb6e5e87031e.json,2026-10-09,净值漂移推算,1,,100.0,100.0,0.0
southern__924,司南悦享人生2045,南方基金,,,2026-09-30,2026-09-30,最新库内披露仓位,latest_observed_current,,17,1,,"{""2026-06-30"": 100.0}",0,42.03297031473635,2.4849620539062163,0,77fddb3943da88e027e5b93f.json,2026-10-09,净值漂移推算,1,,100.0,100.0,0.0
southern__925,司南悦享人生2050,南方基金,,,2026-09-30,2026-09-30,最新库内披露仓位,latest_observed_current,,18,1,,"{""2026-06-30"": 100.00000000000001}",0,38.86913941060731,6.292083263537989,0,f1eed4b1520c092f2e4139d9.json,2026-10-09,净值漂移推算,1,,100.00000000000001,100.00000000000001,0.0
southern__7915,司南指数优选组合,南方基金,,,2026-09-30,2026-09-30,最新库内披露仓位,latest_observed_current,,17,1,,"{""2026-06-30"": 100.00000000000003}",0,21.340939059156828,1.3113338420518597,0,b0fdeda822731a461b8b3e53.json,2026-10-09,净值漂移推算,1,,100.00000000000003,100.00000000000003,0.0
southern__121,司南月利宝组合,南方基金,,,2026-09-30,2026-09-30,最新库内披露仓位,latest_observed_current,,9,1,,"{""2026-06-30"": 100.0}",0,0.0,13.253754890989335,0,3effabd30b29e031823a285e.json,2026-10-09,净值漂移推算,1,,100.0,100.0,0.0
southern__68,司南绝对收益稳健组合,南方基金,,,2026-09-30,2026-09-30,最新库内披露仓位,latest_observed_current,,19,1,,"{""2026-06-30"": 100.00000000000001}",0,5.798074198066088,16.136597039779787,0,9876db82933fa358c03bd320.json,2026-10-08,净值漂移推算,1,,100.00000000000001,100.00000000000001,0.0
southern__70,司南绝对收益组合,南方基金,,,2026-09-30,2026-09-30,最新库内披露仓位,latest_observed_current,,16,1,,"{""2026-06-30"": 99.99999999999999}",0,10.50401144127752,18.468366417137133,0,1c2ce5842647138d6eb25be6.json,2026-10-09,净值漂移推算,1,,99.99999999999999,99.99999999999999,0.0
southern__63,司南股债平衡组合,南方基金,,,2026-09-30,2026-09-30,最新库内披露仓位,latest_observed_current,,20,1,,"{""2026-06-30"": 99.99999999999999}",0,38.99866144497392,8.197940043218344,0,b38a7e9f44682c24727d1087.json,2026-10-09,净值漂移推算,1,,99.99999999999999,99.99999999999999,0.0
southern__65,司南股债平衡蓝筹组合,南方基金,,,2026-09-30,2026-09-30,最新库内披露仓位,latest_observed_current,,20,1,,"{""2026-06-30"": 99.99999999999997}",0,23.496466926445798,14.534812787368551,0,158011c9d65caa4037b3640e.json,2026-10-09,净值漂移推算,1,,99.99999999999997,99.99999999999997,0.0
southern__62,司南股债灵活组合,南方基金,,,2026-09-30,2026-09-30,最新库内披露仓位,latest_observed_current,,17,1,,"{""2026-06-30"": 99.99999999999999}",0,27.413590872195606,16.467009920722482,0,67fe9a765302c5a00a27a32e.json,2026-10-09,净值漂移推算,1,,99.99999999999999,99.99999999999999,0.0
southern__64,司南股债灵活蓝筹组合,南方基金,,,2026-09-30,2026-09-30,最新库内披露仓位,latest_observed_current,,13,1,,"{""2026-06-30"": 99.99999999999999}",0,21.967363991671412,13.22809565699102,0,940fab4591830ce6e85ea0f9.json,2026-10-09,净值漂移推算,1,,99.99999999999999,99.99999999999999,0.0
southern__76,司南股债积极组合,南方基金,,,2026-09-30,2026-09-30,最新库内披露仓位,latest_observed_current,,16,1,,"{""2026-06-30"": 100.0}",0,56.50669163990096,6.011906950627585,0,3e32ac564549f97275ca0ec0.json,2026-10-09,净值漂移推算,1,,100.0,100.0,0.0
southern__78,司南股债积极蓝筹组合,南方基金,,,2026-09-30,2026-09-30,最新库内披露仓位,latest_observed_current,,17,1,,"{""2026-06-30"": 100.0}",0,61.32276630785038,6.044237906883529,0,27b9e8c2b49dccf03f28c63a.json,2026-10-09,净值漂移推算,1,,100.0,100.0,0.0
southern__74,司南股债稳健组合,南方基金,,,2026-09-30,2026-09-30,最新库内披露仓位,latest_observed_current,,26,1,,"{""2026-06-30"": 99.99999999999999}",0,16.338735390720863,15.479390019761185,0,b95af2d57d359a025f8f30ae.json,2026-10-09,净值漂移推算,1,,99.99999999999999,99.99999999999999,0.0
southern__75,司南股债稳健蓝筹组合,南方基金,,,2026-09-30,2026-09-30,最新库内披露仓位,latest_observed_current,,26,1,,"{""2026-06-30"": 99.99999999999999}",0,16.338735390720863,15.479390019761185,0,46b9a5a49d914e025c0cfcc4.json,2026-10-09,净值漂移推算,1,,99.99999999999999,99.99999999999999,0.0
southern__77,司南股债进取成长组合,南方基金,,,2026-09-30,2026-09-30,最新库内披露仓位,latest_observed_current,,21,1,,"{""2026-06-30"": 100.0}",0,46.0132214297792,8.822508502462227,0,0952afe63bc1810b8ee2bd8a.json,2026-10-09,净值漂移推算,1,,100.0,100.0,0.0
southern__79,司南股债进取蓝筹组合,南方基金,,0,2026-09-30,2026-09-30,最新库内披露仓位,latest_observed_current,,17,1,,"{""2026-06-30"": 100.0}",0,67.60610275642335,3.876192946863933,0,5422f57d9d554149e6a64fe0.json,2026-10-09,净值漂移推算,1,,100.0,100.0,0.0
southern__364,司南锐进组合,南方基金,,,2026-09-30,2026-09-30,最新库内披露仓位,latest_observed_current,,18,1,,"{""2026-06-30"": 100.0}",0,70.20724363419934,4.560675045891916,0,3bc3b010dfa09b26a05aff41.json,2026-10-09,净值漂移推算,1,,100.0,100.0,0.0
southern__7323,幸福小目标,南方基金,,,2026-09-30,2026-09-30,最新库内披露仓位,latest_observed_current,,21,1,,"{""2026-06-30"": 99.99999999999999}",0,12.609076643821474,16.5572105121594,0,eb8f16f20871410185c81905.json,2026-10-09,净值漂移推算,1,,99.99999999999999,99.99999999999999,0.0
ttfund__16KJ20Z,65后水滴养老,天天基金/投顾,正常运行,,2025-03-28,2026-10-09,最近完整官方调仓配置（模型权重）,official_rebalance_target,含非精确披露权重，未用推算权重替代,23,1,,"{""2026-06-30"": 100.00000000000001}",0,20.918763396675367,10.743113835931146,0,ea1b451df485015476277ee7.json,2025-03-28,披露配置（最新权重不可推算）,0,已有更新调仓记录但未通过完整配置核验，不能跨越该事件推算,100.00000000000001,100.00000000000001,0.0
ttfund__TO5A2AV,70后水滴养老,天天基金/投顾,正常运行,,2025-12-02,2026-10-09,最近完整官方调仓配置（模型权重）,official_rebalance_target,含非精确披露权重，未用推算权重替代,22,1,,"{""2026-06-30"": 100.0}",0,20.43316033253752,11.430462635697562,0,678c4a454319719a5319e211.json,2026-10-09,净值漂移推算,1,,100.0,100.0,0.0
ttfund__G58CSPF,75后水滴养老,天天基金/投顾,正常运行,,2025-12-02,2026-10-09,最近完整官方调仓配置（模型权重）,official_rebalance_target,含非精确披露权重，未用推算权重替代,24,1,,"{""2026-06-30"": 99.99999999999999}",0,32.24991989920321,10.699037091170547,0,f9e169a0208844ddb7b3d10c.json,2026-10-09,净值漂移推算,1,,99.99999999999999,99.99999999999999,0.0
ttfund__BBIENDO,80后水滴养老,天天基金/投顾,正常运行,,2022-11-01,2026-10-09,最近完整官方调仓配置（模型权重）,official_rebalance_target,含非精确披露权重，未用推算权重替代,16,1,,"{""2026-06-30"": 100.00000000000001}",0,64.07071505454192,6.605095577138244,0,dbd28a8eb540b7c6c9d2a3c2.json,2022-11-01,披露配置（最新权重不可推算）,0,已有更新调仓记录但未通过完整配置核验，不能跨越该事件推算,100.00000000000001,100.00000000000001,0.0
ttfund__H9IFLW2,85后水滴养老,天天基金/投顾,正常运行,,2025-12-02,2026-10-09,最近完整官方调仓配置（模型权重）,official_rebalance_target,含非精确披露权重，未用推算权重替代,20,1,,"{""2026-06-30"": 100.0}",0,50.77897173748349,6.636495651390218,0,740004753d06c8ed9fe9aeb7.json,2026-10-09,净值漂移推算,1,,100.0,100.0,0.0
ttfund__G290TJT,90后水滴养老,天天基金/投顾,正常运行,,2025-03-28,2026-10-09,最近完整官方调仓配置（模型权重）,official_rebalance_target,含非精确披露权重，未用推算权重替代,17,1,,"{""2026-06-30"": 100.0}",0,65.35588583360038,1.3169074501678075,0,7c6ac3d2e81a00ca80c7e5d4.json,2025-03-28,披露配置（最新权重不可推算）,0,已有更新调仓记录但未通过完整配置核验，不能跨越该事件推算,100.0,100.0,0.0
ttfund__YLHFDV5,AI指数增强,天天基金/投顾,正常运行,on_sale_window,2026-08-24,2026-10-09,最近完整官方调仓配置（模型权重）,official_rebalance_target,含非精确披露权重，未用推算权重替代,17,1,,"{""2026-06-30"": 100.00000000000001}",0,13.75197625605057,1.2247873286951125,1,b01d83af7b6f12d579038ad0.json,2026-10-08,净值漂移推算,1,,100.00000000000001,100.00000000000001,0.0
ttfund__R2WTOE0,A股股票基金精选策略,天天基金/投顾,正常运行,,2026-10-09,2026-10-09,最新库内披露仓位,latest_observed_current,,26,1,,"{""2026-06-30"": 99.99}",0,64.53083233448537,1.2776578451526008,0,4e140e00e7d4ef875e25afe2.json,2026-10-09,源端最新仓位占比,1,,99.99,99.99,0.0
ttfund__W8NE6B0,HALO资产,天天基金/投顾,正常运行,,2026-08-28,2026-10-09,最近完整官方调仓配置（模型权重）,official_rebalance_target,含非精确披露权重，未用推算权重替代,10,1,,"{""2026-06-30"": 99.99999999999999}",0,17.89597103015426,2.4788482696355403,0,aa864927ff4331126017fb47.json,2026-10-09,净值漂移推算,1,,99.99999999999999,99.99999999999999,0.0
ttfund__SSMJZP5,QDII额度宝,天天基金/投顾,正常运行,,2026-08-27,2026-10-09,最近完整官方调仓配置（模型权重）,official_rebalance_target,含非精确披露权重，未用推算权重替代,5,1,,"{""2026-06-30"": 99.99999999999999}",0,24.67146294758777,3.5695032329930374,0,0c8f4a49d65d82b416317610.json,2026-10-08,净值漂移推算,1,,99.99999999999999,99.99999999999999,0.0
ttfund__PBYL0ZS,一哥懒到家,天天基金/投顾,正常运行,,2022-07-25,2026-10-09,最近完整官方调仓配置（模型权重）,official_rebalance_target,含非精确披露权重，未用推算权重替代,11,1,,"{""2026-06-30"": 99.99999999999999}",0,73.86924625793652,6.082887161275648,0,6bf69b4aba81450496d38af1.json,2026-10-09,净值漂移推算,1,,99.99999999999999,99.99999999999999,0.0
ttfund__XC71LBU,一路有妮,天天基金/投顾,正常运行,on_sale_window,2026-07-27,2026-10-09,最近完整官方调仓配置（模型权重）,official_rebalance_target,含非精确披露权重，未用推算权重替代,12,1,,"{""2026-06-30"": 99.99999999999997}",0,68.04551643585371,1.7764250935484984,0,f013f18665e305505cd85abb.json,2026-10-09,净值漂移推算,1,,99.99999999999997,99.99999999999997,0.0
ttfund__UCSPP5N,万家多元稳健配置100份（测试）,天天基金/投顾,测试组合剔除,on_sale_window,2026-10-09,2026-10-09,最新库内披露仓位,latest_observed_current,测试组合，仅显示状态,8,0,测试组合，仅显示状态,{},0,,,0,15b62ef48ce4c5a292b01a7d.json,,缺少可用基金配置,0,缺少完整配置,,,
ttfund__SRDLIPK,万家天天鑫钱包,天天基金/投顾,正常运行,,2026-09-11,2026-10-09,最近完整官方调仓配置（模型权重）,official_rebalance_target,含非精确披露权重，未用推算权重替代,15,1,,"{""2026-06-30"": 100.0}",0,0.0,11.722781599620882,0,a1e0a5887f59dbb12a8d0de0.json,2026-10-09,净值漂移推算,1,,100.0,100.0,0.0
ttfund__GKC0SMH,万家安鑫全球投,天天基金/投顾,正常运行,,2026-08-28,2026-10-09,最近完整官方调仓配置（模型权重）,official_rebalance_target,含非精确披露权重，未用推算权重替代,38,1,,"{""2026-06-30"": 99.99999999999999}",0,27.563984451580385,10.980438780141371,2,fdc23563a5a0d0ebac091cbd.json,2026-10-08,净值漂移推算,1,,99.99999999999999,99.99999999999999,0.0
ttfund__UKFP1FU,万家权益向钱冲,天天基金/投顾,正常运行,,2026-06-18,2026-10-09,最近完整官方调仓配置（模型权重）,official_rebalance_target,含非精确披露权重，未用推算权重替代,25,1,,"{""2026-06-30"": 100.00000000000001}",0,65.95605782696954,1.01894847198322,0,4f16938f9117dd289d34fb01.json,2026-10-09,净值漂移推算,1,,100.00000000000001,100.00000000000001,0.0
ttfund__QGRMZD0,万家稳盈小目标,天天基金/投顾,目标盈期次,认购期,2026-09-02,2026-10-09,最近完整官方调仓配置（模型权重）,official_rebalance_target,含非精确披露权重，未用推算权重替代,47,1,,"{""2026-06-30"": 100.0}",0,3.4576348057180826,18.833357376627788,0,e1567bdc5365b345cf463ecf.json,2026-10-08,净值漂移推算,1,,100.0,100.0,0.0
ttfund__GS8XIUI,万家稳稳向钱冲,天天基金/投顾,正常运行,,2026-04-22,2026-10-09,最近完整官方调仓配置（模型权重）,official_rebalance_target,含非精确披露权重，未用推算权重替代,19,1,,"{""2026-06-30"": 100.00000000000001}",0,8.384472874230482,14.706790043291019,0,6a8ab049e2aa3a918f1a1f9a.json,2026-04-22,披露配置（最新权重不可推算）,0,已有更新调仓记录但未通过完整配置核验，不能跨越该事件推算,100.00000000000001,100.00000000000001,0.0
ttfund__SXB78F4,万家稳稳小目标01期,天天基金/投顾,已停止目标盈期次,计划运作期已结束,2026-09-21,2026-10-09,最近完整官方调仓配置（模型权重）,official_rebalance_target,含非精确披露权重，未用推算权重替代,25,1,,"{""2026-06-30"": 100.0}",0,12.63876702852107,15.221393255324335,0,7a8b7a6d9be6fa67261e84c8.json,2026-10-09,净值漂移推算,1,,100.0,100.0,0.0
ttfund__YSYJQB1,万家稳稳小目标02期,天天基金/投顾,已停止目标盈期次,计划运作期已结束,2026-09-21,2026-10-09,最近完整官方调仓配置（模型权重）,official_rebalance_target,含非精确披露权重，未用推算权重替代,25,1,,"{""2026-06-30"": 100.0}",0,12.63876702852107,15.221393255324335,0,773cd32ba05f2a6ee6f96098.json,2026-10-09,净值漂移推算,1,,100.0,100.0,0.0
ttfund__SNVQECU,万家稳稳小目标03期,天天基金/投顾,已停止目标盈期次,计划运作期已结束,2026-09-21,2026-10-09,最近完整官方调仓配置（模型权重）,official_rebalance_target,含非精确披露权重，未用推算权重替代,25,1,,"{""2026-06-30"": 100.0}",0,12.63876702852107,15.221393255324335,0,792bf28241093b774dddea81.json,2026-10-09,净值漂移推算,1,,100.0,100.0,0.0
ttfund__8VZ6AVT,万家稳稳小目标04期,天天基金/投顾,已停止目标盈期次,计划运作期已结束,2026-09-21,2026-10-09,最近完整官方调仓配置（模型权重）,official_rebalance_target,含非精确披露权重，未用推算权重替代,25,1,,"{""2026-06-30"": 100.0}",0,12.63876702852107,15.221393255324335,0,5f79c056224e56d85df31f5a.json,2026-10-09,净值漂移推算,1,,100.0,100.0,0.0
ttfund__4RRY2LN,万家稳稳小目标05期,天天基金/投顾,已停止目标盈期次,计划运作期已结束,2026-09-21,2026-10-09,最近完整官方调仓配置（模型权重）,official_rebalance_target,含非精确披露权重，未用推算权重替代,25,1,,"{""2026-06-30"": 100.0}",0,12.63876702852107,15.221393255324335,0,49e390736260c1637034ca30.json,2026-10-09,净值漂移推算,1,,100.0,100.0,0.0
ttfund__2F0HXFG,万家稳稳小目标06期,天天基金/投顾,已停止目标盈期次,计划运作期已结束,2026-09-21,2026-10-09,最近完整官方调仓配置（模型权重）,official_rebalance_target,含非精确披露权重，未用推算权重替代,25,1,,"{""2026-06-30"": 100.0}",0,12.63876702852107,15.221393255324335,0,a5f0e8d26a73eb9d44d898a0.json,2026-10-09,净值漂移推算,1,,100.0,100.0,0.0
ttfund__RRE9VVG,万家随心人生,天天基金/投顾,正常运行,,2026-09-18,2026-10-09,最近完整官方调仓配置（模型权重）,official_rebalance_target,含非精确披露权重，未用推算权重替代,33,1,,"{""2026-06-30"": 100.0}",0,41.12640021674977,5.890804569245526,0,8ceee63fe138f90df1cfd233.json,2026-10-09,净值漂移推算,1,,100.0,100.0,0.0
ttfund__CO0XPRY,万家非凡价值1号,天天基金/投顾,正常运行,,2026-09-18,2026-10-09,最近完整官方调仓配置（模型权重）,official_rebalance_target,含非精确披露权重，未用推算权重替代,32,1,,"{""2026-06-30"": 100.0}",0,65.34168958582757,1.6641760093576272,0,f4b548ec3750f3e94ea7d9c6.json,2026-10-09,净值漂移推算,1,,100.0,100.0,0.0
ttfund__YXZZPLO,万家非凡均衡1号,天天基金/投顾,正常运行,,2026-09-14,2026-10-09,最近完整官方调仓配置（模型权重）,official_rebalance_target,含非精确披露权重，未用推算权重替代,29,1,,"{""2026-06-30"": 100.0}",0,64.8118081767428,0.9148505505658943,0,6695badb5364f780984dab24.json,2026-10-09,净值漂移推算,1,,100.0,100.0,0.0
ttfund__PCBQDOD,万家非凡均衡小目标,天天基金/投顾,目标盈期次,认购期,2026-09-14,2026-10-09,最近完整官方调仓配置（模型权重）,official_rebalance_target,含非精确披露权重，未用推算权重替代,29,1,,"{""2026-06-30"": 100.0}",0,64.8118081767428,0.9148505505658943,0,1e1f9a2e8827097a0c0bfb33.json,2026-10-09,净值漂移推算,1,,100.0,100.0,0.0
ttfund__AQX1X0N,万家非凡小目标01期,天天基金/投顾,已停止目标盈期次,已停止,2024-04-26,,最近完整官方调仓配置（模型权重）,official_rebalance_target,缺少当前基金仓位,16,1,,"{""2026-06-30"": 100.0}",0,71.37911183662689,0.7824583671727177,0,4f614116c988d44588e74a94.json,2026-10-09,净值漂移推算,1,,100.0,100.0,0.0
ttfund__5APQU8D,万家非凡小目标02期,天天基金/投顾,已停止目标盈期次,已停止,2024-09-02,,最近完整官方调仓配置（模型权重）,official_rebalance_target,缺少当前基金仓位,25,1,,"{""2026-06-30"": 100.0}",0,68.99561327557558,1.3275827596763692,0,460fbdfd6436268bc82bef13.json,2024-09-02,披露配置（最新权重不可推算）,0,已有更新调仓记录但未通过完整配置核验，不能跨越该事件推算,100.0,100.0,0.0
ttfund__9TLCNVT,万家非凡小目标03期,天天基金/投顾,已停止目标盈期次,已停止,2024-07-19,,最近完整官方调仓配置（模型权重）,official_rebalance_target,缺少当前基金仓位,30,1,,"{""2026-06-30"": 100.0}",0,77.24357698966553,0.7364022213642902,0,4fdb3d63afaa250c4526a2e3.json,2026-10-09,净值漂移推算,1,,100.0,100.0,0.0
ttfund__DNPIHPQ,万家非凡小目标04期,天天基金/投顾,已停止目标盈期次,已停止,2024-10-30,,最近完整官方调仓配置（模型权重）,official_rebalance_target,缺少当前基金仓位,27,1,,"{""2026-06-30"": 100.0}",0,64.45801272731738,0.7229325132673775,0,78b431cbf863097ccd55264d.json,2024-10-30,披露配置（最新权重不可推算）,0,已有更新调仓记录但未通过完整配置核验，不能跨越该事件推算,100.0,100.0,0.0
ttfund__JY48YPE,万家非凡新质驱动,天天基金/投顾,正常运行,on_sale_window,2026-09-07,2026-10-09,最近完整官方调仓配置（模型权重）,official_rebalance_target,含非精确披露权重，未用推算权重替代,32,1,,"{""2026-06-30"": 100.00000000000001}",0,53.85363102732518,1.5801945380501634,0,77cc270cadf1756770a45280.json,2026-10-09,净值漂移推算,1,,100.00000000000001,100.00000000000001,0.0
ttfund__SX1CRWN,万家非凡智汇选基100份,天天基金/投顾,信号类组合,on_sale_window,2026-10-09,2026-10-09,最新库内披露仓位,latest_observed_current,信号组合，未按真实基金配置穿透,19,0,信号组合，未按真实基金配置穿透,{},0,,,0,b00f3dccf02c554f4e95fbc3.json,,缺少可用基金配置,0,缺少完整配置,,,
ttfund__JTWNBSD,万家非凡消费驱动,天天基金/投顾,正常运行,,2026-03-20,2026-10-09,最近完整官方调仓配置（模型权重）,official_rebalance_target,含非精确披露权重，未用推算权重替代,16,1,,"{""2026-06-30"": 100.0}",0,53.33701767672352,0.7597072213467706,1,22d082455f616c30dbe2781f.json,2026-03-20,披露配置（最新权重不可推算）,0,已有更新调仓记录但未通过完整配置核验，不能跨越该事件推算,100.0,100.0,0.0
ttfund__8FXLDPK,万家非凡稳享全天候,天天基金/投顾,正常运行,on_sale_window,2026-09-18,2026-10-09,最近完整官方调仓配置（模型权重）,official_rebalance_target,含非精确披露权重，未用推算权重替代,39,1,,"{""2026-06-30"": 100.00000000000004}",0,8.816417466188241,15.560925160034966,5,bb8b839c0ca036c9e6f09956.json,2026-10-08,净值漂移推算,1,,100.00000000000004,100.00000000000004,0.0
ttfund__61TR11Z,万家非凡稳健1号,天天基金/投顾,正常运行,on_sale_window,2026-08-18,2026-10-09,最近完整官方调仓配置（模型权重）,official_rebalance_target,含非精确披露权重，未用推算权重替代,25,1,,"{""2026-06-30"": 100.00000000000001}",0,13.58601114185462,14.860449465576556,0,3a43af73870a46f6b5e4a23c.json,2026-10-09,净值漂移推算,1,,100.00000000000001,100.00000000000001,0.0
ttfund__ZY4J1GA,万家黄金小目标01期,天天基金/投顾,目标盈期次,止盈观察期,2026-07-30,2026-10-08,最近完整官方调仓配置（模型权重）,official_rebalance_target,含非精确披露权重，未用推算权重替代,6,1,,"{""2026-06-30"": 100.0}",0,0.0,7.411086553066231,0,457476404d602da7ae23bfd0.json,2026-10-09,净值漂移推算,1,,100.0,100.0,0.0
ttfund__0UYVY3Z,三足鼎立,天天基金/投顾,正常运行,on_sale_window,2024-10-16,2026-10-09,最近完整官方调仓配置（模型权重）,official_rebalance_target,含非精确披露权重，未用推算权重替代,14,1,,"{""2026-06-30"": 100.00000000000001}",0,31.886295137772073,1.4015564543185377,0,8ba36925a8d5a40a81756ea5.json,2026-10-08,净值漂移推算,1,,100.00000000000001,100.00000000000001,0.0
ttfund__ZSEGVM1,东财AI核心,天天基金/投顾,正常运行,on_sale_window,2026-10-09,2026-10-09,最新库内披露仓位,latest_observed_current,,9,1,,"{""2026-06-30"": 99.99999999999999}",0,43.33708899895734,2.329364369845747,1,f63c86614aa939819f144d90.json,2026-10-09,源端最新仓位占比,1,源端占比直接使用；净值滚动未执行：缺少基准日之后净值：018036,99.99999999999999,99.99999999999999,0.0
ttfund__N6VKE8R,东财主题掘金,天天基金/投顾,正常运行,,2026-10-09,2026-10-09,最新库内披露仓位,latest_observed_current,,17,1,,"{""2026-06-30"": 99.99000000000002}",0,56.53122637561194,0.43406548226026315,0,15348ac633d121741b3da712.json,2026-10-09,源端最新仓位占比,1,,99.99000000000002,99.99000000000002,0.0
ttfund__5FQZ32Y,东财从容长跑,天天基金/投顾,正常运行,on_sale_window,2026-10-09,2026-10-09,最新库内披露仓位,latest_observed_current,,16,1,,"{""2026-06-30"": 100.0}",0,8.365125574160096,14.417519055825204,0,19965fe46d73b10251e5d8cb.json,2026-10-09,源端最新仓位占比,1,,100.0,100.0,0.0
ttfund__X9PUC3Y,东财全球精选,天天基金/投顾,正常运行,,2026-10-09,2026-10-09,最新库内披露仓位,latest_observed_current,,9,1,,"{""2026-06-30"": 100.0}",0,8.143284427433002,0.5235694585872542,1,3ea2155db05c453a27e2eafe.json,2026-10-09,源端最新仓位占比,1,"源端占比直接使用；净值滚动未执行：缺少基准日之后净值：015016,006075,018044",100.0,100.0,0.0
ttfund__A42Q2XZ,东财固收小确幸,天天基金/投顾,正常运行,,2026-10-09,2026-10-09,最新库内披露仓位,latest_observed_current,,12,1,,"{""2026-06-30"": 99.99999999999999}",0,0.0,17.95835781367973,0,27957efacf9dcdb4531dcfe8.json,2026-10-09,源端最新仓位占比,1,,99.99999999999999,99.99999999999999,0.0
ttfund__YZ0L1GW,东财均衡优选,天天基金/投顾,正常运行,,2026-10-09,2026-10-09,最新库内披露仓位,latest_observed_current,,11,1,,"{""2026-06-30"": 99.99}",0,47.87006675475556,1.628968329932147,0,7b255439e9780b91ec0b0766.json,2026-10-09,源端最新仓位占比,1,,99.99,99.99,0.0
ttfund__1TNRXG0,东财安心相伴,天天基金/投顾,正常运行,,2026-10-09,2026-10-09,最新库内披露仓位,latest_observed_current,,14,1,,"{""2026-06-30"": 99.99999999999999}",0,2.6683323367845153,17.293776082467975,0,5439db4b4ed81d88f54dcb24.json,2026-10-09,源端最新仓位占比,1,,99.99999999999999,99.99999999999999,0.0
ttfund__VUOJHX6,东财安逸舒心,天天基金/投顾,正常运行,,2026-10-09,2026-10-09,最新库内披露仓位,latest_observed_current,,14,1,,"{""2026-06-30"": 100.00999999999999}",0,5.228768787939245,18.947537017578785,0,6f856a846c7dc6decfd203de.json,2026-10-09,源端最新仓位占比,1,,100.00999999999999,100.00999999999999,0.0
ttfund__YF6T0N1,东财平衡省心,天天基金/投顾,正常运行,,2026-10-09,2026-10-09,最新库内披露仓位,latest_observed_current,,17,1,,"{""2026-06-30"": 99.99}",0,37.47247407086715,15.351312891064808,0,700323a5b7733b817593ed7a.json,2026-10-09,源端最新仓位占比,1,,99.99,99.99,0.0
ttfund__VNUQP0R,东财幸福目标盈第1期,天天基金/投顾,已停止目标盈期次,已停止,2024-06-05,,最近完整官方调仓配置（模型权重）,official_rebalance_target,缺少当前基金仓位,18,1,,"{""2026-06-30"": 100.00000000000003}",0,15.141191108076187,24.580887814086996,0,d157d857a123fe1ccb9af081.json,2026-10-09,净值漂移推算,1,,100.00000000000003,100.00000000000003,0.0
ttfund__0OYZBNC,东财幸福目标盈第2期,天天基金/投顾,已停止目标盈期次,已停止,2024-10-10,,最近完整官方调仓配置（模型权重）,official_rebalance_target,缺少当前基金仓位,18,1,,"{""2026-06-30"": 100.0}",0,18.824865244424267,19.925789266722468,0,02c12043cd26c86de155798a.json,2026-10-09,净值漂移推算,1,,100.0,100.0,0.0
ttfund__LSOSLCM,东财扬帆远航,天天基金/投顾,正常运行,,2026-10-09,2026-10-09,最新库内披露仓位,latest_observed_current,,17,1,,"{""2026-06-30"": 99.99}",0,51.34586464348747,4.9319801764763325,0,6f37f9df80704f363f811415.json,2026-10-09,源端最新仓位占比,1,,99.99,99.99,0.0
ttfund__VUX9LWL,东财智配优选,天天基金/投顾,正常运行,,2026-10-09,2026-10-09,最新库内披露仓位,latest_observed_current,,12,1,,"{""2026-06-30"": 99.98}",0,9.706665085404312,11.523330745349657,0,6cec856b7212285a0fd26398.json,2026-10-09,源端最新仓位占比,1,,99.98,99.98,0.0
ttfund__YL6YIG4,东财月月享,天天基金/投顾,正常运行,,2026-10-09,2026-10-09,最新库内披露仓位,latest_observed_current,,14,1,,"{""2026-06-30"": 100.0}",0,15.064290330882644,14.514541960586019,1,65eb3ba0bfdf650650e77be8.json,2026-10-09,源端最新仓位占比,1,"源端占比直接使用；净值滚动未执行：缺少基准日之后净值：017437,519981",100.0,100.0,0.0
ttfund__LSQS6O2,东财灵活锐进,天天基金/投顾,正常运行,,2026-10-09,2026-10-09,最新库内披露仓位,latest_observed_current,,11,1,,"{""2026-06-30"": 100.01}",0,29.31679008880009,3.054143634749771,0,29ff92e395e2580916154f1b.json,2026-10-09,源端最新仓位占比,1,,100.01,100.01,0.0
ttfund__GSXL3LY,东财物理AI,天天基金/投顾,正常运行,,2026-10-09,2026-10-09,最新库内披露仓位,latest_observed_current,,9,1,,"{""2026-06-30"": 99.99999999999999}",0,39.108780503802706,2.0562631088612533,0,1446c172fe3c5146ebe92993.json,2026-10-09,源端最新仓位占比,1,,99.99999999999999,99.99999999999999,0.0
ttfund__EOB24TK,东财睿智进取,天天基金/投顾,正常运行,,2026-10-09,2026-10-09,最新库内披露仓位,latest_observed_current,,17,1,,"{""2026-06-30"": 99.99999999999999}",0,27.742084998050867,7.315229422242371,0,756da53b3f4823f671dd29c3.json,2026-10-09,源端最新仓位占比,1,,99.99999999999999,99.99999999999999,0.0
ttfund__QQPMXKK,东财稳健乐享,天天基金/投顾,正常运行,,2026-10-09,2026-10-09,最新库内披露仓位,latest_observed_current,,18,1,,"{""2026-06-30"": 99.99999999999997}",0,8.865295072286152,18.637621981126568,0,6cbb27bcb82442fabf72424d.json,2026-10-09,源端最新仓位占比,1,,99.99999999999997,99.99999999999997,0.0
ttfund__WCFXTGI,东财稳步前行,天天基金/投顾,正常运行,,2026-10-09,2026-10-09,最新库内披露仓位,latest_observed_current,,14,1,,"{""2026-06-30"": 99.99999999999999}",0,5.930864695693355,16.52670931662625,0,1c310846fabbe793c1709281.json,2026-10-09,源端最新仓位占比,1,,99.99999999999999,99.99999999999999,0.0
ttfund__05KGBJQ,东财稳行致远,天天基金/投顾,正常运行,,2026-10-09,2026-10-09,最新库内披露仓位,latest_observed_current,,12,1,,"{""2026-06-30"": 99.99000000000002}",0,18.846812660874217,11.183995754699794,0,96c16a9cff3aae08f5e9aa1f.json,2026-10-09,源端最新仓位占比,1,,99.99000000000002,99.99000000000002,0.0
ttfund__QXWTWD2,东财财富目标盈第3期,天天基金/投顾,目标盈期次,止盈观察期,2026-10-09,2026-10-09,最新库内披露仓位,latest_observed_current,,17,1,,"{""2026-06-30"": 100.00000000000003}",0,23.907450362714417,10.04369032312188,0,7d7e6f323911f4f5454dc940.json,2026-10-09,源端最新仓位占比,1,,100.00000000000003,100.00000000000003,0.0
ttfund__NJU70B3,东财闲钱添怡,天天基金/投顾,正常运行,,2026-10-09,2026-10-09,最新库内披露仓位,latest_observed_current,,34,1,,"{""2026-06-30"": 100.0}",0,0.0,16.515185465709823,0,ae1505f41c0a63fe6d51ce3a.json,2026-10-09,源端最新仓位占比,1,,100.0,100.0,0.0
ttfund__WLIMQXD,中信建投勇攀高峰,天天基金/投顾,正常运行,,2026-10-09,2026-10-09,最新库内披露仓位,latest_observed_current,,15,1,,"{""2026-06-30"": 100.02}",0,76.70652165718943,2.8120054522361326,0,94e5b554212f55c73d3862f3.json,2026-10-09,源端最新仓位占比,1,,100.02,100.02,0.0
ttfund__3KMBBBD,中欧优势行业全明星,天天基金/投顾,正常运行,,2026-08-28,2026-10-09,最近完整官方调仓配置（模型权重）,official_rebalance_target,含非精确披露权重，未用推算权重替代,18,1,,"{""2026-06-30"": 100.00000000000001}",0,75.17281686268305,0.2752901691848306,0,6f4af32bb8997fa3f8d48d96.json,2026-10-09,净值漂移推算,1,,100.00000000000001,100.00000000000001,0.0
ttfund__QIDD6LN,中欧全球大宗商品,天天基金/投顾,正常运行,,2026-08-28,2026-10-09,最近完整官方调仓配置（模型权重）,official_rebalance_target,含非精确披露权重，未用推算权重替代,16,1,,"{""2026-06-30"": 99.99999999999999}",0,16.881475550077333,0.3466046195649348,0,267cb935416d884f62df6528.json,2026-10-08,净值漂移推算,1,,99.99999999999999,99.99999999999999,0.0
ttfund__6UI8WUL,中欧全球股票长投,天天基金/投顾,正常运行,on_sale_window,2026-07-06,2026-10-09,最近完整官方调仓配置（模型权重）,official_rebalance_target,含非精确披露权重，未用推算权重替代,20,1,,"{""2026-06-30"": 95.70236745425838}",0,36.702173979018546,1.9673488186376313,2,7e394454dcada44feda6e24c.json,2026-10-08,净值漂移推算,1,,95.70236745425838,95.70236745425838,4.297632545741609
ttfund__KMFKZGK,中欧固收佳,天天基金/投顾,正常运行,,2026-08-27,2026-10-09,最近完整官方调仓配置（模型权重）,official_rebalance_target,含非精确披露权重，未用推算权重替代,24,1,,"{""2026-06-30"": 100.0}",0,8.197268623228297,17.3662495337007,0,50a08e4a77f3bf5dbc2b2703.json,2026-10-09,净值漂移推算,1,,100.0,100.0,0.0
ttfund__GBPNYBY,中欧均衡偏债全明星,天天基金/投顾,正常运行,,2026-09-01,2026-10-09,最近完整官方调仓配置（模型权重）,official_rebalance_target,含非精确披露权重，未用推算权重替代,36,1,,"{""2026-06-30"": 100.00000000000001}",0,9.89390487734599,14.970767584713252,4,613add377e14ec575c6ced99.json,2026-10-08,净值漂移推算,1,,100.00000000000001,100.00000000000001,0.0
ttfund__HSABN0P,中欧均衡偏股全明星,天天基金/投顾,正常运行,,2026-08-07,2026-10-09,最近完整官方调仓配置（模型权重）,official_rebalance_target,含非精确披露权重，未用推算权重替代,16,1,,"{""2026-06-30"": 100.0}",0,51.386626813618655,6.748546265463368,0,bacb68e9d253da97ff6d42ea.json,2026-10-09,净值漂移推算,1,,100.0,100.0,0.0
ttfund__B6UNU1E,中欧多元全天候,天天基金/投顾,正常运行,on_sale_window,2026-08-28,2026-10-08,最近完整官方调仓配置（模型权重）,official_rebalance_target,含非精确披露权重，未用推算权重替代,38,1,,"{""2026-06-30"": 100.0}",0,9.889455930041773,15.001314021159848,4,666806d55d69c17f2dc48631.json,2026-10-08,净值漂移推算,1,,100.0,100.0,0.0
ttfund__L4QXGQ1,中欧多元稳健,天天基金/投顾,正常运行,,2026-08-28,2026-10-09,最近完整官方调仓配置（模型权重）,official_rebalance_target,含非精确披露权重，未用推算权重替代,27,1,,"{""2026-06-30"": 99.99999999999997}",0,4.524606746852702,24.79585481837303,2,a86f434ac6cce95ed2480f1c.json,2026-10-08,净值漂移推算,1,,99.99999999999997,99.99999999999997,0.0
ttfund__XQUM09A,中欧多元进取,天天基金/投顾,正常运行,,2026-10-08,2026-10-09,最近完整历史仓位,historical_exact,基金权重和99.9700%超出100%±0.02个百分点,38,1,,"{""2026-06-30"": 100.00000000000001}",0,12.055136841166451,13.580137409084777,4,37b57bc676dd70f9a14d9752.json,2026-10-08,最新源端模型配置占比,1,,100.00000000000001,100.00000000000001,0.0
ttfund__MYVG95V,中欧多元配置,天天基金/投顾,目标盈期次,认购期,2026-08-28,2026-10-09,最近完整官方调仓配置（模型权重）,official_rebalance_target,含非精确披露权重，未用推算权重替代,37,1,,"{""2026-06-30"": 99.99999999999999}",0,7.697042962370273,17.53361678001515,4,e8428f74f4fa50ffb819b2da.json,2026-10-08,净值漂移推算,1,,99.99999999999999,99.99999999999999,0.0
ttfund__FYOR0DY,中欧带你投AI科技,天天基金/投顾,正常运行,on_sale_window,2026-06-09,2026-10-09,最近完整官方调仓配置（模型权重）,official_rebalance_target,含非精确披露权重，未用推算权重替代,10,1,,"{""2026-06-30"": 100.0}",0,59.37532124127897,0.3589420812249404,0,c4b44697965599893e0daca6.json,2026-10-09,净值漂移推算,1,,100.0,100.0,0.0
ttfund__ZO0ZUHT,中欧带你投中国智造,天天基金/投顾,正常运行,,2026-07-08,2026-10-09,最近完整官方调仓配置（模型权重）,official_rebalance_target,含非精确披露权重，未用推算权重替代,13,1,,"{""2026-06-30"": 99.99999999999999}",0,61.655571992482066,0.47710316233732153,0,2681e4565e30ce957eea1199.json,2026-10-09,净值漂移推算,1,,99.99999999999999,99.99999999999999,0.0
ttfund__BYRTWBK,中欧带你投医疗健康,天天基金/投顾,正常运行,,2025-09-05,2026-10-09,最近完整官方调仓配置（模型权重）,official_rebalance_target,含非精确披露权重，未用推算权重替代,10,1,,"{""2026-06-30"": 99.99999999999999}",0,79.86488944165579,1.0818058257669236,0,b7d4e422113d28c24c2ca5c1.json,2026-10-09,净值漂移推算,1,,99.99999999999999,99.99999999999999,0.0
ttfund__KOPAYYD,中欧带你投国防军工,天天基金/投顾,正常运行,,2023-06-26,2026-10-09,最近完整官方调仓配置（模型权重）,official_rebalance_target,含非精确披露权重，未用推算权重替代,9,1,,"{""2026-06-30"": 100.0}",0,83.82276343403245,0.6105957812735571,0,c21af59149bfc2963813bd90.json,2026-10-09,净值漂移推算,1,,100.0,100.0,0.0
ttfund__AEBR89C,中欧带你投新消费,天天基金/投顾,正常运行,,2023-06-26,2026-10-09,最近完整官方调仓配置（模型权重）,official_rebalance_target,含非精确披露权重，未用推算权重替代,11,1,,"{""2026-06-30"": 100.00000000000003}",0,67.86154318613899,0.7184930059638424,0,4d6e035932fc903a3516b4b6.json,2026-10-09,净值漂移推算,1,,100.00000000000003,100.00000000000003,0.0
ttfund__O0QRRTT,中欧带你投硬科技,天天基金/投顾,正常运行,,2026-06-09,2026-10-09,最近完整官方调仓配置（模型权重）,official_rebalance_target,含非精确披露权重，未用推算权重替代,10,1,,"{""2026-06-30"": 100.0}",0,59.37532124127897,0.3589420812249404,0,134d2cace4c10bc99506c0ca.json,2026-10-09,净值漂移推算,1,,100.0,100.0,0.0
ttfund__AK5WWUX,中欧带你投碳中和,天天基金/投顾,正常运行,,2026-03-16,2026-10-09,最近完整官方调仓配置（模型权重）,official_rebalance_target,含非精确披露权重，未用推算权重替代,10,1,,"{""2026-06-30"": 100.0}",0,71.07160603017957,0.9537787490750056,0,fb66c2be46ce746c2731a76b.json,2026-10-09,净值漂移推算,1,,100.0,100.0,0.0
ttfund__CBKGHPA,中欧带你投红利,天天基金/投顾,正常运行,,2026-10-09,2026-10-09,最新库内披露仓位,latest_observed_current,,12,1,,"{""2026-06-30"": 100.0}",0,48.335775504666906,0.7275535461294763,0,ed031e251c9db2bffdb758a1.json,2026-10-09,源端最新仓位占比,1,,100.0,100.0,0.0
ttfund__XIKF7MH,中欧年年乐偏债进取,天天基金/投顾,正常运行,,2026-07-22,2026-10-09,最近完整官方调仓配置（模型权重）,official_rebalance_target,含非精确披露权重，未用推算权重替代,27,1,,"{""2026-06-30"": 100.00000000000001}",0,14.857957369034878,13.01433089678666,0,b6974e5321499deed6126a84.json,2026-10-09,净值漂移推算,1,,100.00000000000001,100.00000000000001,0.0
ttfund__ZKFN9NQ,中欧指数先锋,天天基金/投顾,正常运行,on_sale_window,2026-08-28,2026-10-09,最近完整官方调仓配置（模型权重）,official_rebalance_target,含非精确披露权重，未用推算权重替代,31,1,,"{""2026-06-30"": 100.0}",0,41.031695500459364,0.6477605711941357,3,66fc3718d47fe1f1c2ce1a9a.json,2026-10-08,净值漂移推算,1,,100.0,100.0,0.0
ttfund__0TVRDQ5,中欧月月领（测试）,天天基金/投顾,测试组合剔除,on_sale_window,2026-10-09,2026-10-09,最新库内披露仓位,latest_observed_current,含非精确披露权重，未用推算权重替代；测试组合，仅显示状态,26,0,含非精确披露权重，未用推算权重替代；测试组合，仅显示状态,{},0,,,0,5d7885010edbe970775340b4.json,,缺少可用基金配置,0,缺少完整配置,,,
ttfund__BPLKTVE,中欧步步红,天天基金/投顾,正常运行,,2026-08-27,2026-10-09,最近完整官方调仓配置（模型权重）,official_rebalance_target,含非精确披露权重，未用推算权重替代,24,1,,"{""2026-06-30"": 100.0}",0,5.818120029382588,17.553957895492974,0,cfc125f571f211cce060d2ff.json,2026-10-09,净值漂移推算,1,,100.0,100.0,0.0
ttfund__6RFAWSR,中欧潜力全明星,天天基金/投顾,正常运行,on_sale_window,2026-09-18,2026-10-09,最近完整官方调仓配置（模型权重）,official_rebalance_target,含非精确披露权重，未用推算权重替代,20,1,,"{""2026-06-30"": 99.99999999999999}",0,69.10567105103905,0.995681460232678,0,371282457eaf6014f582ae97.json,2026-10-09,净值漂移推算,1,,99.99999999999999,99.99999999999999,0.0
ttfund__WWUBK0N,中欧现金增强,天天基金/投顾,正常运行,,2026-04-15,2026-10-09,最近完整官方调仓配置（模型权重）,official_rebalance_target,含非精确披露权重，未用推算权重替代,13,1,,"{""2026-06-30"": 99.99999999999999}",0,0.0,12.746746869202436,0,4db8aa8ff45b4f0babf2047b.json,2026-10-09,净值漂移推算,1,,99.99999999999999,99.99999999999999,0.0
ttfund__0ASIQZC,中欧现金增强（测试）,天天基金/投顾,测试组合剔除,on_sale_window,2026-10-09,2026-10-09,最新库内披露仓位,latest_observed_current,含非精确披露权重，未用推算权重替代；测试组合，仅显示状态,7,0,含非精确披露权重，未用推算权重替代；测试组合，仅显示状态,{},0,,,0,1a40b2091900ffc22900e234.json,,缺少可用基金配置,0,缺少完整配置,,,
ttfund__KQ8QUZL,中欧现金增强（超级版）,天天基金/投顾,正常运行,,2026-04-15,2026-10-09,最近完整官方调仓配置（模型权重）,official_rebalance_target,含非精确披露权重，未用推算权重替代,38,1,,"{""2026-06-30"": 100.0}",0,0.0,13.936827952217865,0,b14bbab2f424cce18ec9d0f2.json,2026-10-09,净值漂移推算,1,,100.0,100.0,0.0
ttfund__PY181LI,中欧理财+2号,天天基金/投顾,正常运行,,2026-08-27,2026-10-09,最近完整官方调仓配置（模型权重）,official_rebalance_target,含非精确披露权重，未用推算权重替代,24,1,,"{""2026-06-30"": 100.0}",0,8.197268623228297,17.3662495337007,0,4abc0ad8c0cb09d9ffeffc51.json,2026-10-09,净值漂移推算,1,,100.0,100.0,0.0
ttfund__BIZZDMM,中欧私享多元均衡,天天基金/投顾,正常运行,,2026-10-08,2026-10-09,最近完整历史仓位,historical_exact,基金权重和100.0400%超出100%±0.02个百分点,37,1,,"{""2026-06-30"": 100.00000000000001}",0,11.239525368665317,13.164270513115513,4,16416cae2386f08907bc41a4.json,2026-10-08,最新源端模型配置占比,1,,100.00000000000001,100.00000000000001,0.0
ttfund__YY75W8Z,中欧稳健全天候-目标盈,天天基金/投顾,已停止目标盈期次,已停止,2024-07-29,,最近完整官方调仓配置（模型权重）,official_rebalance_target,缺少当前基金仓位,31,1,,"{""2026-06-30"": 99.99999999999996}",0,4.515995029707455,16.131523598068988,1,009c7526dcae427d82ec6339.json,2026-10-08,净值漂移推算,1,,99.99999999999996,99.99999999999996,0.0
ttfund__PMOLYQ1,中欧稳健悦享,天天基金/投顾,正常运行,,2026-03-19,2026-10-08,最近完整官方调仓配置（模型权重）,official_rebalance_target,含非精确披露权重，未用推算权重替代,28,1,,"{""2026-06-30"": 99.99999999999997}",0,10.982773225049232,16.180243187299496,0,7b3c56cd98f0668e01e15c81.json,2026-03-19,披露配置（最新权重不可推算）,0,已有更新调仓记录但未通过完整配置核验，不能跨越该事件推算,99.99999999999997,99.99999999999997,0.0
ttfund__S0NP7OG,中欧稳钱宝,天天基金/投顾,正常运行,,2025-03-04,2026-10-09,最近完整官方调仓配置（模型权重）,official_rebalance_target,含非精确披露权重，未用推算权重替代,8,1,,"{""2026-06-30"": 100.0}",0,0.0,10.86193587736388,0,94808de62fb50b7e8c8f8468.json,2025-03-04,披露配置（最新权重不可推算）,0,已有更新调仓记录但未通过完整配置核验，不能跨越该事件推算,100.0,100.0,0.0
ttfund__728DILV,中欧经典股债全明星,天天基金/投顾,正常运行,,2026-08-07,2026-10-09,最近完整官方调仓配置（模型权重）,official_rebalance_target,含非精确披露权重，未用推算权重替代,17,1,,"{""2026-06-30"": 100.00000000000001}",0,31.30158790019237,9.663992655658125,0,9f720e4827ec6545f5b0c63d.json,2026-10-09,净值漂移推算,1,,100.00000000000001,100.00000000000001,0.0
ttfund__TYCZGPE,中欧股债黄金比例,天天基金/投顾,正常运行,,2025-11-14,2026-10-09,最近完整官方调仓配置（模型权重）,official_rebalance_target,含非精确披露权重，未用推算权重替代,18,1,,"{""2026-06-30"": 99.99999999999999}",0,40.92366542160936,9.391779349919094,0,9084f7e416be27a3d83b28e3.json,2026-10-08,净值漂移推算,1,,99.99999999999999,99.99999999999999,0.0
ttfund__LF94Q2M,中欧薪动月月投,天天基金/投顾,信号类组合,on_sale_window,2026-10-09,2026-10-09,最新库内披露仓位,latest_observed_current,基金权重缺失或无效；含非精确披露权重，未用推算权重替代；信号组合，未按真实基金配置穿透,21,0,基金权重缺失或无效；含非精确披露权重，未用推算权重替代；信号组合，未按真实基金配置穿透,{},0,,,0,c3886122261954453cb9d9b7.json,,缺少可用基金配置,0,缺少完整配置,,,
ttfund__J5HYOPT,中欧财富+3号,天天基金/投顾,正常运行,,2026-09-18,2026-10-09,最近完整官方调仓配置（模型权重）,official_rebalance_target,含非精确披露权重，未用推算权重替代,21,1,,"{""2026-06-30"": 99.99999999999999}",0,67.93443429901426,1.0982309599687388,0,029f70cf8be439aeeac0970b.json,2026-10-09,净值漂移推算,1,,99.99999999999999,99.99999999999999,0.0
ttfund__JQNQMI3,中欧超级股票全明星,天天基金/投顾,正常运行,on_sale_window,2026-09-18,2026-10-09,最近完整官方调仓配置（模型权重）,official_rebalance_target,含非精确披露权重，未用推算权重替代,21,1,,"{""2026-06-30"": 99.99999999999999}",0,67.93443429901426,1.0982309599687388,0,ae9514dc0279f3ec31f46a90.json,2026-10-09,净值漂移推算,1,,99.99999999999999,99.99999999999999,0.0
ttfund__XITZCHM,中欧闲钱宝,天天基金/投顾,正常运行,,2026-08-27,2026-10-09,最近完整官方调仓配置（模型权重）,official_rebalance_target,含非精确披露权重，未用推算权重替代,19,1,,"{""2026-06-30"": 99.99999999999999}",0,3.7035915403849877,16.56503751030534,0,871faa4e449e014863141c5a.json,2026-10-09,净值漂移推算,1,,99.99999999999999,99.99999999999999,0.0
ttfund__PVPPM0T,中证500精选,天天基金/投顾,正常运行,,2026-01-23,2026-10-09,最近完整官方调仓配置（模型权重）,official_rebalance_target,含非精确披露权重，未用推算权重替代,8,1,,"{""2026-06-30"": 100.0}",0,31.13622952282386,1.4045282660083156,0,f46accda24a304b3986bfe0f.json,2026-10-09,净值漂移推算,1,,100.0,100.0,0.0
ttfund__4CCAB0D,主动出击,天天基金/投顾,正常运行,,2026-04-21,2026-10-09,最近完整官方调仓配置（模型权重）,official_rebalance_target,含非精确披露权重，未用推算权重替代,12,1,,"{""2026-06-30"": 100.0}",0,26.86165397449082,2.392255565889169,0,9bd7c596246fdc18d2f85ed3.json,2026-10-09,净值漂移推算,1,,100.0,100.0,0.0
ttfund__USHPX9K,久聪债券,天天基金/投顾,正常运行,,2026-07-30,2026-10-09,最近完整官方调仓配置（模型权重）,official_rebalance_target,含非精确披露权重，未用推算权重替代,11,1,,"{""2026-06-30"": 99.99999999999999}",0,0.0,16.428285180527098,0,55add9ee7d1560effb95c9c5.json,2026-10-09,净值漂移推算,1,,99.99999999999999,99.99999999999999,0.0
ttfund__NXMABHK,久聪固收Plus,天天基金/投顾,正常运行,,2026-07-30,2026-10-09,最近完整官方调仓配置（模型权重）,official_rebalance_target,含非精确披露权重，未用推算权重替代,13,1,,"{""2026-06-30"": 100.0}",0,0.10201266645111177,15.35007621311541,0,227e79b878889b3a636ffddf.json,2026-10-09,净值漂移推算,1,,100.0,100.0,0.0
ttfund__5BZIBKD,久聪基金经理优选,天天基金/投顾,正常运行,,2026-07-30,2026-10-09,最近完整官方调仓配置（模型权重）,official_rebalance_target,含非精确披露权重，未用推算权重替代,11,1,,"{""2026-06-30"": 100.0}",0,64.06451350585387,1.3128582137183527,0,2edd8185d08852a60dd632d2.json,2026-10-09,净值漂移推算,1,,100.0,100.0,0.0
ttfund__S9DIBJH,久聪指数增强,天天基金/投顾,正常运行,,2026-07-30,2026-10-09,最近完整官方调仓配置（模型权重）,official_rebalance_target,含非精确披露权重，未用推算权重替代,13,1,,"{""2026-06-30"": 100.0}",0,16.620016008878512,2.2332747007895026,0,ccfd749307d906bf62dc1113.json,2026-10-09,净值漂移推算,1,,100.0,100.0,0.0
ttfund__1DWSBSB,九维狐固收,天天基金/投顾,正常运行,,2022-03-30,2026-10-09,最近完整官方调仓配置（模型权重）,official_rebalance_target,含非精确披露权重，未用推算权重替代,7,1,,"{""2026-06-30"": 100.0}",0,2.0573242962914673,25.057921620948655,0,fd0210fc6694fc4501e7efb1.json,2026-10-09,净值漂移推算,1,,100.0,100.0,0.0
ttfund__E8SR1SX,九维狐权益,天天基金/投顾,正常运行,,2025-08-07,2026-10-09,最近完整官方调仓配置（模型权重）,official_rebalance_target,含非精确披露权重，未用推算权重替代,7,1,,"{""2026-06-30"": 100.00000000000001}",0,20.758879613645643,1.3559411306063591,1,d03ac206ff0b73f1da35ebab.json,2026-10-08,净值漂移推算,1,,100.00000000000001,100.00000000000001,0.0
ttfund__E9Q0IHD,交银低波股债指数（直销）,天天基金/投顾,正常运行,,2026-10-08,2026-10-08,最新库内披露仓位,latest_observed_current,,12,1,,"{""2026-06-30"": 99.99999999999997}",0,2.8119146252602842,47.669810952475245,0,9ffe969642189381e0fe4f99.json,2026-10-09,净值漂移推算,1,,99.99999999999997,99.99999999999997,0.0
ttfund__LGFRIEL,交银债基债利,天天基金/投顾,正常运行,,2026-04-02,2026-10-09,最近完整官方调仓配置（模型权重）,official_rebalance_target,含非精确披露权重，未用推算权重替代,7,1,,"{""2026-06-30"": 100.00000000000003}",0,0.0,18.86825320238081,0,241e4b3233b4c65b004610e2.json,2026-10-09,净值漂移推算,1,,100.00000000000003,100.00000000000003,0.0
ttfund__ZXFOWWD,交银债基债利（直销）,天天基金/投顾,正常运行,,2026-04-02,2026-10-09,最近完整官方调仓配置（模型权重）,official_rebalance_target,含非精确披露权重，未用推算权重替代,7,1,,"{""2026-06-30"": 100.00000000000003}",0,0.0,18.86825320238081,0,25fd695c9a55c4bc5c853e6b.json,2026-10-09,净值漂移推算,1,,100.00000000000003,100.00000000000003,0.0
ttfund__HCIO86O,交银全明星,天天基金/投顾,正常运行,on_sale_window,2026-08-04,2026-10-09,最近完整官方调仓配置（模型权重）,official_rebalance_target,含非精确披露权重，未用推算权重替代,14,1,,"{""2026-06-30"": 100.00000000000001}",0,67.991033196533,2.7311088129818666,0,b4fd000c0f51fd1dfc27e2c5.json,2026-10-09,净值漂移推算,1,,100.00000000000001,100.00000000000001,0.0
ttfund__LGB93LO,交银全明星双周投,天天基金/投顾,官方业绩未披露,,,,最新库内披露仓位,latest_observed_current,缺少当前基金仓位,0,0,缺少当前基金仓位,{},0,,,0,aecc679a9ed6d0b7ceb61fb0.json,,缺少可用基金配置,0,缺少完整配置,,,
ttfund__Y2PSDFA,交银全明星双周投（直销）,天天基金/投顾,正常运行,,2026-08-04,2026-10-09,最近完整官方调仓配置（模型权重）,official_rebalance_target,含非精确披露权重，未用推算权重替代,14,1,,"{""2026-06-30"": 100.00000000000001}",0,67.991033196533,2.7311088129818666,0,0589ed9c0eba51d070d18605.json,2026-10-09,净值漂移推算,1,,100.00000000000001,100.00000000000001,0.0
ttfund__CN0Z9DV,交银全明星（直销）,天天基金/投顾,正常运行,,2026-08-04,2026-10-09,最近完整官方调仓配置（模型权重）,official_rebalance_target,含非精确披露权重，未用推算权重替代,14,1,,"{""2026-06-30"": 100.00000000000001}",0,67.991033196533,2.7311088129818666,0,3100d573f63c0730f70e7fde.json,2026-10-09,净值漂移推算,1,,100.00000000000001,100.00000000000001,0.0
ttfund__Q4RE9LT,交银全球配置,天天基金/投顾,正常运行,,2026-08-11,2026-10-09,最近完整官方调仓配置（模型权重）,official_rebalance_target,含非精确披露权重，未用推算权重替代,14,1,,"{""2026-06-30"": 100.00000000000001}",0,11.71438254539154,27.200205818322566,1,0e2c324af850af5fbbca9ef5.json,2026-10-08,净值漂移推算,1,,100.00000000000001,100.00000000000001,0.0
ttfund__MMEM5BO,交银全球配置（直销）,天天基金/投顾,正常运行,,2026-08-11,2026-10-09,最近完整官方调仓配置（模型权重）,official_rebalance_target,含非精确披露权重，未用推算权重替代,14,1,,"{""2026-06-30"": 100.00000000000001}",0,11.71438254539154,27.200205818322566,1,1046e8686e1656343eccb1d7.json,2026-10-08,净值漂移推算,1,,100.00000000000001,100.00000000000001,0.0
ttfund__7P08UFE,交银多元资产优选,天天基金/投顾,正常运行,,2026-09-03,2026-10-08,最近完整官方调仓配置（模型权重）,official_rebalance_target,含非精确披露权重，未用推算权重替代,12,1,,"{""2026-06-30"": 100.0}",0,14.240768773169336,38.05476659209465,0,2a0e964bdbca82f5519cd503.json,2026-10-08,净值漂移推算,1,,100.0,100.0,0.0
ttfund__IRQKYJO,交银多元资产优选（直销）,天天基金/投顾,正常运行,,2026-09-03,2026-10-09,最近完整官方调仓配置（模型权重）,official_rebalance_target,含非精确披露权重，未用推算权重替代,12,1,,"{""2026-06-30"": 100.0}",0,14.240768773169336,38.05476659209465,0,919172275f8f74934811c052.json,2026-10-08,净值漂移推算,1,,100.0,100.0,0.0
ttfund__8EHTYYY,交银指数星球,天天基金/投顾,正常运行,on_sale_window,2026-10-09,2026-10-09,最新库内披露仓位,latest_observed_current,,14,1,,"{""2026-06-30"": 100.02000000000001}",0,49.6352210841156,0.9356241119797053,0,484f9ff1440666a1cfd44549.json,2026-10-09,源端最新仓位占比,1,,100.02000000000001,100.02000000000001,0.0
ttfund__6LCCEBJ,交银指数星球（直销）,天天基金/投顾,正常运行,,2026-10-09,2026-10-09,最新库内披露仓位,latest_observed_current,,14,1,,"{""2026-06-30"": 100.02000000000001}",0,49.6352210841156,0.9356241119797053,0,26092c98e2f0bee1090f9fa6.json,2026-10-09,源端最新仓位占比,1,,100.02000000000001,100.02000000000001,0.0
ttfund__YK6MXL4,交银活钱加,天天基金/投顾,正常运行,,2026-04-02,2026-10-08,最近完整官方调仓配置（模型权重）,official_rebalance_target,含非精确披露权重，未用推算权重替代,9,1,,"{""2026-06-30"": 100.0}",0,0.0,11.986855322160705,0,1fd384fabe6568460048e47a.json,2026-10-09,净值漂移推算,1,,100.0,100.0,0.0
ttfund__OC0HGPN,交银活钱加（直销）,天天基金/投顾,正常运行,,2026-04-17,2026-10-09,最近完整官方调仓配置（模型权重）,official_rebalance_target,含非精确披露权重，未用推算权重替代,9,1,,"{""2026-06-30"": 99.99999999999999}",0,0.0,11.987074011858802,0,2cc2b1a3040c8feeeb6b703e.json,2026-10-09,净值漂移推算,1,,99.99999999999999,99.99999999999999,0.0
ttfund__Z1PQJOC,交银活钱加（超级版）,天天基金/投顾,正常运行,,2025-05-07,2026-10-09,最近完整官方调仓配置（模型权重）,official_rebalance_target,含非精确披露权重，未用推算权重替代,34,1,,"{""2026-06-30"": 100.0}",0,0.0,15.196397613677552,0,b7ca8aaba2d9bb8558990cd2.json,2025-05-07,披露配置（最新权重不可推算）,0,已有更新调仓记录但未通过完整配置核验，不能跨越该事件推算,100.0,100.0,0.0
ttfund__OEEES49,交银理财加,天天基金/投顾,正常运行,,2025-07-02,2026-10-09,最近完整官方调仓配置（模型权重）,official_rebalance_target,含非精确披露权重，未用推算权重替代,7,1,,"{""2026-06-30"": 100.0}",0,0.0,14.074020897681766,0,1bc9b81a7238ac8724515677.json,2025-07-02,披露配置（最新权重不可推算）,0,已有更新调仓记录但未通过完整配置核验，不能跨越该事件推算,100.0,100.0,0.0
ttfund__CP6DNTL,交银理财加（直销）,天天基金/投顾,正常运行,,2025-07-02,2026-10-09,最近完整官方调仓配置（模型权重）,official_rebalance_target,含非精确披露权重，未用推算权重替代,7,1,,"{""2026-06-30"": 100.0}",0,0.0,14.074020897681766,0,aabfd9de78647ee5c2ec03a8.json,2025-07-02,披露配置（最新权重不可推算）,0,已有更新调仓记录但未通过完整配置核验，不能跨越该事件推算,100.0,100.0,0.0
ttfund__VPNHKDU,交银目标盈Pro,天天基金/投顾,目标盈期次,认购期,2026-02-03,2026-10-09,最近完整官方调仓配置（模型权重）,official_rebalance_target,含非精确披露权重，未用推算权重替代,16,1,,"{""2026-06-30"": 99.99999999999997}",0,9.787900208775122,12.568871705677589,1,83e968be28266639b935a599.json,2026-02-03,披露配置（最新权重不可推算）,0,已有更新调仓记录但未通过完整配置核验，不能跨越该事件推算,99.99999999999997,99.99999999999997,0.0
ttfund__BPJH4HM,交银目标盈Pro第1期,天天基金/投顾,已停止目标盈期次,已停止,2024-04-02,,最近完整官方调仓配置（模型权重）,official_rebalance_target,缺少当前基金仓位,21,1,,"{""2026-06-30"": 100.0}",0,14.08629231264109,11.307221342968063,0,10cbe282a42c1ad0f6ddaceb.json,2026-10-09,净值漂移推算,1,,100.0,100.0,0.0
ttfund__X5QZA87,交银目标盈Pro第2期,天天基金/投顾,已停止目标盈期次,已停止,2024-07-04,,最近完整官方调仓配置（模型权重）,official_rebalance_target,缺少当前基金仓位,20,1,,"{""2026-06-30"": 100.00000000000004}",0,10.779984362455508,12.37787054850569,0,f47dfd7db73dd4c5629cb552.json,2024-07-04,披露配置（最新权重不可推算）,0,已有更新调仓记录但未通过完整配置核验，不能跨越该事件推算,100.00000000000004,100.00000000000004,0.0
ttfund__MLLU2K2,交银赢定投,天天基金/投顾,正常运行,on_sale_window,2026-06-02,2026-10-09,最近完整官方调仓配置（模型权重）,official_rebalance_target,含非精确披露权重，未用推算权重替代,17,1,,"{""2026-06-30"": 100.00000000000003}",0,46.78396732565159,16.004243124519707,0,2951366449f57efbe6a6d4b9.json,2026-10-09,净值漂移推算,1,,100.00000000000003,100.00000000000003,0.0
ttfund__GDNV7W7,交银赢定投（直销）,天天基金/投顾,正常运行,,2025-10-15,2026-10-09,最近完整官方调仓配置（模型权重）,official_rebalance_target,含非精确披露权重，未用推算权重替代,17,1,,"{""2026-06-30"": 100.00000000000001}",0,40.46198361343719,16.975557691799548,0,6f3ddf207036df2dc5d4f1d6.json,2025-10-15,披露配置（最新权重不可推算）,0,已有更新调仓记录但未通过完整配置核验，不能跨越该事件推算,100.00000000000001,100.00000000000001,0.0
ttfund__FPNNVA1,交银黄金加,天天基金/投顾,正常运行,,2026-10-09,2026-10-09,最新库内披露仓位,latest_observed_current,,7,1,,"{""2026-06-30"": 100.00999999999999}",0,0.0,0.7500728526048435,0,7801b5ce3cac64df9da8544b.json,2026-10-09,源端最新仓位占比,1,,100.00999999999999,100.00999999999999,0.0
ttfund__MZIF90G,交银黄金加（直销）,天天基金/投顾,正常运行,,2026-09-03,2026-10-08,最近完整官方调仓配置（模型权重）,official_rebalance_target,含非精确披露权重，未用推算权重替代,7,1,,"{""2026-06-30"": 100.0}",0,0.0,0.7563766070431521,0,0167910dd5a2d3970e36f261.json,2026-10-09,净值漂移推算,1,,100.0,100.0,0.0
ttfund__UHXS9XD,享红利,天天基金/投顾,正常运行,on_sale_window,2026-10-09,2026-10-09,最新库内披露仓位,latest_observed_current,,21,0,"资产或持仓源值需核实：仓位和或精确性异常：ttfund__UHXS9XD, sum=99.97999999999999",{},0,,,0,28805922ba25e42716b0218f.json,2026-10-09,源端最新仓位占比,0,源端占比直接使用；净值滚动未执行：缺少基准日之后净值：011583,,,
ttfund__XPB10ZJ,享红利,天天基金/投顾,正常运行,,2026-10-09,2026-10-09,最新库内披露仓位,latest_observed_current,,21,1,,"{""2026-06-30"": 99.99}",0,35.865619352190286,6.359659813987208,1,8ceee35fc61c14123ea3127f.json,2026-10-09,源端最新仓位占比,1,源端占比直接使用；净值滚动未执行：缺少基准日之后净值：011583,99.99,99.99,0.0
ttfund__EFL0NZ3,价值投基V,天天基金/投顾,正常运行,on_sale_window,2026-07-27,2026-10-09,最近完整官方调仓配置（模型权重）,official_rebalance_target,含非精确披露权重，未用推算权重替代,10,1,,"{""2026-06-30"": 100.00000000000001}",0,30.049681320627702,0.6626518860650161,0,5770cd70f7622e3c33c56720.json,2026-10-08,净值漂移推算,1,,100.00000000000001,100.00000000000001,0.0
ttfund__YZ9E10P,价投储蓄罐,天天基金/投顾,正常运行,,2025-07-14,2026-10-09,最近完整官方调仓配置（模型权重）,official_rebalance_target,含非精确披露权重，未用推算权重替代,16,1,,"{""2026-06-30"": 100.0}",0,51.0336835607409,2.2551022603404487,0,4767626bf39018db1d7a83b2.json,2026-10-08,净值漂移推算,1,,100.0,100.0,0.0
ttfund__ZYS7M8J,价投未来,天天基金/投顾,正常运行,,2025-03-10,2026-10-09,最近完整官方调仓配置（模型权重）,official_rebalance_target,含非精确披露权重，未用推算权重替代,16,1,,"{""2026-06-30"": 100.0}",0,49.13171639414408,3.926671129858807,0,1daa891b7bf9353373067b78.json,2025-03-10,披露配置（最新权重不可推算）,0,已有更新调仓记录但未通过完整配置核验，不能跨越该事件推算,100.0,100.0,0.0
ttfund__IVKPAEH,低波小如意第1期,天天基金/投顾,已停止目标盈期次,计划运作期已结束,2024-10-16,2026-10-09,最近完整官方调仓配置（模型权重）,official_rebalance_target,含非精确披露权重，未用推算权重替代,21,1,,"{""2026-06-30"": 100.0}",0,4.838688520588889,15.567948177848635,0,d8815c9bf1c7db2909c9ee2c.json,2024-10-16,披露配置（最新权重不可推算）,0,已有更新调仓记录但未通过完整配置核验，不能跨越该事件推算,100.0,100.0,0.0
ttfund__DYJZKWD,信鸽优势精选组合2号,天天基金/投顾,正常运行,,2026-10-09,2026-10-09,最新库内披露仓位,latest_observed_current,,16,1,,"{""2026-06-30"": 100.00000000000001}",0,74.42265005207527,0.4418752537088896,0,393da966570d07fb9d6a7728.json,2026-10-09,源端最新仓位占比,1,,100.00000000000001,100.00000000000001,0.0
ttfund__KNXMY00,债基优等生,天天基金/投顾,正常运行,,2026-10-09,2026-10-09,最新库内披露仓位,latest_observed_current,,14,1,,"{""2026-06-30"": 99.99000000000001}",0,0.0,19.080575069704025,0,2e7b950e71215a5e180a763d.json,2026-10-09,源端最新仓位占比,1,,99.99000000000001,99.99000000000001,0.0
ttfund__QYTBEAD,全A增强,天天基金/投顾,正常运行,on_sale_window,2026-08-11,2026-10-09,最近完整官方调仓配置（模型权重）,official_rebalance_target,含非精确披露权重，未用推算权重替代,15,1,,"{""2026-06-30"": 100.00000000000001}",0,67.69221565183258,0.5284864141841817,0,fe84f0c84d8767aef210e9aa.json,2026-10-09,净值漂移推算,1,,100.00000000000001,100.00000000000001,0.0
ttfund__NMWUEUX,全天候-永久投资策略,天天基金/投顾,正常运行,on_sale_window,2026-03-25,2026-10-09,最近完整官方调仓配置（模型权重）,official_rebalance_target,含非精确披露权重，未用推算权重替代,13,1,,"{""2026-06-30"": 99.99999999999999}",0,1.395202318973983,7.829786232939994,0,f161127ce917381be9cf66b3.json,2026-03-25,披露配置（最新权重不可推算）,0,已有更新调仓记录但未通过完整配置核验，不能跨越该事件推算,99.99999999999999,99.99999999999999,0.0
ttfund__QEP4QP4,全球优势产业,天天基金/投顾,正常运行,,2024-03-12,2026-10-08,最近完整官方调仓配置（模型权重）,official_rebalance_target,含非精确披露权重，未用推算权重替代,13,1,,"{""2026-06-30"": 100.0}",0,15.371275419347029,0.41877868599447804,1,ba325107a09190d7a734c0de.json,2026-10-08,净值漂移推算,1,,100.0,100.0,0.0
ttfund__UYX8HQC,全球债券通,天天基金/投顾,正常运行,on_sale_window,2026-09-29,2026-10-09,最近完整官方调仓配置（模型权重）,official_rebalance_target,含非精确披露权重，未用推算权重替代,27,1,,"{""2026-06-30"": 99.99999999999997}",0,2.2943580264862873,19.958215483246263,2,220e39fd5bce28aa1941e85c.json,2026-10-08,净值漂移推算,1,,99.99999999999997,99.99999999999997,0.0
ttfund__9UJLNUA,全球固收+,天天基金/投顾,正常运行,on_sale_window,2026-08-06,2026-10-09,最近完整官方调仓配置（模型权重）,official_rebalance_target,含非精确披露权重，未用推算权重替代,39,1,,"{""2026-06-30"": 100.00000000000001}",0,12.6946365555989,14.560738386323642,2,3854a3126b5701cdca154d2b.json,2026-10-08,净值漂移推算,1,,100.00000000000001,100.00000000000001,0.0
ttfund__GPARA2O,全球多元均衡,天天基金/投顾,正常运行,on_sale_window,2026-10-08,2026-10-09,最近完整历史仓位,historical_exact,基金权重和99.9700%超出100%±0.02个百分点,26,1,,"{""2026-06-30"": 93.77}",0,5.476988227990476,7.706062913362837,1,c5c10e809122ba34d3d88305.json,2026-10-08,最新源端模型配置占比,1,,93.77,93.77,6.22
ttfund__PJSIHVC,全球多元均衡,天天基金/投顾,正常运行,,2026-10-08,2026-10-09,最近完整历史仓位,historical_exact,基金权重和99.9700%超出100%±0.02个百分点,26,1,,"{""2026-06-30"": 93.77}",0,5.476988227990476,7.616068345203248,1,1fa7976a70999c532e714198.json,2026-10-08,最新源端模型配置占比,1,,93.77,93.77,6.22
ttfund__3EZFMT7,全球多资产,天天基金/投顾,正常运行,on_sale_window,2026-07-13,2026-10-09,最近完整官方调仓配置（模型权重）,official_rebalance_target,含非精确披露权重，未用推算权重替代,38,1,,"{""2026-06-30"": 100.00000000000003}",0,25.551612644502857,5.327188310066091,4,bc261cf19adb688f64061a24.json,2026-10-08,净值漂移推算,1,,100.00000000000003,100.00000000000003,0.0
ttfund__4URFCUG,全球汉堡,天天基金/投顾,当前基金权重未完整披露,on_sale_window,2025-12-17,2026-10-09,最近完整官方调仓配置（模型权重）,official_rebalance_target,含非精确披露权重，未用推算权重替代；基金权重和1.0000%超出100%±0.02个百分点,17,1,,"{""2026-06-30"": 99.99999999999999}",0,1.5379668378655305,7.5121230179946314,0,db6ddec997aa74b82e20f7fa.json,2025-12-17,披露配置（最新权重不可推算）,0,已有更新调仓记录但未通过完整配置核验，不能跨越该事件推算,99.99999999999999,99.99999999999999,0.0
ttfund__JSSURNT,全球精选,天天基金/投顾,正常运行,on_sale_window,2026-01-07,2026-10-09,最近完整官方调仓配置（模型权重）,official_rebalance_target,含非精确披露权重，未用推算权重替代,40,1,,"{""2026-06-30"": 100.0}",0,26.84561489200401,1.4699025377244244,9,7ed321b536ad1983eea505ed.json,2026-01-07,披露配置（最新权重不可推算）,0,已有更新调仓记录但未通过完整配置核验，不能跨越该事件推算,100.0,100.0,0.0
ttfund__EXIG5UK,全球配置三动力,天天基金/投顾,正常运行,,2026-10-09,2026-10-09,最新库内披露仓位,latest_observed_current,,25,1,,"{""2026-06-30"": 99.97999999999999}",0,34.39358850778591,0.1937799649235252,2,8dff7fdc22456f4870776ed9.json,2026-10-09,源端最新仓位占比,1,"源端占比直接使用；净值滚动未执行：缺少基准日之后净值：017653,000043,270023,018147,018966,017894,016701",99.97999999999999,99.97999999999999,0.0
ttfund__QCNMARK,兴全优享步步高,天天基金/投顾,目标盈期次,认购期,2026-05-29,2026-10-09,最近完整官方调仓配置（模型权重）,official_rebalance_target,含非精确披露权重，未用推算权重替代,20,1,,"{""2026-06-30"": 100.00000000000003}",0,15.98973443450381,23.223887986689032,0,f66cdc723e365cfd60c79a61.json,2026-10-09,净值漂移推算,1,,100.00000000000003,100.00000000000003,0.0
ttfund__BQOIQWC,兴全低波动小幸福,天天基金/投顾,正常运行,,2026-06-05,2026-10-09,最近完整官方调仓配置（模型权重）,official_rebalance_target,含非精确披露权重，未用推算权重替代,19,1,,"{""2026-06-30"": 99.99999999999999}",0,9.047056764034107,25.917048842380723,0,6130c296eb37493e06ee8ad0.json,2026-10-09,净值漂移推算,1,,99.99999999999999,99.99999999999999,0.0
ttfund__ONW1BWO,兴全多元收益,天天基金/投顾,正常运行,,2026-10-09,2026-10-09,最新库内披露仓位,latest_observed_current,含非精确披露权重，未用推算权重替代,16,0,含非精确披露权重，未用推算权重替代,{},0,,,0,d11c6e127e033016d3e55429.json,,缺少可用基金配置,0,缺少完整配置,,,
ttfund__OENN9UW,兴全求稳步步高,天天基金/投顾,目标盈期次,认购期,2025-11-18,2026-10-09,最近完整官方调仓配置（模型权重）,official_rebalance_target,含非精确披露权重，未用推算权重替代,19,1,,"{""2026-06-30"": 100.00000000000001}",0,9.80622621981802,22.85047006714159,0,443ea3ce5a91be3972dea66b.json,2025-11-18,披露配置（最新权重不可推算）,0,已有更新调仓记录但未通过完整配置核验，不能跨越该事件推算,100.00000000000001,100.00000000000001,0.0
ttfund__LELNJPP,兴全货币佳（超级版）,天天基金/投顾,正常运行,,2026-08-28,2026-10-08,最近完整官方调仓配置（模型权重）,official_rebalance_target,含非精确披露权重，未用推算权重替代,37,1,,"{""2026-06-30"": 100.00000000000003}",0,0.0,16.126113154211705,0,de647fe2ba8760cbbc562448.json,2026-10-09,净值漂移推算,1,,100.00000000000003,100.00000000000003,0.0
ttfund__CBJSOMR,兴全进取派优选,天天基金/投顾,正常运行,on_sale_window,2026-08-26,2026-10-09,最近完整官方调仓配置（模型权重）,official_rebalance_target,含非精确披露权重，未用推算权重替代,17,1,,"{""2026-06-30"": 100.0}",0,69.34287588801315,1.5728257149010259,0,2925523251aa6fa1b36be426.json,2026-10-09,净值漂移推算,1,,100.0,100.0,0.0
ttfund__NABKOWO,兴证全球优享步步高01期,天天基金/投顾,已停止目标盈期次,计划运作期已结束,2022-05-23,2026-10-09,最近完整官方调仓配置（模型权重）,official_rebalance_target,含非精确披露权重，未用推算权重替代；基金权重和2.0000%超出100%±0.02个百分点,13,1,,"{""2026-06-30"": 100.0}",0,13.649731622359859,12.737987176455926,0,c0b238a2384e8228066caec3.json,2022-05-23,披露配置（最新权重不可推算）,0,已有更新调仓记录但未通过完整配置核验，不能跨越该事件推算,100.0,100.0,0.0
ttfund__MWPGKTS,兴证全球优享步步高02期,天天基金/投顾,已停止目标盈期次,计划运作期已结束,2022-07-14,2026-10-09,最近完整官方调仓配置（模型权重）,official_rebalance_target,含非精确披露权重，未用推算权重替代；基金权重和2.0000%超出100%±0.02个百分点,13,1,,"{""2026-06-30"": 100.0}",0,13.649731622359859,12.737987176455926,0,a0eda9d9d05b74b4cd3b2234.json,2022-07-14,披露配置（最新权重不可推算）,0,已有更新调仓记录但未通过完整配置核验，不能跨越该事件推算,100.0,100.0,0.0
ttfund__U4JOHS1,兴证全球优享步步高06期,天天基金/投顾,已停止目标盈期次,计划运作期已结束,2024-08-05,2026-10-08,最近完整官方调仓配置（模型权重）,official_rebalance_target,含非精确披露权重，未用推算权重替代,16,1,,"{""2026-06-30"": 100.0}",0,21.350180743395015,21.71070302934359,0,c5b512cb40eab7542c78d7fd.json,2026-10-09,净值漂移推算,1,,100.0,100.0,0.0
ttfund__3BOSRIT,兴证全球优享步步高07期,天天基金/投顾,已停止目标盈期次,计划运作期已结束,2023-05-16,2026-10-09,最近完整官方调仓配置（模型权重）,official_rebalance_target,含非精确披露权重，未用推算权重替代,17,1,,"{""2026-06-30"": 99.99999999999999}",0,17.82300032463034,17.05517192563713,0,660ff8990410079045649439.json,2026-10-09,净值漂移推算,1,,99.99999999999999,99.99999999999999,0.0
ttfund__XUXCVMF,兴证全球优享步步高08期,天天基金/投顾,已停止目标盈期次,计划运作期已结束,2026-05-29,2026-10-09,参考母策略配置,parent_strategy_reference,含非精确披露权重，未用推算权重替代,20,1,,"{""2026-06-30"": 100.00000000000003}",1,15.98973443450381,23.223887986689032,0,3bc2b8216c502a5561a66257.json,2026-10-09,净值漂移推算,1,,100.00000000000003,100.00000000000003,0.0
ttfund__ZXDP1T0,兴证全球优享步步高09期,天天基金/投顾,已停止目标盈期次,计划运作期已结束,2023-07-21,2026-10-09,最近完整官方调仓配置（模型权重）,official_rebalance_target,含非精确披露权重，未用推算权重替代,17,1,,"{""2026-06-30"": 100.0}",0,18.115834381202355,16.991453073206888,0,f6a8f9841c9aa88a5a278531.json,2026-10-09,净值漂移推算,1,,100.0,100.0,0.0
ttfund__HCXERE0,兴证全球优享步步高10期,天天基金/投顾,已停止目标盈期次,计划运作期已结束,2026-05-29,2026-10-09,参考母策略配置,parent_strategy_reference,含非精确披露权重，未用推算权重替代,20,1,,"{""2026-06-30"": 100.00000000000003}",1,15.98973443450381,23.223887986689032,0,b117df083638fc04853c4dab.json,2026-10-09,净值漂移推算,1,,100.00000000000003,100.00000000000003,0.0
ttfund__0OQEPJT,兴证全球优享步步高11期,天天基金/投顾,已停止目标盈期次,计划运作期已结束,2023-10-16,2026-10-09,最近完整官方调仓配置（模型权重）,official_rebalance_target,含非精确披露权重，未用推算权重替代,17,1,,"{""2026-06-30"": 100.0}",0,18.83791131545287,16.839744815610167,0,6b230f81d87ccd59ea6277c3.json,2026-10-09,净值漂移推算,1,,100.0,100.0,0.0
ttfund__7IQQTED,兴证全球优享步步高12期,天天基金/投顾,已停止目标盈期次,计划运作期已结束,2023-11-30,2026-10-08,最近完整官方调仓配置（模型权重）,official_rebalance_target,含非精确披露权重，未用推算权重替代,17,1,,"{""2026-06-30"": 100.00000000000001}",0,19.09103882998809,16.80945869574162,0,89dc140efb624058c391de55.json,2026-10-09,净值漂移推算,1,,100.00000000000001,100.00000000000001,0.0
ttfund__JQSDZ0I,兴证全球优享步步高13期,天天基金/投顾,已停止目标盈期次,已停止,2024-01-17,,最近完整官方调仓配置（模型权重）,official_rebalance_target,缺少当前基金仓位,17,1,,"{""2026-06-30"": 100.0}",0,20.776557763062126,16.4662213467685,0,be6ad14962d07924b1218944.json,2026-10-09,净值漂移推算,1,,100.0,100.0,0.0
ttfund__FVZ1K0Z,兴证全球优享步步高14期,天天基金/投顾,已停止目标盈期次,已停止,2026-05-29,,参考母策略配置,parent_strategy_reference,缺少当前基金仓位,20,1,,"{""2026-06-30"": 100.00000000000003}",1,15.98973443450381,23.223887986689032,0,faedf6d73f473ced89cd4145.json,2026-10-09,净值漂移推算,1,,100.00000000000003,100.00000000000003,0.0
ttfund__ZYP8M1O,兴证全球优享步步高15期,天天基金/投顾,已停止目标盈期次,已停止,2024-07-01,,最近完整官方调仓配置（模型权重）,official_rebalance_target,缺少当前基金仓位,17,1,,"{""2026-06-30"": 100.0}",0,20.486914447434426,20.2072013082904,0,299a66370148fed924f91dfa.json,2026-10-09,净值漂移推算,1,,100.0,100.0,0.0
ttfund__N17HMRV,兴证全球优享步步高16期,天天基金/投顾,已停止目标盈期次,已停止,2024-07-31,,最近完整官方调仓配置（模型权重）,official_rebalance_target,缺少当前基金仓位,17,1,,"{""2026-06-30"": 100.00000000000003}",0,20.75015599477441,20.113037864400557,0,2265572e733edf1ee0b9014a.json,2026-10-09,净值漂移推算,1,,100.00000000000003,100.00000000000003,0.0
ttfund__SCWXUPR,兴证全球优享步步高第3期,天天基金/投顾,已停止目标盈期次,计划运作期已结束,2022-09-02,2026-10-09,最近完整官方调仓配置（模型权重）,official_rebalance_target,含非精确披露权重，未用推算权重替代；基金权重和2.0000%超出100%±0.02个百分点,15,1,,"{""2026-06-30"": 100.0}",0,16.563073373325416,11.827799539539967,0,c2600cc98669e6f51deef252.json,2022-09-02,披露配置（最新权重不可推算）,0,已有更新调仓记录但未通过完整配置核验，不能跨越该事件推算,100.0,100.0,0.0
ttfund__AYHI0VG,兴证全球优享步步高第4期,天天基金/投顾,已停止目标盈期次,计划运作期已结束,2026-05-29,2026-10-09,参考母策略配置,parent_strategy_reference,含非精确披露权重，未用推算权重替代；基金权重和2.0000%超出100%±0.02个百分点,20,1,,"{""2026-06-30"": 100.00000000000003}",1,15.98973443450381,23.223887986689032,0,3269dc2280385e63915ac9c3.json,2026-10-09,净值漂移推算,1,,100.00000000000003,100.00000000000003,0.0
ttfund__S5LJNGU,兴证全球优享步步高第5期（新春专享）,天天基金/投顾,已停止目标盈期次,计划运作期已结束,2024-08-05,2026-10-09,最近完整官方调仓配置（模型权重）,official_rebalance_target,含非精确披露权重，未用推算权重替代,16,1,,"{""2026-06-30"": 100.0}",0,21.350592628118353,21.58604468167594,0,6c4b1c64ae4ff6ea50adc08f.json,2026-10-09,净值漂移推算,1,,100.0,100.0,0.0
ttfund__MZN5JAD,养老补充计划,天天基金/投顾,正常运行,,2026-10-08,2026-10-08,最新库内披露仓位,latest_observed_current,,22,1,,"{""2026-06-30"": 95.97999999999999}",0,6.53037119826003,7.448284961479186,1,b66562923f5edc2ffbd7127f.json,2026-10-08,源端最新仓位占比,1,,95.97999999999999,95.97999999999999,4.03
ttfund__DMMHRWU,农银丰享稳健,天天基金/投顾,正常运行,,2026-09-23,2026-10-09,最近完整官方调仓配置（模型权重）,official_rebalance_target,含非精确披露权重，未用推算权重替代,16,1,,"{""2026-06-30"": 100.0}",0,3.125138008915071,14.519557674409576,0,c9baa7585f28f6daa3e66288.json,2026-10-09,净值漂移推算,1,,100.0,100.0,0.0
ttfund__Y2RIV6V,农银丰享进取,天天基金/投顾,正常运行,,2026-08-18,2026-10-09,最近完整官方调仓配置（模型权重）,official_rebalance_target,含非精确披露权重，未用推算权重替代,16,1,,"{""2026-06-30"": 99.99999999999997}",0,54.72719710025745,6.2511043274722695,0,5e8c8dca132d7d36d9c59895.json,2026-10-09,净值漂移推算,1,,99.99999999999997,99.99999999999997,0.0
ttfund__4JQJ3IC,农银多资产稳健,天天基金/投顾,正常运行,,2026-07-28,2026-10-09,最近完整官方调仓配置（模型权重）,official_rebalance_target,含非精确披露权重，未用推算权重替代,14,1,,"{""2026-06-30"": 100.0}",0,13.989187906911447,19.580739379284314,0,e20e2fd3f6a826562671843c.json,2026-10-09,净值漂移推算,1,,100.0,100.0,0.0
ttfund__LE7N2NU,农银智享稳健,天天基金/投顾,正常运行,on_sale_window,2026-07-28,2026-10-09,最近完整官方调仓配置（模型权重）,official_rebalance_target,含非精确披露权重，未用推算权重替代,12,1,,"{""2026-06-30"": 100.00000000000001}",0,15.320379825624144,16.960635404075262,0,bb93f7456cb5b17b750dd55f.json,2026-10-09,净值漂移推算,1,,100.00000000000001,100.00000000000001,0.0
ttfund__8WAO1RM,农银智享精打算,天天基金/投顾,正常运行,on_sale_window,2026-03-02,2026-10-09,最近完整官方调仓配置（模型权重）,official_rebalance_target,含非精确披露权重，未用推算权重替代,13,1,,"{""2026-06-30"": 99.99999999999999}",0,0.0,13.751512288837887,0,7548061cf2edd6a7f29fdf1f.json,2026-10-09,净值漂移推算,1,,99.99999999999999,99.99999999999999,0.0
ttfund__PQNIJ0M,农银智享进取,天天基金/投顾,正常运行,,2026-08-13,2026-10-09,最近完整官方调仓配置（模型权重）,official_rebalance_target,含非精确披露权重，未用推算权重替代,18,1,,"{""2026-06-30"": 100.00000000000001}",0,41.6338700826372,4.097743224242297,0,2a80a173611a2e6ce378b0ed.json,2026-10-09,净值漂移推算,1,,100.00000000000001,100.00000000000001,0.0
ttfund__DXHFO1R,医药汉堡,天天基金/投顾,正常运行,on_sale_window,2025-02-21,2026-10-09,最近完整官方调仓配置（模型权重）,official_rebalance_target,含非精确披露权重，未用推算权重替代,5,1,,"{""2026-06-30"": 100.0}",0,0.0,1.3055950504795353,0,22c89cdcd1239a4cd68759f7.json,2026-10-09,净值漂移推算,1,,100.0,100.0,0.0
ttfund__WWDFMNI,十年优选,天天基金/投顾,正常运行,on_sale_window,2026-08-24,2026-10-09,最近完整官方调仓配置（模型权重）,official_rebalance_target,含非精确披露权重，未用推算权重替代,19,1,,"{""2026-06-30"": 99.99999999999999}",0,28.003967088631764,2.2424887567581897,0,a9d16685f12d523e72c69681.json,2026-10-08,净值漂移推算,1,,99.99999999999999,99.99999999999999,0.0
ttfund__BYK8SG2,十年成长优选,天天基金/投顾,正常运行,on_sale_window,2026-08-24,2026-10-09,最近完整官方调仓配置（模型权重）,official_rebalance_target,含非精确披露权重，未用推算权重替代,12,1,,"{""2026-06-30"": 100.0}",0,8.62245168830242,0.5421895278496074,1,ae01653c5029438ffd5d5277.json,2026-10-08,净值漂移推算,1,,100.0,100.0,0.0
ttfund__RIIUF7A,十拳剑灵活配置,天天基金/投顾,正常运行,on_sale_window,2026-09-08,2026-10-09,最近完整官方调仓配置（模型权重）,official_rebalance_target,含非精确披露权重，未用推算权重替代,28,1,,"{""2026-06-30"": 100.00000000000001}",0,27.691295611803085,1.217372593491727,5,42c85c71b5257c8cc7cdc374.json,2026-10-08,净值漂移推算,1,,100.00000000000001,100.00000000000001,0.0
ttfund__Q5PCSHJ,十拳剑超稳星,天天基金/投顾,正常运行,on_sale_window,2026-08-21,2026-10-09,最近完整官方调仓配置（模型权重）,official_rebalance_target,含非精确披露权重，未用推算权重替代,30,1,,"{""2026-06-30"": 100.00000000000001}",0,3.2587983327882135,21.0214682357415,4,51d30e6e19e648b1914dd526.json,2026-10-08,净值漂移推算,1,,100.00000000000001,100.00000000000001,0.0
ttfund__SF1019,华夏60后智享财富组合,天天基金/投顾,正常运行,,2026-10-09,2026-10-09,最新库内披露仓位,latest_observed_current,,27,1,,"{""2026-06-30"": 99.98}",0,15.789219259585506,12.845925732748471,2,f8971087048e3a0678df08c8.json,2026-10-09,源端最新仓位占比,1,"源端占比直接使用；净值滚动未执行：缺少基准日之后净值：002400,160140,008751,539003,539001",99.98,99.98,0.0
ttfund__SF1020,华夏70后智赢人生组合,天天基金/投顾,正常运行,,2026-10-09,2026-10-09,最新库内披露仓位,latest_observed_current,,27,1,,"{""2026-06-30"": 99.99000000000001}",0,45.61874972298038,3.328753923671768,0,fd6db0477bdfec1b68067ae0.json,2026-10-09,源端最新仓位占比,1,"源端占比直接使用；净值滚动未执行：缺少基准日之后净值：019524,002400,002401,006105,017895",99.99000000000001,99.99000000000001,0.0
ttfund__SF1021,华夏80后智领未来组合,天天基金/投顾,正常运行,,2026-10-09,2026-10-09,最新库内披露仓位,latest_observed_current,,23,1,,"{""2026-06-30"": 99.98000000000002}",0,60.41327840745397,3.146471328119924,1,6bb56d61bc10bd08e0601840.json,2026-10-09,源端最新仓位占比,1,"源端占比直接使用；净值滚动未执行：缺少基准日之后净值：002400,002401,018229",99.98000000000002,99.98000000000002,0.0
ttfund__SF1013,华夏90后智享自由组合,天天基金/投顾,正常运行,,2026-10-08,2026-10-08,最新库内披露仓位,latest_observed_current,,15,1,,"{""2026-06-30"": 100.0}",0,61.57185832213653,5.311240557132554,0,17077b88cd92a2746cb85ab9.json,2026-10-09,净值漂移推算,1,,100.0,100.0,0.0
ttfund__JJIQOQR,华夏全天候多元稳健配置,天天基金/投顾,正常运行,,2026-08-19,2026-10-09,最近完整官方调仓配置（模型权重）,official_rebalance_target,含非精确披露权重，未用推算权重替代,42,1,,"{""2026-06-30"": 99.99999999999999}",0,12.691470327475942,12.413313327944989,7,6868ddab24e125f820351f9f.json,2026-10-08,净值漂移推算,1,,99.99999999999999,99.99999999999999,0.0
ttfund__130G7UY,华夏全天候多元进取配置,天天基金/投顾,正常运行,,2026-08-19,2026-10-09,最近完整官方调仓配置（模型权重）,official_rebalance_target,含非精确披露权重，未用推算权重替代,38,1,,"{""2026-06-30"": 100.0}",0,29.17217119418899,4.883184778167362,7,33cbded51f8f639607772277.json,2026-10-08,净值漂移推算,1,,100.0,100.0,0.0
ttfund__QYXAVEB,华夏全自动超级配置策略,天天基金/投顾,正常运行,on_sale_window,2026-07-22,2026-10-09,最近完整官方调仓配置（模型权重）,official_rebalance_target,含非精确披露权重，未用推算权重替代,15,1,,"{""2026-06-30"": 100.00000000000003}",0,0.36738520906060385,12.52794756071044,0,60a6b12b8c4b2759df4a32e2.json,2026-10-09,净值漂移推算,1,,100.00000000000003,100.00000000000003,0.0
ttfund__SF1015,华夏固收增强组合,天天基金/投顾,正常运行,,2026-10-09,2026-10-09,最新库内披露仓位,latest_observed_current,,29,1,,"{""2026-06-30"": 100.00000000000001}",0,16.30841181519705,16.283587036399396,0,4c1d6d52f3656c4ba93d5d09.json,2026-10-09,源端最新仓位占比,1,"源端占比直接使用；净值滚动未执行：缺少基准日之后净值：002400,002401",100.00000000000001,100.00000000000001,0.0
ttfund__SF1017,华夏国内培优教育金组合,天天基金/投顾,正常运行,,2026-10-08,2026-10-09,最近完整历史仓位,historical_exact,基金权重和100.0300%超出100%±0.02个百分点,15,1,,"{""2026-06-30"": 100.0}",0,23.35760392783946,13.980383741275284,0,204e686968e477dd762cbbd5.json,2026-10-09,净值漂移推算,1,,100.0,100.0,0.0
ttfund__I2W0RWV,华夏小微波组合,天天基金/投顾,正常运行,,2026-10-09,2026-10-09,最新库内披露仓位,latest_observed_current,,31,1,,"{""2026-06-30"": 99.98999999999997}",0,3.3969344410218234,17.120674410168252,2,cc46a90037326e3471871aa6.json,2026-10-09,源端最新仓位占比,1,"源端占比直接使用；净值滚动未执行：缺少基准日之后净值：002400,160140,008751,539003,539001",99.98999999999997,99.98999999999997,0.0
ttfund__YN3C31T,华夏帮你选新消费,天天基金/投顾,信号类组合,,2026-10-09,2026-10-09,最新库内披露仓位,latest_observed_current,信号组合，未按真实基金配置穿透,31,0,信号组合，未按真实基金配置穿透,{},0,,,0,8c3a359cbb656e814bc3af6c.json,,缺少可用基金配置,0,缺少完整配置,,,
ttfund__XS7XUFT,华夏帮你选新科技,天天基金/投顾,信号类组合,,2026-10-09,2026-10-09,最新库内披露仓位,latest_observed_current,信号组合，未按真实基金配置穿透,10,0,信号组合，未按真实基金配置穿透,{},0,,,0,c18fd23e06c6737fae83b620.json,,缺少可用基金配置,0,缺少完整配置,,,
ttfund__WCKUWEO,华夏帮你选新能源,天天基金/投顾,信号类组合,,2026-10-09,2026-10-09,最新库内披露仓位,latest_observed_current,信号组合，未按真实基金配置穿透,13,0,信号组合，未按真实基金配置穿透,{},0,,,0,36ecd429520aaecd4b04a1a5.json,,缺少可用基金配置,0,缺少完整配置,,,
ttfund__SF1018,华夏常青藤教育金组合,天天基金/投顾,正常运行,,2026-10-09,2026-10-09,最新库内披露仓位,latest_observed_current,,15,1,,"{""2026-06-30"": 100.00000000000001}",0,23.417953791967534,14.077469732048234,0,dde29c84cb813c5ee5b3f120.json,2026-10-09,源端最新仓位占比,1,,100.00000000000001,100.00000000000001,0.0
ttfund__K35RDR8,华夏心想计划,天天基金/投顾,目标盈期次,认购期,2026-05-19,2026-10-09,最近完整官方调仓配置（模型权重）,official_rebalance_target,含非精确披露权重，未用推算权重替代,28,1,,"{""2026-06-30"": 100.00000000000003}",0,11.719844481626144,18.645543601822702,0,a5800af5ca5755cccfc1d5cd.json,2026-10-08,净值漂移推算,1,,100.00000000000003,100.00000000000003,0.0
ttfund__SF1016,华夏权益优选组合,天天基金/投顾,正常运行,on_sale_window,2026-10-09,2026-10-09,最新库内披露仓位,latest_observed_current,,23,1,,"{""2026-06-30"": 100.02000000000001}",0,62.35783307990381,1.963561044351664,0,fce0b7d47b080fd353348408.json,2026-10-09,源端最新仓位占比,1,,100.02000000000001,100.02000000000001,0.0
ttfund__FYJ0RWP,华夏活钱Plus,天天基金/投顾,正常运行,,2026-09-07,2026-10-09,最近完整官方调仓配置（模型权重）,official_rebalance_target,含非精确披露权重，未用推算权重替代,15,1,,"{""2026-06-30"": 99.99999999999999}",0,0.0,13.648233262097348,0,db53cb1242d361afca8a1ad2.json,2026-10-09,净值漂移推算,1,,99.99999999999999,99.99999999999999,0.0
ttfund__8TQQ2SA,华夏海外权益组合,天天基金/投顾,正常运行,,2026-10-09,2026-10-09,最新库内披露仓位,latest_observed_current,,12,1,,"{""2026-06-30"": 100.01000000000002}",0,7.0725046394374775,0.27074919079973264,4,31b10d934e7bbf967911c627.json,2026-10-09,源端最新仓位占比,1,"源端占比直接使用；净值滚动未执行：缺少基准日之后净值：002891,000614,014978,017437,000834,006105,100055,019450,016701,501226",100.01000000000002,100.01000000000002,0.0
ttfund__MKLK0LK,华夏稳健纯债组合,天天基金/投顾,正常运行,,2026-10-08,2026-10-08,最新库内披露仓位,latest_observed_current,,14,1,,"{""2026-06-30"": 99.99999999999999}",0,0.0,17.977789782959277,0,f549b20f772d4ebfc00cf0bb.json,2026-10-09,净值漂移推算,1,,99.99999999999999,99.99999999999999,0.0
ttfund__NAJX9TR,华夏稳盈低波多资产策略,天天基金/投顾,正常运行,,2026-06-18,2026-10-09,最近完整官方调仓配置（模型权重）,official_rebalance_target,含非精确披露权重，未用推算权重替代,17,1,,"{""2026-06-30"": 100.0}",0,4.288319731615605,12.937080853768347,0,1af6d63a8b76ca49515c11db.json,2026-10-09,净值漂移推算,1,,100.0,100.0,0.0
ttfund__WM4GXHO,华夏稳盈纯债组合,天天基金/投顾,正常运行,,2026-04-03,2026-10-09,最近完整官方调仓配置（模型权重）,official_rebalance_target,含非精确披露权重，未用推算权重替代,9,1,,"{""2026-06-30"": 99.99999999999999}",0,0.0,15.938443291590254,0,60f6593d7079bb6f5bd8aad7.json,2026-10-09,净值漂移推算,1,,99.99999999999999,99.99999999999999,0.0
ttfund__SF1012,华夏货币优享组合,天天基金/投顾,正常运行,,2026-10-09,2026-10-09,最新库内披露仓位,latest_observed_current,,12,1,,"{""2026-06-30"": 99.99999999999999}",0,0.0,12.646576368881739,0,b8602b5664df5cc368ae9cb6.json,2026-10-09,源端最新仓位占比,1,,99.99999999999999,99.99999999999999,0.0
ttfund__8SYLZES,华安乐享攒,天天基金/投顾,官方业绩未披露,,,,最新库内披露仓位,latest_observed_current,缺少当前基金仓位,0,0,缺少当前基金仓位,{},0,,,0,e030b3fa20c2a8fb7acc169f.json,,缺少可用基金配置,0,缺少完整配置,,,
ttfund__VYL0JBA,华安体验派梦之队,天天基金/投顾,正常运行,,2026-10-08,2026-10-09,最近完整历史仓位,historical_exact,基金权重和99.9700%超出100%±0.02个百分点,21,1,,"{""2026-06-30"": 99.99999999999996}",0,49.124178018011776,5.151591514144017,0,4f96eab0953fb10b74b17a91.json,2026-10-09,净值漂移推算,1,,99.99999999999996,99.99999999999996,0.0
ttfund__MEA8GN0,华安偏股梦之队,天天基金/投顾,正常运行,,2026-10-08,2026-10-08,最新库内披露仓位,latest_observed_current,,22,1,,"{""2026-06-30"": 100.00000000000001}",0,72.56287171720524,1.1751641691247445,0,492aed266e7e454e243812dd.json,2026-10-09,净值漂移推算,1,,100.00000000000001,100.00000000000001,0.0
ttfund__EGLONPC,华安匠人匠心队,天天基金/投顾,正常运行,on_sale_window,2026-10-09,2026-10-09,最新库内披露仓位,latest_observed_current,,18,1,,"{""2026-06-30"": 100.00000000000001}",0,70.1377437432274,1.1851590250651125,0,d4ebd3f7ec89aa6ae74967c7.json,2026-10-09,源端最新仓位占比,1,,100.00000000000001,100.00000000000001,0.0
ttfund__FD7GQY0,华安小盈加01期,天天基金/投顾,已停止目标盈期次,计划运作期已结束,2022-04-18,2026-10-09,最近完整官方调仓配置（模型权重）,official_rebalance_target,含非精确披露权重，未用推算权重替代；基金权重和2.0000%超出100%±0.02个百分点,16,1,,"{""2026-06-30"": 100.0}",0,7.789635457318324,15.337421672262275,0,3457ca89391e76aa38b31a32.json,2022-04-18,披露配置（最新权重不可推算）,0,已有更新调仓记录但未通过完整配置核验，不能跨越该事件推算,100.0,100.0,0.0
ttfund__CZNWYHU,华安小盈加02期,天天基金/投顾,已停止目标盈期次,计划运作期已结束,2025-04-30,2026-10-09,最近完整官方调仓配置（模型权重）,official_rebalance_target,含非精确披露权重，未用推算权重替代,16,1,,"{""2026-06-30"": 100.0}",0,10.372555953462577,12.550088052081543,0,0aff8cd20553cf7cad0ee877.json,2026-10-09,净值漂移推算,1,,100.0,100.0,0.0
ttfund__WUPU2MY,华安小盈加03期,天天基金/投顾,已停止目标盈期次,计划运作期已结束,2025-04-30,2026-10-09,最近完整官方调仓配置（模型权重）,official_rebalance_target,含非精确披露权重，未用推算权重替代,16,1,,"{""2026-06-30"": 100.0}",0,10.371825950653628,12.548926800439002,0,7b68e2f2b5cadf7058ac87be.json,2026-10-09,净值漂移推算,1,,100.0,100.0,0.0
ttfund__L6CID3M,华安小盈加04期,天天基金/投顾,已停止目标盈期次,计划运作期已结束,2025-04-30,2026-10-09,最近完整官方调仓配置（模型权重）,official_rebalance_target,含非精确披露权重，未用推算权重替代,16,1,,"{""2026-06-30"": 100.0}",0,10.372555953462577,12.550088052081543,0,6b3c603f7f5aa2e5d10732fa.json,2026-10-09,净值漂移推算,1,,100.0,100.0,0.0
ttfund__0KPN0CG,华安小盈加05期,天天基金/投顾,已停止目标盈期次,计划运作期已结束,2025-04-30,2026-10-09,最近完整官方调仓配置（模型权重）,official_rebalance_target,含非精确披露权重，未用推算权重替代,16,1,,"{""2026-06-30"": 100.0}",0,10.372555953462577,12.550088052081543,0,2a70ce7fa846de1a58f9bb95.json,2026-10-09,净值漂移推算,1,,100.0,100.0,0.0
ttfund__S7FMQ8X,华安小盈加06期,天天基金/投顾,已停止目标盈期次,计划运作期已结束,2024-07-26,2026-10-09,最近完整官方调仓配置（模型权重）,official_rebalance_target,含非精确披露权重，未用推算权重替代,16,1,,"{""2026-06-30"": 100.00000000000001}",0,9.877652426415503,12.643871880556727,0,0b6ed931ebd8e1d3cdbf0f8a.json,2024-07-26,披露配置（最新权重不可推算）,0,已有更新调仓记录但未通过完整配置核验，不能跨越该事件推算,100.00000000000001,100.00000000000001,0.0
ttfund__BZQITFT,华安小盈加07期,天天基金/投顾,已停止目标盈期次,计划运作期已结束,2025-04-30,2026-10-09,最近完整官方调仓配置（模型权重）,official_rebalance_target,含非精确披露权重，未用推算权重替代,16,1,,"{""2026-06-30"": 100.0}",0,10.372555953462577,12.550088052081543,0,e312f379df22de6fd09afc2b.json,2026-10-09,净值漂移推算,1,,100.0,100.0,0.0
ttfund__JG1WMK1,华安小盈加08期,天天基金/投顾,已停止目标盈期次,计划运作期已结束,2025-04-30,2026-10-09,最近完整官方调仓配置（模型权重）,official_rebalance_target,含非精确披露权重，未用推算权重替代,16,1,,"{""2026-06-30"": 100.00000000000001}",0,9.975736294937654,12.643871880556727,0,5399eed2ff40483139334900.json,2025-04-30,披露配置（最新权重不可推算）,0,已有更新调仓记录但未通过完整配置核验，不能跨越该事件推算,100.00000000000001,100.00000000000001,0.0
ttfund__8FDZ9ZR,华安小盈加09期,天天基金/投顾,已停止目标盈期次,已停止,2024-03-15,,最近完整官方调仓配置（模型权重）,official_rebalance_target,缺少当前基金仓位,14,1,,"{""2026-06-30"": 98.98365496614498, ""2026-03-31"": 1.0163450338550304}",0,0.014364864509592045,19.274319241990064,0,f0028a73474cbcfa57cb7a21.json,2026-06-15,净值漂移推算（净值较旧）,0,共同净值日期距观察日超过14天，未标为最新可用,100.00000000000001,100.00000000000001,0.0
ttfund__BLTOWCU,华安懒人投,天天基金/投顾,官方业绩未披露,,,,最新库内披露仓位,latest_observed_current,缺少当前基金仓位,0,0,缺少当前基金仓位,{},0,,,0,024329399151cc4a5b465662.json,,缺少可用基金配置,0,缺少完整配置,,,
ttfund__YRYNQVQ,华安指挥家,天天基金/投顾,正常运行,,2026-09-08,2026-10-08,最近完整官方调仓配置（模型权重）,official_rebalance_target,含非精确披露权重，未用推算权重替代,16,1,,"{""2026-06-30"": 100.0}",0,58.4895891008901,0.645138829133877,0,829df5b860cb43a011507ef9.json,2026-10-09,净值漂移推算,1,,100.0,100.0,0.0
ttfund__IWNVGBF,华安指数轻松投（100份）,天天基金/投顾,信号类组合,on_sale_window,2026-10-09,2026-10-09,最新库内披露仓位,latest_observed_current,信号组合，未按真实基金配置穿透,21,0,信号组合，未按真实基金配置穿透,{},0,,,0,6013d21f33885c5c95257272.json,,缺少可用基金配置,0,缺少完整配置,,,
ttfund__3NFKQFZ,华安活钱攒,天天基金/投顾,正常运行,,2025-06-25,2026-10-09,最近完整官方调仓配置（模型权重）,official_rebalance_target,含非精确披露权重，未用推算权重替代,11,1,,"{""2026-06-30"": 100.0}",0,0.0,15.690460104428565,0,60448a3658806cd5d7ad02b6.json,2026-10-09,净值漂移推算,1,,100.0,100.0,0.0
ttfund__XMMUGXC,华安端水加点债,天天基金/投顾,正常运行,,2026-10-09,2026-10-09,最新库内披露仓位,latest_observed_current,,20,0,"资产或持仓源值需核实：仓位和或精确性异常：ttfund__XMMUGXC, sum=99.97999999999999",{},0,,,0,ceee7c526acdf8662dfb2646.json,2026-10-09,源端最新仓位占比,0,源端占比直接使用；净值滚动未执行：缺少基准日之后净值：017437,,,
ttfund__NHTF6B3,华安闲钱聪明投,天天基金/投顾,正常运行,,2026-10-09,2026-10-09,最新库内披露仓位,latest_observed_current,,24,1,,"{""2026-06-30"": 99.99000000000001}",0,14.403787103842426,11.86651905827377,0,d3cd72372162225db0ada16a.json,2026-10-09,源端最新仓位占比,1,,99.99000000000001,99.99000000000001,0.0
ttfund__FT9Q97V,华安零钱快乐攒,天天基金/投顾,正常运行,,2026-10-09,2026-10-09,最新库内披露仓位,latest_observed_current,,17,1,,"{""2026-06-30"": 100.00000000000001}",0,1.4097825825788495,14.601228019848172,0,ef03256468d69418c53049a2.json,2026-10-09,源端最新仓位占比,1,源端占比直接使用；净值滚动未执行：缺少基准日之后净值：014978,100.00000000000001,100.00000000000001,0.0
ttfund__D4XUZVN,华安黑马领航,天天基金/投顾,正常运行,,2026-10-08,2026-10-08,最新库内披露仓位,latest_observed_current,,16,1,,"{""2026-06-30"": 100.00000000000001}",0,56.794550019333485,0.2593511870187823,0,b90e77ba0f7a9691910f5e19.json,2026-10-09,净值漂移推算,1,,100.00000000000001,100.00000000000001,0.0
ttfund__XCS0IJK,华宝五花肉,天天基金/投顾,正常运行,,2024-08-07,2026-10-09,最近完整官方调仓配置（模型权重）,official_rebalance_target,含非精确披露权重，未用推算权重替代,14,1,,"{""2026-06-30"": 100.00000000000001}",0,21.854961088206394,18.283889323290385,0,d004cd0b0911f306ec7aac32.json,2024-08-07,披露配置（最新权重不可推算）,0,已有更新调仓记录但未通过完整配置核验，不能跨越该事件推算,100.00000000000001,100.00000000000001,0.0
ttfund__V4EMGXQ,华宝节节高第1期,天天基金/投顾,正常运行,,2026-08-24,2026-10-09,最近完整官方调仓配置（模型权重）,official_rebalance_target,含非精确披露权重，未用推算权重替代,17,1,,"{""2026-06-30"": 99.99999999999997}",0,3.9117626613936363,18.03554131169606,1,d558a47c353ceea56e7b2db9.json,2026-10-08,净值漂移推算,1,,99.99999999999997,99.99999999999997,0.0
ttfund__EC1JK09,华宝证券东财稳利1号,天天基金/投顾,正常运行,,2025-07-31,2026-10-09,最近完整官方调仓配置（模型权重）,official_rebalance_target,含非精确披露权重，未用推算权重替代,16,1,,"{""2026-06-30"": 100.0}",0,0.0,27.610347523300824,0,422a245ea8266b61b8c3ace5.json,2025-07-31,披露配置（最新权重不可推算）,0,已有更新调仓记录但未通过完整配置核验，不能跨越该事件推算,100.0,100.0,0.0
ttfund__7IBLFIC,华泰柏瑞低波动小幸福,天天基金/投顾,正常运行,,2024-10-23,2026-10-09,最近完整官方调仓配置（模型权重）,official_rebalance_target,含非精确披露权重，未用推算权重替代,14,1,,"{""2026-06-30"": 100.00000000000001}",0,17.308337479698807,17.958723229439563,0,807d7978c0f96fd0ebf33e1c.json,2026-10-09,净值漂移推算,1,,100.00000000000001,100.00000000000001,0.0
ttfund__ZXW7W2Q,华泰柏瑞债券基金,天天基金/投顾,正常运行,,2025-02-28,,最近完整官方调仓配置（模型权重）,official_rebalance_target,缺少当前基金仓位,7,1,,"{""2026-06-30"": 100.00000000000001}",0,0.0,20.531050245441325,0,4e9991a88e91d472eff708d9.json,2026-10-09,净值漂移推算,1,,100.00000000000001,100.00000000000001,0.0
ttfund__RPIRIAF,华泰柏瑞全天候,天天基金/投顾,正常运行,,2025-08-18,2026-10-09,最近完整官方调仓配置（模型权重）,official_rebalance_target,含非精确披露权重，未用推算权重替代,25,1,,"{""2026-06-30"": 99.99999999999999}",0,3.7057529622185825,22.054182133061573,1,e0c4c66d4e13610a2206ba1f.json,2026-10-08,净值漂移推算,1,,99.99999999999999,99.99999999999999,0.0
ttfund__JYFMZVY,华泰柏瑞全球精选,天天基金/投顾,正常运行,,2024-07-18,2026-10-09,最近完整官方调仓配置（模型权重）,official_rebalance_target,含非精确披露权重，未用推算权重替代,12,1,,"{""2026-06-30"": 99.99999999999999}",0,42.04221552715082,2.8697105860072574,1,ecaefe1bac51eeb6ced86b9f.json,2024-07-18,披露配置（最新权重不可推算）,0,已有更新调仓记录但未通过完整配置核验，不能跨越该事件推算,99.99999999999999,99.99999999999999,0.0
ttfund__SL0KYER,华泰柏瑞十权十美,天天基金/投顾,正常运行,,2026-03-05,2026-10-09,最近完整官方调仓配置（模型权重）,official_rebalance_target,含非精确披露权重，未用推算权重替代,31,1,,"{""2026-06-30"": 100.00000000000001}",0,55.085101846773455,3.2973921877794936,0,f7c45669a6e9e9cc6fb5ded7.json,2026-10-09,净值漂移推算,1,,100.00000000000001,100.00000000000001,0.0
ttfund__VF3Y7R5,华泰柏瑞小优势（目标盈）组合策略,天天基金/投顾,已停止目标盈期次,计划运作期已结束,2024-06-19,,最近完整官方调仓配置（模型权重）,official_rebalance_target,缺少当前基金仓位,25,1,,"{""2026-06-30"": 100.00000000000001}",0,6.905925786114756,17.43301752373184,0,f212147363ca217224f33f46.json,2026-10-08,净值漂移推算,1,,100.00000000000001,100.00000000000001,0.0
ttfund__UB2HHW7,华泰柏瑞小幸福66第1期投顾服务,天天基金/投顾,已停止目标盈期次,计划运作期已结束,2025-12-26,2026-10-09,最近完整官方调仓配置（模型权重）,official_rebalance_target,含非精确披露权重，未用推算权重替代,18,1,,"{""2026-06-30"": 100.00000000000001}",0,17.214285490775946,11.756784262316936,0,04b561f43054f61be1fe8007.json,2026-10-09,净值漂移推算,1,,100.00000000000001,100.00000000000001,0.0
ttfund__WZOCEIK,华泰柏瑞小幸运第1期投顾服务,天天基金/投顾,已停止目标盈期次,已停止,2023-10-11,,最近完整官方调仓配置（模型权重）,official_rebalance_target,缺少当前基金仓位,15,1,,"{""2026-06-30"": 100.0}",0,20.060817762616985,15.95793488730505,0,b2fb8612b3cfb90499f06dbd.json,2026-10-09,净值漂移推算,1,,100.0,100.0,0.0
ttfund__JLBE1GB,华泰柏瑞小幸运第2期投顾服务,天天基金/投顾,已停止目标盈期次,计划运作期已结束,2026-04-09,2026-10-09,最近完整官方调仓配置（模型权重）,official_rebalance_target,含非精确披露权重，未用推算权重替代,26,1,,"{""2026-06-30"": 100.00000000000001}",0,16.416834416678682,16.59225071200284,0,c70e30019491c5c920ca0ff7.json,2026-10-09,净值漂移推算,1,,100.00000000000001,100.00000000000001,0.0
ttfund__DE8F0ZA,华泰柏瑞小幸运第3期投顾服务,天天基金/投顾,已停止目标盈期次,已到期,,,最新库内披露仓位,latest_observed_current,缺少当前基金仓位,0,0,缺少当前基金仓位,{},0,,,0,3aa7663f97a97ddd23c3018b.json,,缺少可用基金配置,0,缺少完整配置,,,
ttfund__CMONR3M,华泰柏瑞研究精选,天天基金/投顾,正常运行,,2023-06-08,2026-10-09,最近完整官方调仓配置（模型权重）,official_rebalance_target,含非精确披露权重，未用推算权重替代,11,1,,"{""2026-06-30"": 100.0}",0,26.967878794811927,1.0866950465015999,0,2a0d6836e7705bdc1d2fda61.json,2026-10-09,净值漂移推算,1,,100.0,100.0,0.0
ttfund__AFGNOHJ,华泰柏瑞长风破浪,天天基金/投顾,正常运行,,2024-12-11,2026-10-09,最近完整官方调仓配置（模型权重）,official_rebalance_target,含非精确披露权重，未用推算权重替代,30,1,,"{""2026-06-30"": 100.0}",0,62.06856635986002,1.3684485333491991,0,7af029f6c8d0248c83c2b884.json,2024-12-11,披露配置（最新权重不可推算）,0,已有更新调仓记录但未通过完整配置核验，不能跨越该事件推算,100.0,100.0,0.0
ttfund__PUCS6RG,华泰高客（测试）,天天基金/投顾,测试组合剔除,on_sale_window,2026-10-09,2026-10-09,最新库内披露仓位,latest_observed_current,测试组合，仅显示状态,6,0,测试组合，仅显示状态,{},0,,,0,12cf3f92022e2ac6f310f3ed.json,,缺少可用基金配置,0,缺少完整配置,,,
ttfund__TIESYMH,南方小目标第10期投顾服务,天天基金/投顾,已停止目标盈期次,计划运作期已结束,2022-08-15,2026-10-09,最近完整官方调仓配置（模型权重）,official_rebalance_target,含非精确披露权重，未用推算权重替代；基金权重和1.0000%超出100%±0.02个百分点,20,1,,"{""2026-06-30"": 100.0}",0,12.013511808469298,17.991247686914207,0,687ae916a349397a1e976c38.json,2022-08-15,披露配置（最新权重不可推算）,0,已有更新调仓记录但未通过完整配置核验，不能跨越该事件推算,100.0,100.0,0.0
ttfund__OUVWUGA,南方小目标第11期投顾服务,天天基金/投顾,已停止目标盈期次,计划运作期已结束,2022-08-15,2026-10-09,最近完整官方调仓配置（模型权重）,official_rebalance_target,含非精确披露权重，未用推算权重替代；基金权重和1.0000%超出100%±0.02个百分点,20,1,,"{""2026-06-30"": 100.0}",0,12.013511808469298,17.991247686914207,0,ae580fafc595f57645e2b643.json,2022-08-15,披露配置（最新权重不可推算）,0,已有更新调仓记录但未通过完整配置核验，不能跨越该事件推算,100.0,100.0,0.0
ttfund__171E5C9,南方小目标第12期投顾服务,天天基金/投顾,已停止目标盈期次,计划运作期已结束,2022-08-15,2026-10-09,最近完整官方调仓配置（模型权重）,official_rebalance_target,含非精确披露权重，未用推算权重替代；基金权重和1.0000%超出100%±0.02个百分点,20,1,,"{""2026-06-30"": 100.0}",0,12.013511808469298,17.991247686914207,0,a351b814d6b366bcfdecedfa.json,2022-08-15,披露配置（最新权重不可推算）,0,已有更新调仓记录但未通过完整配置核验，不能跨越该事件推算,100.0,100.0,0.0
ttfund__7QQWTF2,南方小目标第13期投顾服务,天天基金/投顾,已停止目标盈期次,计划运作期已结束,2026-07-14,2026-10-08,最近完整官方调仓配置（模型权重）,official_rebalance_target,含非精确披露权重，未用推算权重替代,16,1,,"{""2026-06-30"": 100.00000000000001}",0,9.834391773246242,16.72257594120818,0,5408edf19fbed61e05109ab6.json,2026-10-08,净值漂移推算,1,,100.00000000000001,100.00000000000001,0.0
ttfund__4LSJNB8,南方小目标第14期投顾服务,天天基金/投顾,已停止目标盈期次,计划运作期已结束,2026-07-14,2026-10-09,最近完整官方调仓配置（模型权重）,official_rebalance_target,含非精确披露权重，未用推算权重替代,16,1,,"{""2026-06-30"": 100.00000000000001}",0,9.834391773246242,16.72257594120818,0,ba872b6086e597a5c50b2ca4.json,2026-10-08,净值漂移推算,1,,100.00000000000001,100.00000000000001,0.0
ttfund__I7WLHWY,南方小目标第15期投顾服务,天天基金/投顾,已停止目标盈期次,计划运作期已结束,2026-07-14,2026-10-09,最近完整官方调仓配置（模型权重）,official_rebalance_target,含非精确披露权重，未用推算权重替代,16,1,,"{""2026-06-30"": 100.00000000000001}",0,9.834391773246242,16.72257594120818,0,8e07099312fc6d6b496a2c09.json,2026-10-08,净值漂移推算,1,,100.00000000000001,100.00000000000001,0.0
ttfund__SM6UTSQ,南方小目标第16期投顾服务,天天基金/投顾,已停止目标盈期次,已停止,2026-07-14,,最近完整官方调仓配置（模型权重）,official_rebalance_target,缺少当前基金仓位,16,1,,"{""2026-06-30"": 100.00000000000001}",0,9.834391773246242,16.72257594120818,0,dc7fe0eabeb8cbffaf122e7e.json,2026-10-08,净值漂移推算,1,,100.00000000000001,100.00000000000001,0.0
ttfund__ORE55WD,南方小目标第17期投顾服务,天天基金/投顾,已停止目标盈期次,计划运作期已结束,2026-07-14,2026-10-09,最近完整官方调仓配置（模型权重）,official_rebalance_target,含非精确披露权重，未用推算权重替代,16,1,,"{""2026-06-30"": 100.00000000000001}",0,9.834391773246242,16.72257594120818,0,c85911b36f8f7919620e828a.json,2026-10-08,净值漂移推算,1,,100.00000000000001,100.00000000000001,0.0
ttfund__5DXLCWM,南方小目标第18期投顾服务,天天基金/投顾,已停止目标盈期次,计划运作期已结束,2026-07-14,2026-10-09,最近完整官方调仓配置（模型权重）,official_rebalance_target,含非精确披露权重，未用推算权重替代,16,1,,"{""2026-06-30"": 100.00000000000001}",0,9.834391773246242,16.72257594120818,0,88ae292bcd4e63a720b0a344.json,2026-10-08,净值漂移推算,1,,100.00000000000001,100.00000000000001,0.0
ttfund__YN05HXM,南方小目标第19期投顾服务,天天基金/投顾,已停止目标盈期次,计划运作期已结束,2026-07-14,2026-10-09,最近完整官方调仓配置（模型权重）,official_rebalance_target,含非精确披露权重，未用推算权重替代,16,1,,"{""2026-06-30"": 100.00000000000001}",0,9.834391773246242,16.72257594120818,0,02dee9496c9ebaca114e3461.json,2026-10-08,净值漂移推算,1,,100.00000000000001,100.00000000000001,0.0
ttfund__SLA6UOA,南方小目标第1期投顾服务,天天基金/投顾,已停止目标盈期次,已停止,2025-09-19,,最近完整官方调仓配置（模型权重）,official_rebalance_target,缺少当前基金仓位,16,1,,"{""2026-06-30"": 100.0}",0,7.439581542143463,10.299426818808778,0,78b1eb6107027ddfd86a50ad.json,2025-09-19,披露配置（最新权重不可推算）,0,已有更新调仓记录但未通过完整配置核验，不能跨越该事件推算,100.0,100.0,0.0
ttfund__5ILZWB1,南方小目标第20期投顾服务,天天基金/投顾,已停止目标盈期次,计划运作期已结束,2026-07-14,2026-10-09,最近完整官方调仓配置（模型权重）,official_rebalance_target,含非精确披露权重，未用推算权重替代,16,1,,"{""2026-06-30"": 100.00000000000001}",0,9.834391773246242,16.72257594120818,0,ccdfc4ee058aa2955ab72437.json,2026-10-08,净值漂移推算,1,,100.00000000000001,100.00000000000001,0.0
ttfund__0RCQNRF,南方小目标第21期投顾服务,天天基金/投顾,已停止目标盈期次,计划运作期已结束,2026-07-14,2026-10-09,最近完整官方调仓配置（模型权重）,official_rebalance_target,含非精确披露权重，未用推算权重替代,16,1,,"{""2026-06-30"": 100.00000000000001}",0,9.834391773246242,16.72257594120818,0,b49a419555ac678a273de362.json,2026-10-08,净值漂移推算,1,,100.00000000000001,100.00000000000001,0.0
ttfund__8WED0SG,南方小目标第22期投顾服务,天天基金/投顾,已停止目标盈期次,计划运作期已结束,2026-07-14,2026-10-09,最近完整官方调仓配置（模型权重）,official_rebalance_target,含非精确披露权重，未用推算权重替代,16,1,,"{""2026-06-30"": 100.00000000000001}",0,9.834391773246242,16.72257594120818,0,b50ffabecd72515f9125853f.json,2026-10-08,净值漂移推算,1,,100.00000000000001,100.00000000000001,0.0
ttfund__TJ1L8IL,南方小目标第23期投顾服务,天天基金/投顾,已停止目标盈期次,计划运作期已结束,2026-07-14,2026-10-09,最近完整官方调仓配置（模型权重）,official_rebalance_target,含非精确披露权重，未用推算权重替代,16,1,,"{""2026-06-30"": 100.00000000000001}",0,9.834391773246242,16.72257594120818,0,02a0bd3099486349d618da7e.json,2026-10-08,净值漂移推算,1,,100.00000000000001,100.00000000000001,0.0
ttfund__R0GQK5D,南方小目标第24期投顾服务,天天基金/投顾,已停止目标盈期次,计划运作期已结束,2026-07-14,2026-10-09,最近完整官方调仓配置（模型权重）,official_rebalance_target,含非精确披露权重，未用推算权重替代,16,1,,"{""2026-06-30"": 100.00000000000001}",0,9.834391773246242,16.72257594120818,0,134e5005526766f7d49d5588.json,2026-10-08,净值漂移推算,1,,100.00000000000001,100.00000000000001,0.0
ttfund__TOKBCFW,南方小目标第25期投顾服务,天天基金/投顾,已停止目标盈期次,计划运作期已结束,2026-07-14,2026-10-09,最近完整官方调仓配置（模型权重）,official_rebalance_target,含非精确披露权重，未用推算权重替代,16,1,,"{""2026-06-30"": 100.00000000000001}",0,9.834391773246242,16.72257594120818,0,517b521cc255ccf79b569e51.json,2026-10-08,净值漂移推算,1,,100.00000000000001,100.00000000000001,0.0
ttfund__O4UBEHP,南方小目标第2期投顾服务,天天基金/投顾,已停止目标盈期次,已停止,2025-09-19,,最近完整官方调仓配置（模型权重）,official_rebalance_target,缺少当前基金仓位,16,1,,"{""2026-06-30"": 100.0}",0,7.439581542143463,10.299426818808778,0,78f547e55995bf2161e1da22.json,2025-09-19,披露配置（最新权重不可推算）,0,已有更新调仓记录但未通过完整配置核验，不能跨越该事件推算,100.0,100.0,0.0
ttfund__AMHL10P,南方小目标第3期投顾服务,天天基金/投顾,已停止目标盈期次,已停止,2025-09-19,,最近完整官方调仓配置（模型权重）,official_rebalance_target,缺少当前基金仓位,16,1,,"{""2026-06-30"": 100.0}",0,6.842877416458828,10.426214705063169,0,436ed92f37793238dce4350f.json,2026-10-09,净值漂移推算,1,,100.0,100.0,0.0
ttfund__PDLHJER,南方小目标第4期投顾服务,天天基金/投顾,已停止目标盈期次,已停止,2025-09-19,,最近完整官方调仓配置（模型权重）,official_rebalance_target,缺少当前基金仓位,16,1,,"{""2026-06-30"": 100.0}",0,6.842877416458828,10.426214705063169,0,8336f330d1c58526777b5075.json,2026-10-09,净值漂移推算,1,,100.0,100.0,0.0
ttfund__0RITRSE,南方小目标第5期投顾服务(年中版),天天基金/投顾,已停止目标盈期次,计划运作期已结束,2025-09-19,2026-10-09,最近完整官方调仓配置（模型权重）,official_rebalance_target,含非精确披露权重，未用推算权重替代,16,1,,"{""2026-06-30"": 100.0}",0,6.842877416458828,10.426214705063169,0,6fd03176baa855ed29a6ca64.json,2026-10-09,净值漂移推算,1,,100.0,100.0,0.0
ttfund__1F0OBRW,南方小目标第6期投顾服务,天天基金/投顾,已停止目标盈期次,计划运作期已结束,2025-09-19,2026-10-09,最近完整官方调仓配置（模型权重）,official_rebalance_target,含非精确披露权重，未用推算权重替代,16,1,,"{""2026-06-30"": 100.0}",0,6.842877416458828,10.426214705063169,0,626806665ab0380ee5ed005b.json,2026-10-09,净值漂移推算,1,,100.0,100.0,0.0
ttfund__HFAATAG,南方小目标第7期投顾服务,天天基金/投顾,已停止目标盈期次,计划运作期已结束,2025-09-19,2026-10-09,最近完整官方调仓配置（模型权重）,official_rebalance_target,含非精确披露权重，未用推算权重替代,16,1,,"{""2026-06-30"": 100.0}",0,6.842877416458828,10.426214705063169,0,2bf6ba24990dd50c6e3887a4.json,2026-10-09,净值漂移推算,1,,100.0,100.0,0.0
ttfund__ZSRSX2I,南方小目标第8期投顾服务,天天基金/投顾,已停止目标盈期次,计划运作期已结束,2025-09-19,2026-10-09,最近完整官方调仓配置（模型权重）,official_rebalance_target,含非精确披露权重，未用推算权重替代,16,1,,"{""2026-06-30"": 100.0}",0,6.842877416458828,10.426214705063169,0,067ace44b5ad8ed174a0c8a1.json,2026-10-09,净值漂移推算,1,,100.0,100.0,0.0
ttfund__GCUDULC,南方小目标第9期投顾服务,天天基金/投顾,已停止目标盈期次,计划运作期已结束,2025-09-19,2026-10-09,最近完整官方调仓配置（模型权重）,official_rebalance_target,含非精确披露权重，未用推算权重替代,16,1,,"{""2026-06-30"": 100.0}",0,6.842877416458828,10.426214705063169,0,d0d1d1fa8ec8bcdb12fbf19f.json,2026-10-09,净值漂移推算,1,,100.0,100.0,0.0
ttfund__JH3QU0T,南方幸福小目标第1期投顾服务,天天基金/投顾,已停止目标盈期次,计划运作期已结束,2026-07-16,2026-10-09,最近完整官方调仓配置（模型权重）,official_rebalance_target,含非精确披露权重，未用推算权重替代,21,1,,"{""2026-06-30"": 100.00000000000001}",0,12.693725492923662,16.50935956204222,0,31df28688c98753736bf26e2.json,2026-10-09,净值漂移推算,1,,100.00000000000001,100.00000000000001,0.0
ttfund__YEWBDDR,南方幸福小目标第2期投顾服务,天天基金/投顾,已停止目标盈期次,计划运作期已结束,2026-07-16,2026-10-09,最近完整官方调仓配置（模型权重）,official_rebalance_target,含非精确披露权重，未用推算权重替代,21,1,,"{""2026-06-30"": 100.00000000000001}",0,12.693725492923662,16.50935956204222,0,98a1ca0a431a4e13e78b8ca6.json,2026-10-09,净值漂移推算,1,,100.00000000000001,100.00000000000001,0.0
ttfund__TRTX6QU,南方幸福小目标第3期投顾服务,天天基金/投顾,已停止目标盈期次,计划运作期已结束,2026-07-16,2026-10-09,最近完整官方调仓配置（模型权重）,official_rebalance_target,含非精确披露权重，未用推算权重替代,21,1,,"{""2026-06-30"": 100.00000000000001}",0,12.693725492923662,16.50935956204222,0,948ece45e429ef07fd45ff37.json,2026-10-09,净值漂移推算,1,,100.00000000000001,100.00000000000001,0.0
ttfund__PNDHISE,南方幸福小目标第4期投顾服务,天天基金/投顾,已停止目标盈期次,计划运作期已结束,2026-07-16,2026-10-09,最近完整官方调仓配置（模型权重）,official_rebalance_target,含非精确披露权重，未用推算权重替代,21,1,,"{""2026-06-30"": 100.00000000000001}",0,12.693725492923662,16.50935956204222,0,756fd4ca7780f1eb732d6627.json,2026-10-09,净值漂移推算,1,,100.00000000000001,100.00000000000001,0.0
ttfund__WG8YTQU,南方幸福小目标第5期投顾服务,天天基金/投顾,已停止目标盈期次,计划运作期已结束,2026-07-16,2026-10-09,最近完整官方调仓配置（模型权重）,official_rebalance_target,含非精确披露权重，未用推算权重替代,21,1,,"{""2026-06-30"": 100.00000000000001}",0,12.693725492923662,16.50935956204222,0,05a752d4a824fdceaf4f94bb.json,2026-10-09,净值漂移推算,1,,100.00000000000001,100.00000000000001,0.0
ttfund__XII04WJ,南方幸福小目标第6期投顾服务,天天基金/投顾,已停止目标盈期次,已停止,2026-07-16,,最近完整官方调仓配置（模型权重）,official_rebalance_target,缺少当前基金仓位,21,1,,"{""2026-06-30"": 100.00000000000001}",0,12.693725492923662,16.50935956204222,0,3b47c9d2e9e81f1d47dfba87.json,2026-10-09,净值漂移推算,1,,100.00000000000001,100.00000000000001,0.0
ttfund__OD6JMX3,南方幸福小目标第7期投顾服务,天天基金/投顾,已停止目标盈期次,已停止,2026-07-16,,最近完整官方调仓配置（模型权重）,official_rebalance_target,缺少当前基金仓位,21,1,,"{""2026-06-30"": 100.00000000000001}",0,12.693725492923662,16.50935956204222,0,3f9581eeb230b3873998919f.json,2026-10-09,净值漂移推算,1,,100.00000000000001,100.00000000000001,0.0
ttfund__ZGFLR91,南方幸福小目标第8期投顾服务,天天基金/投顾,已停止目标盈期次,已停止,2026-07-16,,最近完整官方调仓配置（模型权重）,official_rebalance_target,缺少当前基金仓位,21,1,,"{""2026-06-30"": 100.00000000000001}",0,12.693725492923662,16.50935956204222,0,8a3abfa4f47fe430a70bba2e.json,2026-10-09,净值漂移推算,1,,100.00000000000001,100.00000000000001,0.0
ttfund__ARPIXW4,南方幸福小目标第9期投顾服务,天天基金/投顾,已停止目标盈期次,计划运作期已结束,2026-07-16,2026-10-09,最近完整官方调仓配置（模型权重）,official_rebalance_target,含非精确披露权重，未用推算权重替代,21,1,,"{""2026-06-30"": 100.00000000000001}",0,12.693725492923662,16.50935956204222,0,9b1a635c53c02fb7f892e647.json,2026-10-09,净值漂移推算,1,,100.00000000000001,100.00000000000001,0.0
ttfund__UXL4LTX,南方活期佳,天天基金/投顾,正常运行,,2023-11-08,2026-10-09,最近完整官方调仓配置（模型权重）,official_rebalance_target,含非精确披露权重，未用推算权重替代,14,1,,"{""2026-06-30"": 100.0}",0,0.0,13.867684632760913,0,346e7ff9a35e8be72ec28872.json,2023-11-08,披露配置（最新权重不可推算）,0,已有更新调仓记录但未通过完整配置核验，不能跨越该事件推算,100.0,100.0,0.0
ttfund__DKZQHMP,南方活钱佳（超级版）,天天基金/投顾,正常运行,,2025-06-06,2026-10-09,最近完整官方调仓配置（模型权重）,official_rebalance_target,含非精确披露权重，未用推算权重替代,38,1,,"{""2026-06-30"": 100.00000000000001}",0,0.0,16.559224011649437,0,2f6ff20fae7d1111ca54b401.json,2026-10-09,净值漂移推算,1,,100.00000000000001,100.00000000000001,0.0
ttfund__PY5QB9H,南方目标盈升级第1期（新年版）,天天基金/投顾,已停止目标盈期次,计划运作期已结束,2024-11-11,2026-10-09,最近完整官方调仓配置（模型权重）,official_rebalance_target,含非精确披露权重，未用推算权重替代,13,1,,"{""2026-06-30"": 100.0}",0,21.922351175841367,16.905934359280444,0,c5ec3a8810178e452137093b.json,2026-10-08,净值漂移推算,1,,100.0,100.0,0.0
ttfund__TS7UFQX,南方目标盈升级第2期,天天基金/投顾,已停止目标盈期次,计划运作期已结束,2024-11-11,2026-10-09,最近完整官方调仓配置（模型权重）,official_rebalance_target,含非精确披露权重，未用推算权重替代,13,1,,"{""2026-06-30"": 100.0}",0,20.198041596968437,17.452728164722174,0,4dd82f4581d1303fbbcbe884.json,2024-11-11,披露配置（最新权重不可推算）,0,已有更新调仓记录但未通过完整配置核验，不能跨越该事件推算,100.0,100.0,0.0
ttfund__IUITT0B,南方纯债优选,天天基金/投顾,正常运行,,2026-09-04,2026-10-09,最近完整官方调仓配置（模型权重）,official_rebalance_target,含非精确披露权重，未用推算权重替代,12,1,,"{""2026-06-30"": 100.00000000000001}",0,0.0,10.539723533350946,0,dc8bcdb77fbb1778f41a2ba5.json,2026-10-09,净值漂移推算,1,,100.00000000000001,100.00000000000001,0.0
ttfund__H5RDKAK,博乐小目标第1期,天天基金/投顾,已停止目标盈期次,计划运作期已结束,2024-05-10,2026-10-09,最近完整官方调仓配置（模型权重）,official_rebalance_target,含非精确披露权重，未用推算权重替代,15,1,,"{""2026-06-30"": 100.0}",0,4.0278123214617985,21.523649326869464,0,1f6b9e31ac3ab0991bea9e53.json,2026-10-09,净值漂移推算,1,,100.0,100.0,0.0
ttfund__NCKJVHR,博时乐享90天,天天基金/投顾,正常运行,,2026-10-09,2026-10-09,最新库内披露仓位,latest_observed_current,,15,1,,"{""2026-06-30"": 99.97999999999999}",0,2.742481152020135,22.31059660511658,0,6b976b5970ac73bc31d3c029.json,2026-10-09,源端最新仓位占比,1,源端占比直接使用；净值滚动未执行：缺少基准日之后净值：019480,99.97999999999999,99.97999999999999,0.0
ttfund__THQXPCK,博时乐享稳健,天天基金/投顾,正常运行,,2026-08-31,2026-10-09,最近完整官方调仓配置（模型权重）,official_rebalance_target,含非精确披露权重，未用推算权重替代,13,1,,"{""2026-06-30"": 99.99999999999999}",0,7.065409174779237,20.80089540451119,0,058b7fce2c6bd05607a9bcb6.json,2026-10-08,净值漂移推算,1,,99.99999999999999,99.99999999999999,0.0
ttfund__LK2O8TA,博时乐意进取,天天基金/投顾,正常运行,,2026-02-12,2026-10-09,最近完整官方调仓配置（模型权重）,official_rebalance_target,含非精确披露权重，未用推算权重替代,20,1,,"{""2026-06-30"": 100.00000000000003}",0,50.149785499826564,5.548664280074315,0,ace4726138424dbc92164b43.json,2026-10-09,净值漂移推算,1,,100.00000000000003,100.00000000000003,0.0
ttfund__XOWFF80,博时乐意锐进,天天基金/投顾,正常运行,,2026-05-13,2026-10-09,最近完整官方调仓配置（模型权重）,official_rebalance_target,含非精确披露权重，未用推算权重替代,16,1,,"{""2026-06-30"": 100.00000000000001}",0,59.816888463382156,0.6680988526885974,0,cc2016e8eac20b6981b36ce1.json,2026-10-09,净值漂移推算,1,,100.00000000000001,100.00000000000001,0.0
ttfund__8M71RJO,博时乐添平衡,天天基金/投顾,正常运行,,2026-02-12,2026-10-09,最近完整官方调仓配置（模型权重）,official_rebalance_target,含非精确披露权重，未用推算权重替代,20,1,,"{""2026-06-30"": 100.00000000000001}",0,36.169359701218056,10.040291762941557,0,bab74a717eb7d4ade98c1060.json,2026-10-09,净值漂移推算,1,,100.00000000000001,100.00000000000001,0.0
ttfund__PJVPQ9F,博时乐添平衡低波,天天基金/投顾,正常运行,,2025-07-03,2026-10-09,最近完整官方调仓配置（模型权重）,official_rebalance_target,含非精确披露权重，未用推算权重替代,22,1,,"{""2026-06-30"": 100.00000000000001}",0,23.40728654123159,16.667279607916054,0,ff9579d25ac7d8f1e9170425.json,2026-10-09,净值漂移推算,1,,100.00000000000001,100.00000000000001,0.0
ttfund__BGYDX5V,博时二八平衡,天天基金/投顾,正常运行,,2026-05-14,2026-10-09,最近完整官方调仓配置（模型权重）,official_rebalance_target,含非精确披露权重，未用推算权重替代,11,1,,"{""2026-06-30"": 100.0}",0,13.980208927543892,11.358009080532403,0,03aace25290cbf6260644785.json,2026-10-09,净值漂移推算,1,,100.0,100.0,0.0
ttfund__XY7G38A,博时价值精选,天天基金/投顾,正常运行,,2026-05-13,2026-10-09,最近完整官方调仓配置（模型权重）,official_rebalance_target,含非精确披露权重，未用推算权重替代,18,1,,"{""2026-06-30"": 100.0}",0,53.06378095365593,0.5206872664238941,1,c5f9b121334a38743b6d9fd2.json,2026-10-08,净值漂移推算,1,,100.0,100.0,0.0
ttfund__LX0X4II,博时权益精选,天天基金/投顾,正常运行,,2026-05-14,2026-10-09,最近完整官方调仓配置（模型权重）,official_rebalance_target,含非精确披露权重，未用推算权重替代,16,1,,"{""2026-06-30"": 99.99999999999999}",0,60.10002129270932,0.6653616412126631,0,8b7be0fd1aec0c83f6c01868.json,2026-10-09,净值漂移推算,1,,99.99999999999999,99.99999999999999,0.0
ttfund__YO2HVUX,博时货币佳,天天基金/投顾,正常运行,,2026-07-22,2026-10-09,最近完整官方调仓配置（模型权重）,official_rebalance_target,含非精确披露权重，未用推算权重替代,11,1,,"{""2026-06-30"": 100.00000000000001}",0,0.0,13.017280090150157,0,e92954965edebde774fc16dc.json,2026-10-09,净值漂移推算,1,,100.00000000000001,100.00000000000001,0.0
ttfund__2CQHYXS,博时零钱佳,天天基金/投顾,正常运行,,2026-07-22,2026-10-08,最近完整官方调仓配置（模型权重）,official_rebalance_target,含非精确披露权重，未用推算权重替代,6,1,,"{""2026-06-30"": 100.0}",0,0.0,14.219120659222904,0,987f2fb8f9662db268418185.json,2026-10-09,净值漂移推算,1,,100.0,100.0,0.0
ttfund__QQOPXC3,司南全球债,天天基金/投顾,正常运行,,2024-03-05,2026-10-09,最近完整官方调仓配置（模型权重）,official_rebalance_target,含非精确披露权重，未用推算权重替代,9,1,,"{""2026-06-30"": 100.0}",0,0.0,17.60209248547099,0,342a1c8988021b85e19463e7.json,2024-03-05,披露配置（最新权重不可推算）,0,已有更新调仓记录但未通过完整配置核验，不能跨越该事件推算,100.0,100.0,0.0
ttfund__4PYO86B,司南全球多元精选,天天基金/投顾,正常运行,on_sale_window,2026-03-03,2026-10-09,最近完整官方调仓配置（模型权重）,official_rebalance_target,含非精确披露权重，未用推算权重替代,15,1,,"{""2026-06-30"": 99.99999999999999}",0,5.143378286650529,8.39297398303627,0,e2e8b1f9e963477807cacc5a.json,2026-10-08,净值漂移推算,1,,99.99999999999999,99.99999999999999,0.0
ttfund__HVOY9NU,司南全球稳健,天天基金/投顾,正常运行,,2026-07-16,2026-10-09,最近完整官方调仓配置（模型权重）,official_rebalance_target,含非精确披露权重，未用推算权重替代,20,1,,"{""2026-06-30"": 99.99999999999999}",0,9.077158800571787,16.465079757415708,0,a9ecf0423081761eb4502f4f.json,2026-10-08,净值漂移推算,1,,99.99999999999999,99.99999999999999,0.0
ttfund__P4LDDZU,司南军工基金精选,天天基金/投顾,正常运行,,2025-05-13,2026-10-09,最近完整官方调仓配置（模型权重）,official_rebalance_target,含非精确披露权重，未用推算权重替代,11,1,,"{""2026-06-30"": 100.0}",0,85.90576833262135,0.6573852235302462,0,50b6138c2ded48231c47edc0.json,2025-05-13,披露配置（最新权重不可推算）,0,已有更新调仓记录但未通过完整配置核验，不能跨越该事件推算,100.0,100.0,0.0
ttfund__3A0QKYY,司南医药基金精选,天天基金/投顾,正常运行,,2026-04-09,2026-10-09,最近完整官方调仓配置（模型权重）,official_rebalance_target,含非精确披露权重，未用推算权重替代,12,1,,"{""2026-06-30"": 100.00000000000001}",0,83.94900239195856,0.9248038351677086,0,fc34fe6fb4b12f1927871922.json,2026-10-09,净值漂移推算,1,,100.00000000000001,100.00000000000001,0.0
ttfund__PEYCXNH,司南双月宝组合,天天基金/投顾,正常运行,,2026-07-21,2026-10-09,最近完整官方调仓配置（模型权重）,official_rebalance_target,含非精确披露权重，未用推算权重替代,21,1,,"{""2026-06-30"": 100.0}",0,1.809093053010737,15.328025264513041,0,5857cd7302edf3bb5ad27733.json,2026-10-09,净值漂移推算,1,,100.0,100.0,0.0
ttfund__6DDGUAZ,司南多因子成长指数组合,天天基金/投顾,正常运行,,2026-09-18,2026-10-09,最近完整官方调仓配置（模型权重）,official_rebalance_target,含非精确披露权重，未用推算权重替代,14,1,,"{""2026-06-30"": 100.0}",0,25.140539155039015,2.0241137104200972,0,d54283939b802dbe1948ca6e.json,2026-10-09,净值漂移推算,1,,100.0,100.0,0.0
ttfund__TRPPXDI,司南多因子成长组合,天天基金/投顾,正常运行,on_sale_window,2026-09-18,2026-10-09,最近完整官方调仓配置（模型权重）,official_rebalance_target,含非精确披露权重，未用推算权重替代,14,1,,"{""2026-06-30"": 100.0}",0,25.14286111217126,2.002956158892403,0,3712ad08688671f6135b6877.json,2026-10-09,净值漂移推算,1,,100.0,100.0,0.0
ttfund__OOHJCI0,司南多因子蓝筹指数组合,天天基金/投顾,正常运行,,2026-09-18,2026-10-09,最近完整官方调仓配置（模型权重）,official_rebalance_target,含非精确披露权重，未用推算权重替代,14,1,,"{""2026-06-30"": 100.0}",0,25.135530076913188,2.0697561674152616,0,873d336ac0faf8a79a5ad791.json,2026-10-09,净值漂移推算,1,,100.0,100.0,0.0
ttfund__AJVD96Y,司南多因子蓝筹组合,天天基金/投顾,正常运行,on_sale_window,2025-10-31,2026-10-09,最近完整官方调仓配置（模型权重）,official_rebalance_target,含非精确披露权重，未用推算权重替代,13,1,,"{""2026-06-30"": 100.0}",0,62.23782188919713,0.17221509251269568,0,d5d4f3979096e7ff5cb82311.json,2025-10-31,披露配置（最新权重不可推算）,0,已有更新调仓记录但未通过完整配置核验，不能跨越该事件推算,100.0,100.0,0.0
ttfund__FGNY3LQ,司南多资产稳健配置组合,天天基金/投顾,正常运行,,2025-10-16,2026-10-09,最近完整官方调仓配置（模型权重）,official_rebalance_target,含非精确披露权重，未用推算权重替代,22,1,,"{""2026-06-30"": 100.0}",0,5.267572158589812,13.8344394506536,1,faa030c3889ea67b730fa9b6.json,2025-10-16,披露配置（最新权重不可推算）,0,已有更新调仓记录但未通过完整配置核验，不能跨越该事件推算,100.0,100.0,0.0
ttfund__O5YDO1C,司南安鑫一号(第06期）,天天基金/投顾,正常运行,,2026-07-16,2026-10-08,最近完整官方调仓配置（模型权重）,official_rebalance_target,含非精确披露权重，未用推算权重替代,20,1,,"{""2026-06-30"": 99.99999999999997}",0,11.831877059929838,14.213225001640888,0,f832997aca8fd0b0dbea15e8.json,2026-10-08,净值漂移推算,1,,99.99999999999997,99.99999999999997,0.0
ttfund__UCGO0WB,司南安鑫一号(第07期),天天基金/投顾,正常运行,,2026-07-16,2026-10-09,最近完整官方调仓配置（模型权重）,official_rebalance_target,含非精确披露权重，未用推算权重替代,20,1,,"{""2026-06-30"": 99.99999999999997}",0,11.831877059929838,14.213225001640888,0,e45cf42784a33fa419e46d2f.json,2026-10-08,净值漂移推算,1,,99.99999999999997,99.99999999999997,0.0
ttfund__JTEPK8E,司南安鑫一号(第08期),天天基金/投顾,正常运行,,2026-07-16,2026-10-09,最近完整官方调仓配置（模型权重）,official_rebalance_target,含非精确披露权重，未用推算权重替代,20,1,,"{""2026-06-30"": 99.99999999999997}",0,11.831877059929838,14.213225001640888,0,5b945ceac7a0f2f0144acef6.json,2026-10-08,净值漂移推算,1,,99.99999999999997,99.99999999999997,0.0
ttfund__X3G9J3L,司南安鑫一号(第09期),天天基金/投顾,正常运行,,2026-07-16,2026-10-09,最近完整官方调仓配置（模型权重）,official_rebalance_target,含非精确披露权重，未用推算权重替代,20,1,,"{""2026-06-30"": 99.99999999999997}",0,11.831877059929838,14.213225001640888,0,6cf6c17f1d51d6e58517a0c1.json,2026-10-08,净值漂移推算,1,,99.99999999999997,99.99999999999997,0.0
ttfund__AJKFK06,司南安鑫一号(第10期),天天基金/投顾,正常运行,,2026-07-16,2026-10-09,最近完整官方调仓配置（模型权重）,official_rebalance_target,含非精确披露权重，未用推算权重替代,20,1,,"{""2026-06-30"": 99.99999999999997}",0,11.831877059929838,14.213225001640888,0,84076210882992a97a6f969c.json,2026-10-08,净值漂移推算,1,,99.99999999999997,99.99999999999997,0.0
ttfund__C6FAILB,司南安鑫一号(第11期),天天基金/投顾,正常运行,,2026-07-16,2026-10-08,最近完整官方调仓配置（模型权重）,official_rebalance_target,含非精确披露权重，未用推算权重替代,20,1,,"{""2026-06-30"": 99.99999999999997}",0,11.831877059929838,14.213225001640888,0,ef2a637a2bd2ceea6f7deb9d.json,2026-10-08,净值漂移推算,1,,99.99999999999997,99.99999999999997,0.0
ttfund__3GDYXUI,司南安鑫一号(第12期),天天基金/投顾,正常运行,,2026-07-16,2026-10-08,最近完整官方调仓配置（模型权重）,official_rebalance_target,含非精确披露权重，未用推算权重替代,20,1,,"{""2026-06-30"": 99.99999999999997}",0,11.831877059929838,14.213225001640888,0,6c8b73b818259c3b87625835.json,2026-10-08,净值漂移推算,1,,99.99999999999997,99.99999999999997,0.0
ttfund__6SRWJDN,司南安鑫一号(第13期),天天基金/投顾,正常运行,,2026-07-16,2026-10-09,最近完整官方调仓配置（模型权重）,official_rebalance_target,含非精确披露权重，未用推算权重替代,20,1,,"{""2026-06-30"": 99.99999999999997}",0,11.831877059929838,14.213225001640888,0,b240abd355fe8f83c79da592.json,2026-10-08,净值漂移推算,1,,99.99999999999997,99.99999999999997,0.0
ttfund__1EXSG0P,司南安鑫一号(第14期),天天基金/投顾,正常运行,,2026-07-16,2026-10-09,最近完整官方调仓配置（模型权重）,official_rebalance_target,含非精确披露权重，未用推算权重替代,20,1,,"{""2026-06-30"": 99.99999999999997}",0,11.831877059929838,14.213225001640888,0,b6267361a0f5c6aff2d1b541.json,2026-10-08,净值漂移推算,1,,99.99999999999997,99.99999999999997,0.0
ttfund__10U9IPJ,司南安鑫一号(第15期),天天基金/投顾,正常运行,,2026-07-16,2026-10-09,最近完整官方调仓配置（模型权重）,official_rebalance_target,含非精确披露权重，未用推算权重替代,20,1,,"{""2026-06-30"": 99.99999999999997}",0,11.831877059929838,14.213225001640888,0,7f1dbb588a07d9621df69953.json,2026-10-08,净值漂移推算,1,,99.99999999999997,99.99999999999997,0.0
ttfund__MRWGY6N,司南安鑫一号(第16期),天天基金/投顾,正常运行,,2026-07-16,2026-10-09,最近完整官方调仓配置（模型权重）,official_rebalance_target,含非精确披露权重，未用推算权重替代,20,1,,"{""2026-06-30"": 99.99999999999997}",0,11.831877059929838,14.213225001640888,0,bbf29bb4a2ac50cd98bc1c6f.json,2026-10-08,净值漂移推算,1,,99.99999999999997,99.99999999999997,0.0
ttfund__1ADGYE7,司南安鑫一号(第17期),天天基金/投顾,正常运行,,2026-07-16,2026-10-08,最近完整官方调仓配置（模型权重）,official_rebalance_target,含非精确披露权重，未用推算权重替代,20,1,,"{""2026-06-30"": 99.99999999999997}",0,11.831877059929838,14.213225001640888,0,0a12d5ca197c6ec5bd8acbdb.json,2026-10-08,净值漂移推算,1,,99.99999999999997,99.99999999999997,0.0
ttfund__AIJXWP5,司南安鑫一号(第18期),天天基金/投顾,正常运行,,2026-07-16,2026-10-09,最近完整官方调仓配置（模型权重）,official_rebalance_target,含非精确披露权重，未用推算权重替代,20,1,,"{""2026-06-30"": 99.99999999999997}",0,11.831877059929838,14.213225001640888,0,968d8b9fe83794015723b815.json,2026-10-08,净值漂移推算,1,,99.99999999999997,99.99999999999997,0.0
ttfund__DEL9XBW,司南安鑫一号(第19期),天天基金/投顾,正常运行,,2026-07-16,2026-10-09,最近完整官方调仓配置（模型权重）,official_rebalance_target,含非精确披露权重，未用推算权重替代,20,1,,"{""2026-06-30"": 99.99999999999997}",0,11.831877059929838,14.213225001640888,0,cbc4cba38d646f8aab514546.json,2026-10-08,净值漂移推算,1,,99.99999999999997,99.99999999999997,0.0
ttfund__5GGOSCB,司南安鑫一号(第20期),天天基金/投顾,正常运行,,2026-07-16,2026-10-09,最近完整官方调仓配置（模型权重）,official_rebalance_target,含非精确披露权重，未用推算权重替代,20,1,,"{""2026-06-30"": 99.99999999999997}",0,11.831877059929838,14.213225001640888,0,93e3e3b7344cb2931cfc9194.json,2026-10-08,净值漂移推算,1,,99.99999999999997,99.99999999999997,0.0
ttfund__AI4BMSO,司南小目标组合,天天基金/投顾,目标盈期次,认购期,2026-07-16,2026-10-09,最近完整官方调仓配置（模型权重）,official_rebalance_target,含非精确披露权重，未用推算权重替代,19,1,,"{""2026-06-30"": 100.0}",0,11.840130746256575,19.367939901495465,0,52bb35554c35d0551c7fee9a.json,2026-10-08,净值漂移推算,1,,100.0,100.0,0.0
ttfund__ZL3HUKR,司南平均律,天天基金/投顾,正常运行,,2026-08-11,2026-10-09,最近完整官方调仓配置（模型权重）,official_rebalance_target,含非精确披露权重，未用推算权重替代,19,1,,"{""2026-06-30"": 100.0}",0,12.292963465508299,20.119357148271845,0,5219ad93b51d2feee3cdb4cf.json,2026-10-09,净值漂移推算,1,,100.0,100.0,0.0
ttfund__H0ZPFFI,司南新能源基金精选,天天基金/投顾,正常运行,,2026-08-31,2026-10-09,最近完整官方调仓配置（模型权重）,official_rebalance_target,含非精确披露权重，未用推算权重替代,12,1,,"{""2026-06-30"": 99.99999999999999}",0,82.22976348957938,0.5467458937547212,0,5d09993936ab9288e09e0780.json,2026-10-09,净值漂移推算,1,,99.99999999999999,99.99999999999999,0.0
ttfund__IBP9DAS,司南月利宝组合,天天基金/投顾,正常运行,,2026-05-13,2026-10-09,最近完整官方调仓配置（模型权重）,official_rebalance_target,含非精确披露权重，未用推算权重替代,9,1,,"{""2026-06-30"": 100.0}",0,0.0,13.252775553139955,0,7ced686f24ddff9b6181fa1b.json,2026-10-09,净值漂移推算,1,,100.0,100.0,0.0
ttfund__7VS1PHH,司南消费基金精选,天天基金/投顾,正常运行,,2026-09-08,2026-10-08,最近完整官方调仓配置（模型权重）,official_rebalance_target,含非精确披露权重，未用推算权重替代,12,1,,"{""2026-06-30"": 99.99999999999999}",0,53.46117029174666,2.3811705021906446,0,9eea01110acccfaf32481b36.json,2026-10-09,净值漂移推算,1,,99.99999999999999,99.99999999999999,0.0
ttfund__5E8B7CL,司南科技基金精选,天天基金/投顾,正常运行,,2026-04-09,2026-10-09,最近完整官方调仓配置（模型权重）,official_rebalance_target,含非精确披露权重，未用推算权重替代,12,1,,"{""2026-06-30"": 100.0}",0,65.67890279129935,0.21765539173950615,0,a12b698fe7ffe42f0f82263b.json,2026-10-09,净值漂移推算,1,,100.0,100.0,0.0
ttfund__3LMKEMM,司南绝对收益稳健组合,天天基金/投顾,正常运行,,2026-08-06,2026-10-09,最近完整官方调仓配置（模型权重）,official_rebalance_target,含非精确披露权重，未用推算权重替代,18,1,,"{""2026-06-30"": 100.0}",0,5.759916919613314,16.160175439071192,0,786d07d5cd89df3312715f68.json,2026-10-08,净值漂移推算,1,,100.0,100.0,0.0
ttfund__FP14LGN,司南绝对收益组合,天天基金/投顾,正常运行,,2026-07-14,2026-10-09,最近完整官方调仓配置（模型权重）,official_rebalance_target,含非精确披露权重，未用推算权重替代,16,1,,"{""2026-06-30"": 100.00000000000003}",0,10.489587374822314,18.46087596174031,0,6d26730b7f8e78e1658b98f3.json,2026-10-09,净值漂移推算,1,,100.00000000000003,100.00000000000003,0.0
ttfund__NTTJHCT,司南股债平衡组合,天天基金/投顾,正常运行,,2026-08-12,2026-10-09,最近完整官方调仓配置（模型权重）,official_rebalance_target,含非精确披露权重，未用推算权重替代,20,1,,"{""2026-06-30"": 100.00000000000001}",0,38.93659536792171,8.255048775369541,0,eb6f62047d876178d600b8e2.json,2026-10-09,净值漂移推算,1,,100.00000000000001,100.00000000000001,0.0
ttfund__QXL1U5W,司南股债平衡蓝筹组合,天天基金/投顾,正常运行,,2026-08-11,2026-10-09,最近完整官方调仓配置（模型权重）,official_rebalance_target,含非精确披露权重，未用推算权重替代,20,1,,"{""2026-06-30"": 100.0}",0,23.548611011143798,14.482209936910193,0,51e91db5ac244dc4bb492863.json,2026-10-09,净值漂移推算,1,,100.0,100.0,0.0
ttfund__SRLRIB3,司南股债灵活组合,天天基金/投顾,正常运行,,2026-07-16,2026-10-09,最近完整官方调仓配置（模型权重）,official_rebalance_target,含非精确披露权重，未用推算权重替代,17,1,,"{""2026-06-30"": 100.0}",0,26.889454295244985,16.481887162352127,0,b4a443d26875a4e7916cf198.json,2026-10-09,净值漂移推算,1,,100.0,100.0,0.0
ttfund__NOWCG9Q,司南股债灵活蓝筹组合,天天基金/投顾,正常运行,,2025-09-08,2026-10-09,最近完整官方调仓配置（模型权重）,official_rebalance_target,含非精确披露权重，未用推算权重替代,14,1,,"{""2026-06-30"": 100.00000000000001}",0,23.449654859228943,12.536432207159933,0,cafae9929131729f1e555815.json,2025-09-08,披露配置（最新权重不可推算）,0,已有更新调仓记录但未通过完整配置核验，不能跨越该事件推算,100.00000000000001,100.00000000000001,0.0
ttfund__JN5CWYU,司南股债积极组合,天天基金/投顾,正常运行,,2025-07-03,2026-10-09,最近完整官方调仓配置（模型权重）,official_rebalance_target,含非精确披露权重，未用推算权重替代,16,1,,"{""2026-06-30"": 100.00000000000001}",0,56.55041659953592,6.013842326789713,0,5c8047a83c75e67b949d24a3.json,2026-10-09,净值漂移推算,1,,100.00000000000001,100.00000000000001,0.0
ttfund__JGJ5PX0,司南股债积极蓝筹组合,天天基金/投顾,正常运行,,2022-01-24,2026-10-08,最近完整官方调仓配置（模型权重）,official_rebalance_target,含非精确披露权重，未用推算权重替代,18,1,,"{""2026-06-30"": 100.0}",0,59.25874397247576,7.213891656220303,0,e6c2da936aecaf3c519f2b0d.json,2022-01-24,披露配置（最新权重不可推算）,0,已有更新调仓记录但未通过完整配置核验，不能跨越该事件推算,100.0,100.0,0.0
ttfund__QFTTBAD,司南股债稳健组合,天天基金/投顾,正常运行,,2026-05-15,2026-10-08,最近完整官方调仓配置（模型权重）,official_rebalance_target,含非精确披露权重，未用推算权重替代,24,1,,"{""2026-06-30"": 100.0}",0,14.953459130409327,16.621475718584254,0,bc41b4ee3cc8ec0aa4e984f6.json,2026-10-09,净值漂移推算,1,,100.0,100.0,0.0
ttfund__A3BTEVU,司南股债稳健蓝筹组合,天天基金/投顾,正常运行,,2026-05-15,2026-10-09,最近完整官方调仓配置（模型权重）,official_rebalance_target,含非精确披露权重，未用推算权重替代,24,1,,"{""2026-06-30"": 100.0}",0,14.953459130409327,16.621475718584254,0,d51440620363426b2b3303e5.json,2026-10-09,净值漂移推算,1,,100.0,100.0,0.0
ttfund__ZFRPOGL,司南股债进取成长组合,天天基金/投顾,正常运行,,2026-08-11,2026-10-08,最近完整官方调仓配置（模型权重）,official_rebalance_target,含非精确披露权重，未用推算权重替代,21,1,,"{""2026-06-30"": 99.99999999999999}",0,46.046774190490524,8.799348910205405,0,1a3312389f0f469f636ce7cc.json,2026-10-09,净值漂移推算,1,,99.99999999999999,99.99999999999999,0.0
ttfund__FFNEFQ1,司南股债进取蓝筹组合,天天基金/投顾,正常运行,,2024-12-16,2026-10-09,最近完整官方调仓配置（模型权重）,official_rebalance_target,含非精确披露权重，未用推算权重替代,17,1,,"{""2026-06-30"": 99.99999999999999}",0,67.64362192354459,3.8492859358548834,0,efb1e6ca2f072a46ff3fd465.json,2026-10-09,净值漂移推算,1,,99.99999999999999,99.99999999999999,0.0
ttfund__OCSBPNQ,司南锐进组合(第03期),天天基金/投顾,正常运行,,2026-04-10,2026-10-09,最近完整官方调仓配置（模型权重）,official_rebalance_target,含非精确披露权重，未用推算权重替代,18,1,,"{""2026-06-30"": 100.0}",0,70.1922097386933,4.58460802209213,0,fa2593ae8d2737064597ec54.json,2026-10-09,净值漂移推算,1,,100.0,100.0,0.0
ttfund__ZEWPRLR,司南锐进组合(第04期),天天基金/投顾,正常运行,,2026-04-10,2026-10-09,最近完整官方调仓配置（模型权重）,official_rebalance_target,含非精确披露权重，未用推算权重替代,18,1,,"{""2026-06-30"": 100.0}",0,70.1922097386933,4.58460802209213,0,e04d13206369de62f7c161ea.json,2026-10-09,净值漂移推算,1,,100.0,100.0,0.0
ttfund__Z1KBZFM,司南锐进组合(第05期),天天基金/投顾,正常运行,,2026-04-10,2026-10-09,最近完整官方调仓配置（模型权重）,official_rebalance_target,含非精确披露权重，未用推算权重替代,18,1,,"{""2026-06-30"": 100.0}",0,70.1922097386933,4.58460802209213,0,d056a89f735da3272bf83701.json,2026-10-09,净值漂移推算,1,,100.0,100.0,0.0
ttfund__M6TBXUT,司南锐进组合(第06期),天天基金/投顾,正常运行,,2026-04-10,2026-10-09,最近完整官方调仓配置（模型权重）,official_rebalance_target,含非精确披露权重，未用推算权重替代,18,1,,"{""2026-06-30"": 100.0}",0,70.1922097386933,4.58460802209213,0,91c906187ed87fd1f41de862.json,2026-10-09,净值漂移推算,1,,100.0,100.0,0.0
ttfund__POPDTG9,司南锐进组合(第07期),天天基金/投顾,正常运行,,2026-04-10,2026-10-09,最近完整官方调仓配置（模型权重）,official_rebalance_target,含非精确披露权重，未用推算权重替代,18,1,,"{""2026-06-30"": 100.0}",0,70.1922097386933,4.58460802209213,0,541aa9beb77dbe2f8b7da93c.json,2026-10-09,净值漂移推算,1,,100.0,100.0,0.0
ttfund__C7LE4FD,司南锐进组合(第08期),天天基金/投顾,正常运行,,2026-04-10,2026-10-09,最近完整官方调仓配置（模型权重）,official_rebalance_target,含非精确披露权重，未用推算权重替代,18,1,,"{""2026-06-30"": 100.0}",0,70.1922097386933,4.58460802209213,0,ce33a8665b5c2a642aaf7d8f.json,2026-10-09,净值漂移推算,1,,100.0,100.0,0.0
ttfund__BWOUMRF,司南锐进组合(第09期),天天基金/投顾,正常运行,,2026-04-10,2026-10-09,最近完整官方调仓配置（模型权重）,official_rebalance_target,含非精确披露权重，未用推算权重替代,18,1,,"{""2026-06-30"": 100.0}",0,70.1922097386933,4.58460802209213,0,9ab4988d47e0c117b6d2ce32.json,2026-10-09,净值漂移推算,1,,100.0,100.0,0.0
ttfund__8VFC252,司南锐进组合(第10期),天天基金/投顾,正常运行,,2026-04-10,2026-10-09,最近完整官方调仓配置（模型权重）,official_rebalance_target,含非精确披露权重，未用推算权重替代,18,1,,"{""2026-06-30"": 100.0}",0,70.1922097386933,4.58460802209213,0,4f18594883ded9484556df17.json,2026-10-09,净值漂移推算,1,,100.0,100.0,0.0
ttfund__UGGUKP1,司南锐进组合(第11期),天天基金/投顾,正常运行,,2026-04-10,2026-10-09,最近完整官方调仓配置（模型权重）,official_rebalance_target,含非精确披露权重，未用推算权重替代,18,1,,"{""2026-06-30"": 100.0}",0,70.1922097386933,4.58460802209213,0,59d833de966d0bdfe5a77b0f.json,2026-10-09,净值漂移推算,1,,100.0,100.0,0.0
ttfund__VY5GLQI,司南锐进组合(第12期),天天基金/投顾,正常运行,,2026-04-10,2026-10-09,最近完整官方调仓配置（模型权重）,official_rebalance_target,含非精确披露权重，未用推算权重替代,18,1,,"{""2026-06-30"": 100.0}",0,70.1922097386933,4.58460802209213,0,941628774a7be2785dc32bba.json,2026-10-09,净值漂移推算,1,,100.0,100.0,0.0
ttfund__SDZXB0L,司南锐进组合(第13期),天天基金/投顾,正常运行,,2026-04-10,2026-10-09,最近完整官方调仓配置（模型权重）,official_rebalance_target,含非精确披露权重，未用推算权重替代,18,1,,"{""2026-06-30"": 100.0}",0,70.1922097386933,4.58460802209213,0,3a6424dc8e695baa0bcb4da4.json,2026-10-09,净值漂移推算,1,,100.0,100.0,0.0
ttfund__1DJMO4K,司南锐进组合(第14期),天天基金/投顾,正常运行,,2026-04-10,2026-10-09,最近完整官方调仓配置（模型权重）,official_rebalance_target,含非精确披露权重，未用推算权重替代,18,1,,"{""2026-06-30"": 100.0}",0,70.1922097386933,4.58460802209213,0,9e9975b477dea5a6676c8620.json,2026-10-09,净值漂移推算,1,,100.0,100.0,0.0
ttfund__6UA9HEM,司南锐进组合(第15期),天天基金/投顾,正常运行,,2026-04-10,2026-10-09,最近完整官方调仓配置（模型权重）,official_rebalance_target,含非精确披露权重，未用推算权重替代,18,1,,"{""2026-06-30"": 100.0}",0,70.1922097386933,4.58460802209213,0,4808a8f39f8a3ed5f52b3705.json,2026-10-09,净值漂移推算,1,,100.0,100.0,0.0
ttfund__RJ2SEY0,司南锐进组合(第16期),天天基金/投顾,正常运行,,2026-04-10,2026-10-09,最近完整官方调仓配置（模型权重）,official_rebalance_target,含非精确披露权重，未用推算权重替代,18,1,,"{""2026-06-30"": 100.0}",0,70.1922097386933,4.58460802209213,0,db5b0579677517590954836c.json,2026-10-09,净值漂移推算,1,,100.0,100.0,0.0
ttfund__10GPI1I,司南锐进组合(第17期),天天基金/投顾,正常运行,,2026-04-10,2026-10-09,最近完整官方调仓配置（模型权重）,official_rebalance_target,含非精确披露权重，未用推算权重替代,18,1,,"{""2026-06-30"": 100.0}",0,70.1922097386933,4.58460802209213,0,4639425643d2b09b6c2ec76d.json,2026-10-09,净值漂移推算,1,,100.0,100.0,0.0
ttfund__GFBGH41,君盈-成长,天天基金/投顾,正常运行,,2026-08-07,2026-10-09,最近完整官方调仓配置（模型权重）,official_rebalance_target,含非精确披露权重，未用推算权重替代,23,1,,"{""2026-06-30"": 100.00000000000001}",0,35.7379399215452,3.625721105938523,0,d96c20229c5e4d899a850f8d.json,2026-10-09,净值漂移推算,1,,100.00000000000001,100.00000000000001,0.0
ttfund__KOY1T0A,启明星理财升级目标盈 01 期,天天基金/投顾,已停止目标盈期次,计划运作期已结束,2023-04-07,2026-10-09,最近完整官方调仓配置（模型权重）,official_rebalance_target,含非精确披露权重，未用推算权重替代；基金权重和1.0500%超出100%±0.02个百分点,22,1,,"{""2026-06-30"": 100.0}",0,8.517268651026429,15.212118773147104,0,7f65a0a12da1cdeb6d73a668.json,2023-04-07,披露配置（最新权重不可推算）,0,已有更新调仓记录但未通过完整配置核验，不能跨越该事件推算,100.0,100.0,0.0
ttfund__94D01XL,启明星理财升级目标盈 02 期,天天基金/投顾,已停止目标盈期次,计划运作期已结束,2023-04-07,2026-10-09,最近完整官方调仓配置（模型权重）,official_rebalance_target,含非精确披露权重，未用推算权重替代；基金权重和1.0500%超出100%±0.02个百分点,22,1,,"{""2026-06-30"": 100.0}",0,8.517268651026429,15.212118773147104,0,18f376c7622f4004b82fa61f.json,2023-04-07,披露配置（最新权重不可推算）,0,已有更新调仓记录但未通过完整配置核验，不能跨越该事件推算,100.0,100.0,0.0
ttfund__DDTUO7E,启明星理财升级目标盈03期,天天基金/投顾,已停止目标盈期次,计划运作期已结束,2022-10-19,2026-10-09,最近完整官方调仓配置（模型权重）,official_rebalance_target,含非精确披露权重，未用推算权重替代；基金权重和1.0500%超出100%±0.02个百分点,23,1,,"{""2026-06-30"": 100.0}",0,6.335587437793045,15.786287595014558,0,dc39af30b6a5675a3fb0c4ee.json,2022-10-19,披露配置（最新权重不可推算）,0,已有更新调仓记录但未通过完整配置核验，不能跨越该事件推算,100.0,100.0,0.0
ttfund__2HPWYLH,启明星理财升级目标盈04期,天天基金/投顾,已停止目标盈期次,计划运作期已结束,2025-10-30,2026-10-08,最近完整官方调仓配置（模型权重）,official_rebalance_target,含非精确披露权重，未用推算权重替代,21,1,,"{""2026-06-30"": 100.00000000000001}",0,11.065006734775368,16.059412136839896,0,dffd0112c191bb926d041610.json,2026-10-09,净值漂移推算,1,,100.00000000000001,100.00000000000001,0.0
ttfund__FDYVTCO,启明星理财升级目标盈05期,天天基金/投顾,已停止目标盈期次,计划运作期已结束,2025-10-30,2026-10-09,最近完整官方调仓配置（模型权重）,official_rebalance_target,含非精确披露权重，未用推算权重替代,21,1,,"{""2026-06-30"": 100.00000000000001}",0,11.065006734775368,16.059412136839896,0,82d7d9cad099258507ba95b0.json,2026-10-09,净值漂移推算,1,,100.00000000000001,100.00000000000001,0.0
ttfund__EZRMNYC,启明星理财升级目标盈06期,天天基金/投顾,已停止目标盈期次,计划运作期已结束,2025-10-30,2026-10-09,最近完整官方调仓配置（模型权重）,official_rebalance_target,含非精确披露权重，未用推算权重替代,21,1,,"{""2026-06-30"": 100.00000000000001}",0,11.065006734775368,16.059412136839896,0,95cdf4d613f267fd313cb71d.json,2026-10-09,净值漂移推算,1,,100.00000000000001,100.00000000000001,0.0
ttfund__3GR6SHU,启明星理财升级目标盈07期,天天基金/投顾,已停止目标盈期次,计划运作期已结束,2025-10-30,2026-10-09,最近完整官方调仓配置（模型权重）,official_rebalance_target,含非精确披露权重，未用推算权重替代,21,1,,"{""2026-06-30"": 100.00000000000001}",0,11.065006734775368,16.059412136839896,0,cbf00d66a4dd84523becb296.json,2026-10-09,净值漂移推算,1,,100.00000000000001,100.00000000000001,0.0
ttfund__ASFP5CL,启明星理财升级目标盈08期,天天基金/投顾,已停止目标盈期次,计划运作期已结束,2025-10-30,2026-10-09,最近完整官方调仓配置（模型权重）,official_rebalance_target,含非精确披露权重，未用推算权重替代,21,1,,"{""2026-06-30"": 100.00000000000001}",0,11.065006734775368,16.059412136839896,0,1311f1a5679fe9172b568849.json,2026-10-09,净值漂移推算,1,,100.00000000000001,100.00000000000001,0.0
ttfund__UT9WXGJ,启明星理财升级目标盈09期,天天基金/投顾,已停止目标盈期次,计划运作期已结束,2025-10-30,2026-10-09,最近完整官方调仓配置（模型权重）,official_rebalance_target,含非精确披露权重，未用推算权重替代,21,1,,"{""2026-06-30"": 100.00000000000001}",0,11.065006734775368,16.059412136839896,0,7fb55c87d0ed445f9d1922ba.json,2026-10-09,净值漂移推算,1,,100.00000000000001,100.00000000000001,0.0
ttfund__UO0NUPR,和光无为,天天基金/投顾,正常运行,,2026-09-15,2026-10-08,最近完整官方调仓配置（模型权重）,official_rebalance_target,含非精确披露权重，未用推算权重替代,22,1,,"{""2026-06-30"": 100.00000000000001}",0,6.964505606409332,17.617673260748074,0,a7bf607ac11b831e1508c0a1.json,2026-10-09,净值漂移推算,1,,100.00000000000001,100.00000000000001,0.0
ttfund__GGHVLYL,和光无锋,天天基金/投顾,正常运行,,2026-09-15,2026-10-09,最近完整官方调仓配置（模型权重）,official_rebalance_target,含非精确披露权重，未用推算权重替代,26,1,,"{""2026-06-30"": 99.99999999999997}",0,15.910039513314327,12.262054470466145,0,17a417e9d3dfbdd5f6b9fcce.json,2026-10-09,净值漂移推算,1,,99.99999999999997,99.99999999999997,0.0
ttfund__E01AOGG,嗨投小海飞跃号,天天基金/投顾,正常运行,,2023-05-05,2026-10-09,最近完整官方调仓配置（模型权重）,official_rebalance_target,含非精确披露权重，未用推算权重替代,11,1,,"{""2026-06-30"": 99.99999999999999}",0,46.24472143916305,2.3267862709104468,0,1d190fe700c52223cd9b20a5.json,2026-10-09,净值漂移推算,1,,99.99999999999999,99.99999999999999,0.0
ttfund__0FL9P5D,嘉合汇稳盈增利,天天基金/投顾,正常运行,,2024-07-29,2026-10-09,最近完整官方调仓配置（模型权重）,official_rebalance_target,含非精确披露权重，未用推算权重替代,14,1,,"{""2026-06-30"": 100.0}",0,0.0,17.977805814796245,0,8bf2c7de2a4fb9381841e578.json,2026-10-09,净值漂移推算,1,,100.0,100.0,0.0
ttfund__PBQO6KY,嘉实全明星精选组合,天天基金/投顾,正常运行,on_sale_window,2026-10-09,2026-10-09,最新库内披露仓位,latest_observed_current,,15,1,,"{""2026-06-30"": 99.98999999999998}",0,54.707583178150294,0.24383760054654807,0,d3944a314ccbc3419f4e0df7.json,2026-10-09,源端最新仓位占比,1,,99.98999999999998,99.98999999999998,0.0
ttfund__3JXFPOK,嘉实天天嘉币宝,天天基金/投顾,正常运行,,2026-10-09,2026-10-09,最新库内披露仓位,latest_observed_current,,12,1,,"{""2026-06-30"": 99.97999999999999}",0,0.0,14.773392996268537,0,5078e8fa4fc50b65685a59d3.json,2026-10-09,源端最新仓位占比,1,,99.97999999999999,99.97999999999999,0.0
ttfund__9KUSDD2,嘉实小杏运组合第1期,天天基金/投顾,已停止目标盈期次,已停止,2024-01-18,,最近完整官方调仓配置（模型权重）,official_rebalance_target,缺少当前基金仓位,2,1,,"{""2026-06-30"": 100.00000000000001}",0,0.0,0.15446417420851763,0,51810942441da1a389d13db3.json,2026-10-09,净值漂移推算,1,,100.00000000000001,100.00000000000001,0.0
ttfund__GBMCNVY,嘉实小杏运组合第2期,天天基金/投顾,已停止目标盈期次,已停止,2024-01-18,,最近完整官方调仓配置（模型权重）,official_rebalance_target,缺少当前基金仓位,2,1,,"{""2026-06-30"": 100.00000000000001}",0,0.0,0.15446417420851763,0,52cc17d2c71c5e8def9a405e.json,2026-10-09,净值漂移推算,1,,100.00000000000001,100.00000000000001,0.0
ttfund__NLEZCJG,嘉实小福气组合,天天基金/投顾,正常运行,,2026-10-09,2026-10-09,最新库内披露仓位,latest_observed_current,,12,1,,"{""2026-06-30"": 100.0}",0,11.406713696462152,25.598297374085192,0,29b1c76d70c53492c5007760.json,2026-10-09,源端最新仓位占比,1,,100.0,100.0,0.0
ttfund__SBGVYSH,嘉实小雀幸目标盈第1期,天天基金/投顾,已停止目标盈期次,计划运作期已结束,2026-07-31,2026-10-09,最近完整官方调仓配置（模型权重）,official_rebalance_target,含非精确披露权重，未用推算权重替代,10,1,,"{""2026-06-30"": 100.00000000000001}",0,16.516041219556335,23.96327348705805,0,d117c1aa1529976005d08ea7.json,2026-10-09,净值漂移推算,1,,100.00000000000001,100.00000000000001,0.0
ttfund__SCYDSBL,嘉实小雀幸目标盈第2期,天天基金/投顾,已停止目标盈期次,计划运作期已结束,2024-05-15,2026-10-09,最近完整官方调仓配置（模型权重）,official_rebalance_target,含非精确披露权重，未用推算权重替代,16,1,,"{""2026-06-30"": 100.0}",0,9.476781755265154,17.137401478595145,0,d502b4a6eaafae81436daade.json,2024-05-15,披露配置（最新权重不可推算）,0,已有更新调仓记录但未通过完整配置核验，不能跨越该事件推算,100.0,100.0,0.0
ttfund__6D2EKJA,嘉实小雀幸目标盈第3期,天天基金/投顾,已停止目标盈期次,计划运作期已结束,2026-07-31,2026-10-09,最近完整官方调仓配置（模型权重）,official_rebalance_target,含非精确披露权重，未用推算权重替代,10,1,,"{""2026-06-30"": 100.00000000000001}",0,16.516041219556335,23.96327348705805,0,5b9f024d3851ece5eba9aacc.json,2026-10-09,净值漂移推算,1,,100.00000000000001,100.00000000000001,0.0
ttfund__DBNYENK,嘉实攻守道太极组合,天天基金/投顾,正常运行,,2026-10-09,2026-10-09,最新库内披露仓位,latest_observed_current,,13,1,,"{""2026-06-30"": 100.00000000000001}",0,29.251644387649915,13.215172507308912,0,5a082a1416aebe7cdada03e2.json,2026-10-09,源端最新仓位占比,1,,100.00000000000001,100.00000000000001,0.0
ttfund__AILVXKB,嘉实百灵多元配置,天天基金/投顾,目标盈期次,认购期,2026-10-09,2026-10-09,最新库内披露仓位,latest_observed_current,,12,1,,"{""2026-06-30"": 99.99000000000001}",0,5.59885895152498,13.97349253369354,0,23b6c07dd8275e3d46a85f3e.json,2026-10-09,源端最新仓位占比,1,,99.99000000000001,99.99000000000001,0.0
ttfund__5ZEBTMB,嘉实百灵多元配置策略,天天基金/投顾,正常运行,on_sale_window,2026-10-09,2026-10-09,最新库内披露仓位,latest_observed_current,,12,1,,"{""2026-06-30"": 99.99000000000001}",0,5.59885895152498,13.97349253369354,0,5fbe70713479a4ef172f3c4d.json,2026-10-09,源端最新仓位占比,1,,99.99000000000001,99.99000000000001,0.0
ttfund__NBKRTDY,嘉实财富固收Plus,天天基金/投顾,正常运行,,2026-10-09,2026-10-09,最新库内披露仓位,latest_observed_current,,12,1,,"{""2026-06-30"": 100.00999999999999}",0,10.659813009703464,27.200307135189533,0,9a93ef52d13da4a4aef2022e.json,2026-10-09,源端最新仓位占比,1,,100.00999999999999,100.00999999999999,0.0
ttfund__JJYDADT,嘉实财富固收优选,天天基金/投顾,正常运行,,2026-10-09,2026-10-09,最新库内披露仓位,latest_observed_current,,10,1,,"{""2026-06-30"": 100.00999999999999}",0,6.377865620208828,18.87506753622517,0,ddcbe22e372a4e58464e1157.json,2026-10-09,源端最新仓位占比,1,,100.00999999999999,100.00999999999999,0.0
ttfund__1E8NGQ7,嘉实财富权益甄选,天天基金/投顾,正常运行,,2026-10-08,2026-10-08,最新库内披露仓位,latest_observed_current,,14,1,,"{""2026-06-30"": 100.00000000000001}",0,49.47211227357987,1.2233360240523397,0,b43a367c7a0f2e6890ee94d9.json,2026-10-09,净值漂移推算,1,,100.00000000000001,100.00000000000001,0.0
ttfund__8X100BX,固收加精选,天天基金/投顾,正常运行,,2026-09-04,2026-10-09,最近完整官方调仓配置（模型权重）,official_rebalance_target,含非精确披露权重，未用推算权重替代,11,1,,"{""2026-06-30"": 100.0}",0,5.3476599802483715,20.43941785471396,0,2a492d66d6d16fc5abea0f20.json,2026-10-09,净值漂移推算,1,,100.0,100.0,0.0
ttfund__GGQW8NK,固收多利,天天基金/投顾,正常运行,,2026-06-01,2026-10-09,最近完整官方调仓配置（模型权重）,official_rebalance_target,含非精确披露权重，未用推算权重替代,13,1,,"{""2026-06-30"": 98.05714728828976}",0,4.488179437955749,36.6770344468245,0,bec924af941037b64e27f355.json,2026-10-08,净值漂移推算,1,,98.05714728828976,98.05714728828976,1.9428527117102357
ttfund__V5EUKMN,固若金汤,天天基金/投顾,正常运行,on_sale_window,2025-10-30,2026-10-09,最近完整官方调仓配置（模型权重）,official_rebalance_target,含非精确披露权重，未用推算权重替代,13,1,,"{""2026-06-30"": 99.99999999999997}",0,0.0,18.016039199539673,0,7e31a4feb907b4072e8f7cd6.json,2026-10-08,净值漂移推算,1,,99.99999999999997,99.99999999999997,0.0
ttfund__1STACE0,国信300增强,天天基金/投顾,正常运行,,2026-10-09,2026-10-09,最新库内披露仓位,latest_observed_current,,9,1,,"{""2026-06-30"": 99.97999999999999}",0,74.75701484897812,1.035014815699032,0,9cf88c18f31d98fd0bd8539e.json,2026-10-09,源端最新仓位占比,1,,99.97999999999999,99.97999999999999,0.0
ttfund__CTDSPLY,国信优势成长,天天基金/投顾,正常运行,,2026-10-09,2026-10-09,最新库内披露仓位,latest_observed_current,,12,1,,"{""2026-06-30"": 100.00000000000001}",0,39.07567250174984,1.185862115456124,0,916473dd149025ef5231a99b.json,2026-10-09,源端最新仓位占比,1,,100.00000000000001,100.00000000000001,0.0
ttfund__7ZSLPH1,国信固收嘉,天天基金/投顾,正常运行,,2026-10-09,2026-10-09,最新库内披露仓位,latest_observed_current,,25,1,,"{""2026-06-30"": 100.00999999999999}",0,14.519184627848993,14.966738639294974,0,3b56432932f786fbb27d7e0d.json,2026-10-09,源端最新仓位占比,1,,100.00999999999999,100.00999999999999,0.0
ttfund__9F01XG1,国信基本面行业轮动,天天基金/投顾,正常运行,on_sale_window,2024-05-10,2026-10-09,最近完整官方调仓配置（模型权重）,official_rebalance_target,含非精确披露权重，未用推算权重替代,6,1,,"{""2026-06-30"": 100.0}",0,0.41392737970345805,0.5342116627332996,0,3a4fc40cc0327aae2a5edac2.json,2026-10-09,净值漂移推算,1,,100.0,100.0,0.0
ttfund__SXVM6YO,国信季季宝,天天基金/投顾,正常运行,,2026-10-09,2026-10-09,最新库内披露仓位,latest_observed_current,,14,1,,"{""2026-06-30"": 100.00999999999999}",0,0.0,12.667951634599692,0,1d3eabf577a061cfc1934c42.json,2026-10-09,源端最新仓位占比,1,,100.00999999999999,100.00999999999999,0.0
ttfund__BI2AB5W,国信成长先锋,天天基金/投顾,正常运行,on_sale_window,2025-09-18,2026-10-09,最近完整官方调仓配置（模型权重）,official_rebalance_target,含非精确披露权重，未用推算权重替代,10,1,,"{""2026-06-30"": 100.00000000000001}",0,6.9664885239375405,1.9908033375862995,0,52cbe83fa7c4f35f078eefa0.json,2026-10-09,净值漂移推算,1,,100.00000000000001,100.00000000000001,0.0
ttfund__DMJAIPP,国信理财乐,天天基金/投顾,正常运行,,2026-10-08,2026-10-09,最近完整历史仓位,historical_exact,基金权重和99.9700%超出100%±0.02个百分点,23,1,,"{""2026-06-30"": 100.0}",0,9.056939606668637,12.880652939535965,0,fa202a6622294edad57fe631.json,2026-10-09,净值漂移推算,1,,100.0,100.0,0.0
ttfund__1OFFZXW,国富乘风破浪小目标组合,天天基金/投顾,目标盈期次,认购期,2026-09-24,2026-10-09,最近完整官方调仓配置（模型权重）,official_rebalance_target,含非精确披露权重，未用推算权重替代,22,1,,"{""2026-06-30"": 100.0}",0,9.321910880440484,16.2396964377948,1,eb7929a7286ae322f5ad313c.json,2026-10-08,净值漂移推算,1,,100.0,100.0,0.0
ttfund__0WCXULX,国富大理想权益精选组合,天天基金/投顾,正常运行,on_sale_window,2026-09-24,2026-10-09,最近完整官方调仓配置（模型权重）,official_rebalance_target,含非精确披露权重，未用推算权重替代,17,1,,"{""2026-06-30"": 99.99999999999999}",0,54.34386024452612,2.4486116370831246,1,aac888faabef0046d0746871.json,2026-10-08,净值漂移推算,1,,99.99999999999999,99.99999999999999,0.0
ttfund__KECU258,国富大航海全球精选组合,天天基金/投顾,正常运行,,2025-03-07,2026-10-09,最近完整官方调仓配置（模型权重）,official_rebalance_target,含非精确披露权重，未用推算权重替代,17,1,,"{""2026-06-30"": 100.0}",0,17.03640567347048,1.9538059230792744,4,aac7fc8d8c0c1b9f00101306.json,2026-10-08,净值漂移推算,1,,100.0,100.0,0.0
ttfund__ZBWOVPR,国富安盈低波小目标组合,天天基金/投顾,目标盈期次,认购期,2026-10-09,2026-10-09,最新库内披露仓位,latest_observed_current,,20,1,,"{""2026-06-30"": 100.01}",0,4.949151982698451,17.934542778307765,1,8393d517a97f8eafd242b5b6.json,2026-10-09,源端最新仓位占比,1,"源端占比直接使用；净值滚动未执行：缺少基准日之后净值：006373,000103",100.01,100.01,0.0
ttfund__9E5D4W4,国富小争先股债平衡组合,天天基金/投顾,正常运行,on_sale_window,2026-09-24,2026-10-09,最近完整官方调仓配置（模型权重）,official_rebalance_target,含非精确披露权重，未用推算权重替代,19,1,,"{""2026-06-30"": 99.99999999999999}",0,33.17770516856229,10.65784502484767,1,3fca59a35f0a6275803d8c31.json,2026-10-08,净值漂移推算,1,,99.99999999999999,99.99999999999999,0.0
ttfund__CHVBDH0,国富小目标01期,天天基金/投顾,已停止目标盈期次,计划运作期已结束,2024-03-01,2026-10-09,最近完整官方调仓配置（模型权重）,official_rebalance_target,含非精确披露权重，未用推算权重替代,17,1,,"{""2026-06-30"": 100.00000000000001}",0,14.018219650678745,17.55306204200998,0,888168c8e940430c371bd1c9.json,2026-10-09,净值漂移推算,1,,100.00000000000001,100.00000000000001,0.0
ttfund__Z8Y7ERA,国富小目标02期,天天基金/投顾,已停止目标盈期次,计划运作期已结束,2026-09-24,2026-10-08,最近完整官方调仓配置（模型权重）,official_rebalance_target,含非精确披露权重，未用推算权重替代,23,1,,"{""2026-06-30"": 99.99999999999999}",0,13.195309674542797,17.20007506332243,1,f7d4c2580b08dafdad6eb870.json,2026-10-08,净值漂移推算,1,,99.99999999999999,99.99999999999999,0.0
ttfund__GHCCUYV,国富小目标03期,天天基金/投顾,已停止目标盈期次,已停止,2024-03-01,,最近完整官方调仓配置（模型权重）,official_rebalance_target,缺少当前基金仓位,17,1,,"{""2026-06-30"": 100.00000000000003}",0,13.992498865982672,18.942042678252427,0,a8b8e00112de30dcf89b34d8.json,2026-10-09,净值漂移推算,1,,100.00000000000003,100.00000000000003,0.0
ttfund__YH1BZOK,国富小目标04期,天天基金/投顾,已停止目标盈期次,已停止,2024-03-01,,最近完整官方调仓配置（模型权重）,official_rebalance_target,缺少当前基金仓位,17,1,,"{""2026-06-30"": 100.00000000000003}",0,13.992498865982672,18.942042678252427,0,7619744c6a97a8f9eda64e90.json,2026-10-09,净值漂移推算,1,,100.00000000000003,100.00000000000003,0.0
ttfund__G3D2964,国富小美好固收增强组合,天天基金/投顾,正常运行,on_sale_window,2026-09-24,2026-10-09,最近完整官方调仓配置（模型权重）,official_rebalance_target,含非精确披露权重，未用推算权重替代,20,1,,"{""2026-06-30"": 100.0}",0,9.128486217378464,17.48811191909333,1,e089bf6353c03478391f32c6.json,2026-10-08,净值漂移推算,1,,100.0,100.0,0.0
ttfund__MHCZ93K,国富小鑫运货币增强组合,天天基金/投顾,正常运行,,2025-09-11,2026-10-08,最近完整官方调仓配置（模型权重）,official_rebalance_target,含非精确披露权重，未用推算权重替代,14,1,,"{""2026-06-30"": 100.0}",0,0.0,16.668997629908016,0,030190d1fbd43589b9fdcfba.json,2026-10-09,净值漂移推算,1,,100.0,100.0,0.0
ttfund__YGD6IS1,国富川流不息固收增强组合,天天基金/投顾,正常运行,,2026-09-24,2026-10-09,最近完整官方调仓配置（模型权重）,official_rebalance_target,含非精确披露权重，未用推算权重替代,21,1,,"{""2026-06-30"": 100.00000000000001}",0,12.251027726401126,17.027729828034555,1,cc7fb2f3c5246090a67ff7b9.json,2026-10-08,净值漂移推算,1,,100.00000000000001,100.00000000000001,0.0
ttfund__VEEM5AA,国富细水长流固收增强组合,天天基金/投顾,正常运行,,2026-09-24,2026-10-09,最近完整官方调仓配置（模型权重）,official_rebalance_target,含非精确披露权重，未用推算权重替代,14,1,,"{""2026-06-30"": 99.99999999999999}",0,3.976008882018458,15.247221471485615,0,90d2888c1436f8ad64dfbd71.json,2026-10-09,净值漂移推算,1,,99.99999999999999,99.99999999999999,0.0
ttfund__JW6THOY,国泰00后（2060）养老,天天基金/投顾,正常运行,,2025-11-18,2026-10-09,最近完整官方调仓配置（模型权重）,official_rebalance_target,含非精确披露权重，未用推算权重替代,8,1,,"{""2026-06-30"": 99.99999999999997}",0,17.300834706714422,1.778518551291227,0,f99ca356d0e3b9b2819db6b0.json,2026-10-09,净值漂移推算,1,,99.99999999999997,99.99999999999997,0.0
ttfund__IJHZCKB,国泰80后（2040）养老,天天基金/投顾,正常运行,,2024-03-01,2026-10-09,最近完整官方调仓配置（模型权重）,official_rebalance_target,含非精确披露权重，未用推算权重替代,13,1,,"{""2026-06-30"": 100.0}",0,26.95369301645267,17.06527232764945,0,2c337733f6ff1357eeea5831.json,2024-03-01,披露配置（最新权重不可推算）,0,已有更新调仓记录但未通过完整配置核验，不能跨越该事件推算,100.0,100.0,0.0
ttfund__Q0ZLTYI,国泰90后（2050）养老,天天基金/投顾,正常运行,,2025-11-18,2026-10-09,最近完整官方调仓配置（模型权重）,official_rebalance_target,含非精确披露权重，未用推算权重替代,8,1,,"{""2026-06-30"": 100.0}",0,15.386551775432553,2.2430606114924134,0,1b0dc98ec0807da7121279d4.json,2026-10-09,净值漂移推算,1,,100.0,100.0,0.0
ttfund__UXXBKEZ,国泰中特估基金精选,天天基金/投顾,正常运行,,2025-11-18,2026-10-09,最近完整官方调仓配置（模型权重）,official_rebalance_target,含非精确披露权重，未用推算权重替代,14,1,,"{""2026-06-30"": 99.99999999999999}",0,14.934505462765033,2.529607853399318,0,c6775166f16d9a340f48bd1f.json,2026-10-09,净值漂移推算,1,,99.99999999999999,99.99999999999999,0.0
ttfund__7FFW3XD,国泰平衡更甜蜜,天天基金/投顾,正常运行,,2025-06-06,2026-10-09,最近完整官方调仓配置（模型权重）,official_rebalance_target,含非精确披露权重，未用推算权重替代,13,1,,"{""2026-06-30"": 100.0}",0,12.276518493660735,21.76678862979824,0,460297ecc9ca3e3e32974dcb.json,2025-06-06,披露配置（最新权重不可推算）,0,已有更新调仓记录但未通过完整配置核验，不能跨越该事件推算,100.0,100.0,0.0
ttfund__2GXNMMI,国泰数字经济基金精选,天天基金/投顾,正常运行,,2025-11-18,2026-10-09,最近完整官方调仓配置（模型权重）,official_rebalance_target,含非精确披露权重，未用推算权重替代,14,1,,"{""2026-06-30"": 100.00000000000001}",0,11.090061147803024,2.4408526926426104,0,e3356951b7b7a01db0a4f24c.json,2026-10-09,净值漂移推算,1,,100.00000000000001,100.00000000000001,0.0
ttfund__KIB3KWQ,国泰永续目标盈,天天基金/投顾,目标盈期次,认购期,2025-06-11,2026-10-09,最近完整官方调仓配置（模型权重）,official_rebalance_target,含非精确披露权重，未用推算权重替代,14,1,,"{""2026-06-30"": 100.0}",0,5.467364420420716,27.133704407629136,0,56ed8c34aff96f7db3cf9403.json,2025-06-11,披露配置（最新权重不可推算）,0,已有更新调仓记录但未通过完整配置核验，不能跨越该事件推算,100.0,100.0,0.0
ttfund__CCMSPMC,国泰活钱+,天天基金/投顾,正常运行,,2026-10-09,2026-10-09,最新库内披露仓位,latest_observed_current,,26,1,,"{""2026-06-30"": 99.98}",0,0.0,13.984813905597319,0,e5849bf20c73a01e05dfae82.json,2026-10-09,源端最新仓位占比,1,,99.98,99.98,0.0
ttfund__FZOIIEG,国泰目标盈01期,天天基金/投顾,已停止目标盈期次,计划运作期已结束,2026-10-09,2026-10-09,最新库内披露仓位,latest_observed_current,,1,1,,"{""2026-06-30"": 100.0}",0,0.0,19.35067813654153,0,33d918fce569ed6d5dfb261e.json,2026-10-11,净值漂移推算,1,,100.0,100.0,0.0
ttfund__PLHJPPN,国泰目标盈03期,天天基金/投顾,已停止目标盈期次,计划运作期已结束,2024-09-13,2026-10-09,最近完整官方调仓配置（模型权重）,official_rebalance_target,含非精确披露权重，未用推算权重替代,15,1,,"{""2026-06-30"": 100.0}",0,15.283601229048466,25.779058438800526,0,cd023801692cbbaff5e88a2e.json,2024-09-13,披露配置（最新权重不可推算）,0,已有更新调仓记录但未通过完整配置核验，不能跨越该事件推算,100.0,100.0,0.0
ttfund__QZ7HSD6,国泰目标盈04期,天天基金/投顾,已停止目标盈期次,已停止,2024-03-01,,最近完整官方调仓配置（模型权重）,official_rebalance_target,缺少当前基金仓位,14,1,,"{""2026-06-30"": 100.0}",0,13.391090232476145,20.062177868422015,0,c3790c886932662b37020df7.json,2026-10-09,净值漂移推算,1,,100.0,100.0,0.0
ttfund__0ZRNTQZ,国泰目标盈05期,天天基金/投顾,已停止目标盈期次,已停止,2024-09-13,,最近完整官方调仓配置（模型权重）,official_rebalance_target,缺少当前基金仓位,15,1,,"{""2026-06-30"": 99.99999999999999}",0,11.359642594225393,26.854436411926162,0,8a556d6e681bfe3677fc18e1.json,2026-08-17,净值漂移推算（净值较旧）,0,共同净值日期距观察日超过14天，未标为最新可用,99.99999999999999,99.99999999999999,0.0
ttfund__LLKGLTI,国泰目标盈06期,天天基金/投顾,已停止目标盈期次,已停止,2024-10-11,,最近完整官方调仓配置（模型权重）,official_rebalance_target,缺少当前基金仓位,13,1,,"{""2026-06-30"": 100.00000000000001}",0,11.204710532099003,33.73633400719307,0,ae40dad825048693ad168852.json,2026-08-17,净值漂移推算（净值较旧）,0,共同净值日期距观察日超过14天，未标为最新可用,100.00000000000001,100.00000000000001,0.0
ttfund__ES9HSK8,国泰目标盈07期,天天基金/投顾,已停止目标盈期次,已停止,2025-02-18,,最近完整官方调仓配置（模型权重）,official_rebalance_target,缺少当前基金仓位,13,1,,"{""2026-06-30"": 99.99999999999999}",0,2.9920336031431507,34.5510919949246,0,8910110e5bbef2c1b7e9c4b9.json,2026-08-17,净值漂移推算（净值较旧）,0,共同净值日期距观察日超过14天，未标为最新可用,99.99999999999999,99.99999999999999,0.0
ttfund__2KX8JKH,国泰目标盈第2期,天天基金/投顾,已停止目标盈期次,计划运作期已结束,2025-06-06,2026-10-09,最近完整官方调仓配置（模型权重）,official_rebalance_target,含非精确披露权重，未用推算权重替代,14,1,,"{""2026-06-30"": 100.0}",0,11.899182571776858,27.222019130081314,0,35aa21b9b92812ce00dc3900.json,2025-06-06,披露配置（最新权重不可推算）,0,已有更新调仓记录但未通过完整配置核验，不能跨越该事件推算,100.0,100.0,0.0
ttfund__WBHNFVU,国泰货币佳,天天基金/投顾,正常运行,,2023-04-27,2026-10-09,最近完整官方调仓配置（模型权重）,official_rebalance_target,含非精确披露权重，未用推算权重替代,7,1,,"{""2026-06-30"": 100.0}",0,0.0,14.71243464918906,0,dc76b8a859601ebb6a650899.json,2026-10-09,净值漂移推算,1,,100.0,100.0,0.0
ttfund__A3KWSCA,国泰进取全球配置,天天基金/投顾,正常运行,,2025-06-06,2026-10-09,最近完整官方调仓配置（模型权重）,official_rebalance_target,含非精确披露权重，未用推算权重替代,9,1,,"{""2026-06-30"": 100.0}",0,9.617247403477785,2.419430636945458,0,f7e8419528ae8090dc62e09c.json,2025-06-06,披露配置（最新权重不可推算）,0,已有更新调仓记录但未通过完整配置核验，不能跨越该事件推算,100.0,100.0,0.0
ttfund__6GN48J5,国泰进取群星荟,天天基金/投顾,正常运行,,2025-11-18,2026-10-09,最近完整官方调仓配置（模型权重）,official_rebalance_target,含非精确披露权重，未用推算权重替代,9,1,,"{""2026-06-30"": 99.99999999999999}",0,20.856780382051785,7.611502455622169,0,1dcd1f391b2ad0c43b0f3208.json,2026-10-09,净值漂移推算,1,,99.99999999999999,99.99999999999999,0.0
ttfund__DV05MJS,国泰闲钱稳步走,天天基金/投顾,正常运行,,2025-11-18,2026-10-09,最近完整官方调仓配置（模型权重）,official_rebalance_target,含非精确披露权重，未用推算权重替代,11,1,,"{""2026-06-30"": 100.00000000000001}",0,5.5789250312136796,18.412461475443546,0,a53a39b9f1adc56adb79567d.json,2026-10-09,净值漂移推算,1,,100.00000000000001,100.00000000000001,0.0
ttfund__WFYZMVR,国联和光藏锋,天天基金/投顾,正常运行,,2026-09-15,2026-10-09,最近完整官方调仓配置（模型权重）,official_rebalance_target,含非精确披露权重，未用推算权重替代,23,1,,"{""2026-06-30"": 100.00000000000001}",0,55.198914720342344,5.166211403480241,0,dca1362ec9ed37c9799de125.json,2026-10-09,净值漂移推算,1,,100.00000000000001,100.00000000000001,0.0
ttfund__FI7B1IK,国联和光藏锋2号,天天基金/投顾,正常运行,,2026-09-15,2026-10-09,最近完整官方调仓配置（模型权重）,official_rebalance_target,含非精确披露权重，未用推算权重替代,24,1,,"{""2026-06-30"": 100.0}",0,53.78767836872975,4.118471450842619,0,c1dc829006b58c3673b800ae.json,2026-10-09,净值漂移推算,1,,100.0,100.0,0.0
ttfund__M8H8VUM,国联平稳小目标01期,天天基金/投顾,已停止目标盈期次,计划运作期已结束,2023-05-29,2026-10-09,最近完整官方调仓配置（模型权重）,official_rebalance_target,含非精确披露权重，未用推算权重替代,26,1,,"{""2026-06-30"": 99.99999999999999}",0,44.52529318269305,7.436605679366927,0,b7b00fe337babb74a1cce783.json,2026-10-09,净值漂移推算,1,,99.99999999999999,99.99999999999999,0.0
ttfund__IPUBSGP,国联平稳小目标02期,天天基金/投顾,已停止目标盈期次,计划运作期已结束,2023-05-29,2026-10-09,最近完整官方调仓配置（模型权重）,official_rebalance_target,含非精确披露权重，未用推算权重替代,26,1,,"{""2026-06-30"": 99.99999999999999}",0,44.52529318269305,7.436605679366927,0,2cc68492ac6191b7a252830a.json,2026-10-09,净值漂移推算,1,,99.99999999999999,99.99999999999999,0.0
ttfund__FR87X7I,国联平稳小目标03期,天天基金/投顾,已停止目标盈期次,计划运作期已结束,2023-05-29,2026-10-09,最近完整官方调仓配置（模型权重）,official_rebalance_target,含非精确披露权重，未用推算权重替代,26,1,,"{""2026-06-30"": 99.99999999999999}",0,44.52529318269305,7.436605679366927,0,e0b3e10435db03b8959160b3.json,2026-10-09,净值漂移推算,1,,99.99999999999999,99.99999999999999,0.0
ttfund__B3KF2QG,国联平衡小目标04期,天天基金/投顾,已停止目标盈期次,计划运作期已结束,2026-10-09,2026-10-09,最新库内披露仓位,latest_observed_current,含非精确披露权重，未用推算权重替代,22,0,含非精确披露权重，未用推算权重替代,{},0,,,0,b804a8c9c5790d0d32f9127d.json,,缺少可用基金配置,0,缺少完整配置,,,
ttfund__UR4I6A7,国联睿平衡,天天基金/投顾,正常运行,,2025-09-24,2026-10-08,最近完整官方调仓配置（模型权重）,official_rebalance_target,含非精确披露权重，未用推算权重替代,20,1,,"{""2026-06-30"": 99.99999999999999}",0,27.609805193302698,15.25245299784404,0,c0f2e9458b1699d02c6f21ec.json,2026-10-09,净值漂移推算,1,,99.99999999999999,99.99999999999999,0.0
ttfund__B7TTJ2E,国联睿稳健,天天基金/投顾,正常运行,,2025-09-24,2026-10-09,最近完整官方调仓配置（模型权重）,official_rebalance_target,含非精确披露权重，未用推算权重替代,21,1,,"{""2026-06-30"": 100.00000000000001}",0,8.697479873094025,23.36804663188058,0,6313ccb6d63577a6803b7047.json,2026-10-09,净值漂移推算,1,,100.00000000000001,100.00000000000001,0.0
ttfund__JANTLEH,国联睿精选,天天基金/投顾,正常运行,,2024-06-18,2026-10-09,最近完整官方调仓配置（模型权重）,official_rebalance_target,含非精确披露权重，未用推算权重替代,19,1,,"{""2026-06-30"": 100.0}",0,57.36911014613625,2.16710694480023,0,9f97afd73ae6d7ffdf6d8f64.json,2024-06-18,披露配置（最新权重不可推算）,0,已有更新调仓记录但未通过完整配置核验，不能跨越该事件推算,100.0,100.0,0.0
ttfund__4DUEQSK,坚若磐石,天天基金/投顾,正常运行,on_sale_window,2026-08-24,2026-10-09,最近完整官方调仓配置（模型权重）,official_rebalance_target,含非精确披露权重，未用推算权重替代,19,1,,"{""2026-06-30"": 99.99999999999999}",0,0.9242430310094428,14.609076934058484,0,49cb6aa54469127fb8dc8926.json,2026-10-08,净值漂移推算,1,,99.99999999999999,99.99999999999999,0.0
ttfund__NWLCBFK,坚若磐石PLUS,天天基金/投顾,正常运行,on_sale_window,2026-08-24,2026-10-09,最近完整官方调仓配置（模型权重）,official_rebalance_target,含非精确披露权重，未用推算权重替代,18,1,,"{""2026-06-30"": 100.00000000000003}",0,3.2458258388676384,10.149998374586328,0,40f3b84f8763c1d161d6ecb9.json,2026-10-08,净值漂移推算,1,,100.00000000000003,100.00000000000003,0.0
ttfund__ZPSGI2S,基星高照-稳健固收,天天基金/投顾,正常运行,,2026-10-09,2026-10-09,最新库内披露仓位,latest_observed_current,,10,1,,"{""2026-06-30"": 99.98999999999998}",0,2.9210373105304184,13.906147811197478,0,f8a4d158fa3adf524cc449ab.json,2026-10-09,源端最新仓位占比,1,,99.98999999999998,99.98999999999998,0.0
ttfund__8YTAXE0,基星高照-精选权益,天天基金/投顾,正常运行,,2026-10-09,2026-10-09,最新库内披露仓位,latest_observed_current,,11,1,,"{""2026-06-30"": 100.0}",0,52.456055950264336,1.5227714456888237,0,fbffba3d76be54e3a9083cb1.json,2026-10-09,源端最新仓位占比,1,,100.0,100.0,0.0
ttfund__IEB54NN,多元稳健配置策略,天天基金/投顾,官方业绩曲线异常,on_sale_window,2026-10-09,2026-10-09,最新库内披露仓位,latest_observed_current,,2,1,,"{""2026-06-30"": 100.0}",0,0.0,7.319258912064945,0,4b001875fda6c0184b3eac1e.json,2026-10-09,源端最新仓位占比,1,源端占比直接使用；净值滚动未执行：缺少基准日之后净值：019630,100.0,100.0,0.0
ttfund__ZWQLWLB,多元稳钱宝,天天基金/投顾,正常运行,,2026-02-06,2026-10-09,最近完整官方调仓配置（模型权重）,official_rebalance_target,含非精确披露权重，未用推算权重替代,19,1,,"{""2026-06-30"": 99.99999999999999}",0,3.806196352279234,24.245195863046842,0,67c06b10ed8ede31e2cd534e.json,2026-10-08,净值漂移推算,1,,99.99999999999999,99.99999999999999,0.0
ttfund__UZ5TJ0P,多利宝,天天基金/投顾,正常运行,,2026-07-27,2026-10-09,最近完整官方调仓配置（模型权重）,official_rebalance_target,含非精确披露权重，未用推算权重替代,22,1,,"{""2026-06-30"": 100.00000000000001}",0,1.3905542891548746,17.341235595204225,1,9327888ede0dd0fffd6aca3f.json,2026-10-08,净值漂移推算,1,,100.00000000000001,100.00000000000001,0.0
ttfund__DYOFRZG,大成滚雪球,天天基金/投顾,正常运行,on_sale_window,2025-12-29,2026-10-09,最近完整官方调仓配置（模型权重）,official_rebalance_target,含非精确披露权重，未用推算权重替代,13,1,,"{""2026-06-30"": 100.0}",0,8.820346954928027,25.205388111049377,1,241b84bd27224a631a07cb24.json,2025-12-29,披露配置（最新权重不可推算）,0,已有更新调仓记录但未通过完整配置核验，不能跨越该事件推算,100.0,100.0,0.0
ttfund__SDNDMEG,大方向之行稳致远策略,天天基金/投顾,正常运行,,2026-06-29,2026-10-09,最近完整官方调仓配置（模型权重）,official_rebalance_target,含非精确披露权重，未用推算权重替代,12,1,,"{""2026-06-30"": 100.00000000000001}",0,51.165130000491544,0.7107792519116569,0,a4982d9d47b93f314cc07b81.json,2026-10-09,净值漂移推算,1,,100.00000000000001,100.00000000000001,0.0
ttfund__ZTYYYUC,大方向平稳小目标01期,天天基金/投顾,已停止目标盈期次,已停止,2022-12-29,,最近完整官方调仓配置（模型权重）,official_rebalance_target,缺少当前基金仓位,19,1,,"{""2026-06-30"": 100.0}",0,20.273841489219343,15.451268033564716,0,90c436066d0d4b0fee5469dd.json,2022-12-29,披露配置（最新权重不可推算）,0,已有更新调仓记录但未通过完整配置核验，不能跨越该事件推算,100.0,100.0,0.0
ttfund__1AF0DKO,大方向平稳小目标02期,天天基金/投顾,已停止目标盈期次,计划运作期已结束,2023-04-04,2026-10-09,最近完整官方调仓配置（模型权重）,official_rebalance_target,含非精确披露权重，未用推算权重替代,19,1,,"{""2026-06-30"": 99.99999999999997}",0,20.31887945824146,15.448583226149736,0,47ccd3cdcc56040fd8527e23.json,2026-10-09,净值漂移推算,1,,99.99999999999997,99.99999999999997,0.0
ttfund__XZNXAJX,大趋势之不易被替代的HALO资产,天天基金/投顾,正常运行,,2026-08-03,2026-10-08,最近完整官方调仓配置（模型权重）,official_rebalance_target,含非精确披露权重，未用推算权重替代,17,1,,"{""2026-06-30"": 99.99999999999999}",0,18.641656300848876,0.9191802643158515,0,a53b63c00d9d192502919ebe.json,2026-09-28,净值漂移推算,1,,99.99999999999999,99.99999999999999,0.0
ttfund__NUXSZHW,大趋势之中国科技自主可控,天天基金/投顾,正常运行,,2026-08-03,2026-10-09,最近完整官方调仓配置（模型权重）,official_rebalance_target,含非精确披露权重，未用推算权重替代,18,1,,"{""2026-06-30"": 100.00000000000003}",0,39.903938161895326,0.8399933450726038,0,59b0968d53cce8ff35ce4cde.json,2026-10-09,净值漂移推算,1,,100.00000000000003,100.00000000000003,0.0
ttfund__YA1NMFE,大趋势之中国高端制造业崛起,天天基金/投顾,正常运行,,2026-06-25,2026-10-09,最近完整官方调仓配置（模型权重）,official_rebalance_target,含非精确披露权重，未用推算权重替代,29,1,,"{""2026-06-30"": 99.99999999999997}",0,23.253650100236875,0.9039047146920027,0,07574aad17b9827a7b876684.json,2026-10-09,净值漂移推算,1,,99.99999999999997,99.99999999999997,0.0
ttfund__6FCHB1Q,大趋势之中资企业大出海时代,天天基金/投顾,正常运行,,2026-06-15,2026-10-09,最近完整官方调仓配置（模型权重）,official_rebalance_target,含非精确披露权重，未用推算权重替代,25,1,,"{""2026-06-30"": 100.0}",0,43.758661379306915,0.5951626509757195,0,36eab917d3efba4249687105.json,2026-10-09,净值漂移推算,1,,100.0,100.0,0.0
ttfund__Q9YN9J3,大趋势之价值红利现金流,天天基金/投顾,正常运行,,2026-08-10,2026-10-09,最近完整官方调仓配置（模型权重）,official_rebalance_target,含非精确披露权重，未用推算权重替代,13,1,,"{""2026-06-30"": 100.00000000000001}",0,23.896736121477495,0.8478929640314918,0,5f59f4480ae2104b65b9315b.json,2026-10-09,净值漂移推算,1,,100.00000000000001,100.00000000000001,0.0
ttfund__A76IS0D,大趋势之全球AI大时代,天天基金/投顾,正常运行,,2026-06-25,2026-10-09,最近完整官方调仓配置（模型权重）,official_rebalance_target,含非精确披露权重，未用推算权重替代,41,1,,"{""2026-06-30"": 85.0}",0,20.55497779339357,0.667817223889415,18,624d7abdb1613ea70527ea30.json,2026-06-25,披露配置（最新权重不可推算）,0,"缺少基准日之后净值：968010,968062,968073",85.0,85.0,15.0
ttfund__IJ4S8CC,大趋势之全球长寿医药健康产业,天天基金/投顾,正常运行,,2026-08-13,2026-10-09,最近完整官方调仓配置（模型权重）,official_rebalance_target,含非精确披露权重，未用推算权重替代,20,1,,"{""2026-06-30"": 100.0}",0,44.18119665632605,0.4269343900886175,4,4a009071bb7aa96c906dccee.json,2026-10-08,净值漂移推算,1,,100.0,100.0,0.0
ttfund__MXC11UH,大趋势之国产AI全产业链,天天基金/投顾,正常运行,,2026-08-03,2026-10-08,最近完整官方调仓配置（模型权重）,official_rebalance_target,含非精确披露权重，未用推算权重替代,20,1,,"{""2026-06-30"": 99.99999999999999}",0,45.7451036723381,0.6074489910693419,0,e1bb46e1527380d5b26176ed.json,2026-10-08,净值漂移推算,1,,99.99999999999999,99.99999999999999,0.0
ttfund__UHO110K,大趋势之微盘策略精选,天天基金/投顾,正常运行,,2026-07-30,2026-10-09,最近完整官方调仓配置（模型权重）,official_rebalance_target,含非精确披露权重，未用推算权重替代,9,1,,"{""2026-06-30"": 99.99999999999999}",0,53.92716617315036,0.2858089354366659,0,303e54cbdc754977c7b37b7c.json,2026-10-09,净值漂移推算,1,,99.99999999999999,99.99999999999999,0.0
ttfund__8GW71BW,大趋势之未来产业和前沿科技,天天基金/投顾,正常运行,,2026-06-15,2026-10-09,最近完整官方调仓配置（模型权重）,official_rebalance_target,含非精确披露权重，未用推算权重替代,20,1,,"{""2026-06-30"": 100.00000000000001}",0,30.893031046685117,0.9834606801675927,5,12c04a2d2a54ffa86e3fdb79.json,2026-10-08,净值漂移推算,1,,100.00000000000001,100.00000000000001,0.0
ttfund__OHMRGVW,好消费精选,天天基金/投顾,正常运行,,2026-07-27,2026-10-09,最近完整官方调仓配置（模型权重）,official_rebalance_target,含非精确披露权重，未用推算权重替代,7,1,,"{""2026-06-30"": 100.0}",0,62.13761252653397,0.42586316741318503,0,7cb505fd845d93318bfdca64.json,2026-10-09,净值漂移推算,1,,100.0,100.0,0.0
ttfund__0XFW4DW,季季红固收加,天天基金/投顾,正常运行,,2026-06-10,2026-10-09,最近完整官方调仓配置（模型权重）,official_rebalance_target,含非精确披露权重，未用推算权重替代,8,1,,"{""2026-06-30"": 100.0}",0,39.57290357309887,22.200824056241224,0,4882c27259966f63c5ec9c67.json,2026-10-09,净值漂移推算,1,,100.0,100.0,0.0
ttfund__TNSNZWM,宇宙奇兵,天天基金/投顾,正常运行,on_sale_window,2026-05-11,2026-10-09,最近完整官方调仓配置（模型权重）,official_rebalance_target,含非精确披露权重，未用推算权重替代,10,1,,"{""2026-06-30"": 100.0}",0,33.337727690520055,1.7189257351247287,2,bb848f1268fda78092e5d13b.json,2026-10-08,净值漂移推算,1,,100.0,100.0,0.0
ttfund__AGVHHE6,守正出奇,天天基金/投顾,正常运行,,2026-07-13,2026-10-09,最近完整官方调仓配置（模型权重）,official_rebalance_target,含非精确披露权重，未用推算权重替代,9,1,,"{""2026-06-30"": 100.00000000000001}",0,9.929587369717304,3.3366305889851633,4,8c8e131efa316f6ca8687494.json,2026-10-08,净值漂移推算,1,,100.00000000000001,100.00000000000001,0.0
ttfund__KCUPQIY,安平稳进,天天基金/投顾,正常运行,,2026-05-11,2026-10-09,最近完整官方调仓配置（模型权重）,official_rebalance_target,含非精确披露权重，未用推算权重替代,18,1,,"{""2026-06-30"": 100.0}",0,8.227025702012229,20.143230104551623,0,8bc8164d3a8ce25b4f6f0bdb.json,2026-05-11,披露配置（最新权重不可推算）,0,已有更新调仓记录但未通过完整配置核验，不能跨越该事件推算,100.0,100.0,0.0
ttfund__9FOYOUL,安平锐进,天天基金/投顾,正常运行,on_sale_window,2026-07-27,2026-10-09,最近完整官方调仓配置（模型权重）,official_rebalance_target,含非精确披露权重，未用推算权重替代,23,1,,"{""2026-06-30"": 100.0}",0,37.67626474111128,6.4263386417926345,1,81491ed1f410b53cd1694e23.json,2026-10-08,净值漂移推算,1,,100.0,100.0,0.0
ttfund__XQEZKVT,安心汉堡,天天基金/投顾,正常运行,on_sale_window,2026-06-30,2026-10-09,最近完整官方调仓配置（模型权重）,official_rebalance_target,含非精确披露权重，未用推算权重替代,8,1,,"{""2026-06-30"": 100.0}",0,14.255967104973859,10.67691052547354,0,8bc95cc272737518be58cc08.json,2026-10-09,净值漂移推算,1,,100.0,100.0,0.0
ttfund__T0QIP9Z,安鑫固收加,天天基金/投顾,正常运行,,2026-09-22,2026-10-09,最近完整官方调仓配置（模型权重）,official_rebalance_target,含非精确披露权重，未用推算权重替代,11,1,,"{""2026-06-30"": 100.0}",0,4.659155731186205,13.86002272279022,0,38af4a28a3ed9e6e6e41cca8.json,2026-10-09,净值漂移推算,1,,100.0,100.0,0.0
ttfund__PCFUHJI,安鑫平衡精选,天天基金/投顾,正常运行,,2026-09-22,2026-10-09,最近完整官方调仓配置（模型权重）,official_rebalance_target,含非精确披露权重，未用推算权重替代,12,1,,"{""2026-06-30"": 100.0}",0,34.27528208385328,6.832288077108844,0,10a779cf28060fa1ebb1bcb3.json,2026-10-09,净值漂移推算,1,,100.0,100.0,0.0
ttfund__WZA6IVC,安鑫激进90,天天基金/投顾,正常运行,on_sale_window,2026-09-22,2026-10-09,最近完整官方调仓配置（模型权重）,official_rebalance_target,含非精确披露权重，未用推算权重替代,15,1,,"{""2026-06-30"": 100.00000000000001}",0,59.733200915850325,1.185069853964506,0,1fcbf39916d1ec59c8c2133e.json,2026-10-09,净值漂移推算,1,,100.00000000000001,100.00000000000001,0.0
ttfund__VRDGCKJ,安鑫积极70,天天基金/投顾,正常运行,on_sale_window,2026-09-22,2026-10-09,最近完整官方调仓配置（模型权重）,official_rebalance_target,含非精确披露权重，未用推算权重替代,13,1,,"{""2026-06-30"": 99.99999999999999}",0,44.199769373714155,4.671483958676284,0,1e3626ac14eccdb130fb73a5.json,2026-10-09,净值漂移推算,1,,99.99999999999999,99.99999999999999,0.0
ttfund__TIISSUK,家里有矿,天天基金/投顾,正常运行,,2024-09-20,2026-10-09,最近完整官方调仓配置（模型权重）,official_rebalance_target,含非精确披露权重，未用推算权重替代,13,1,,"{""2026-06-30"": 100.00000000000004}",0,2.446901463107392,3.353820692624163,0,f19abed957ef0f97fe4596d9.json,2026-10-08,净值漂移推算,1,,100.00000000000004,100.00000000000004,0.0
ttfund__COWJBFP,富国90天低波目标盈01期,天天基金/投顾,已停止目标盈期次,计划运作期已结束,2024-12-25,2026-10-09,最近完整官方调仓配置（模型权重）,official_rebalance_target,含非精确披露权重，未用推算权重替代,18,1,,"{""2026-06-30"": 99.99999999999999}",0,10.012089649146278,15.235117624140992,0,b6d8c7b6866e8a3e284c0290.json,2026-10-09,净值漂移推算,1,,99.99999999999999,99.99999999999999,0.0
ttfund__MHQ2PVU,富国90天低波目标盈02期,天天基金/投顾,已停止目标盈期次,计划运作期已结束,2024-12-25,2026-10-09,最近完整官方调仓配置（模型权重）,official_rebalance_target,含非精确披露权重，未用推算权重替代,18,1,,"{""2026-06-30"": 99.99999999999999}",0,10.012089649146278,15.235117624140992,0,1a25d74dbad8b1a1d9152af7.json,2026-10-09,净值漂移推算,1,,99.99999999999999,99.99999999999999,0.0
ttfund__LEWVOEU,富国90天低波目标盈03期,天天基金/投顾,已停止目标盈期次,计划运作期已结束,2024-12-25,2026-10-09,最近完整官方调仓配置（模型权重）,official_rebalance_target,含非精确披露权重，未用推算权重替代,18,1,,"{""2026-06-30"": 99.99999999999999}",0,10.012089649146278,15.235117624140992,0,4519ed4f5014dbc1bc2c585b.json,2026-10-09,净值漂移推算,1,,99.99999999999999,99.99999999999999,0.0
ttfund__TPAMIVP,富国90天低波目标盈04期,天天基金/投顾,已停止目标盈期次,已停止,2024-03-27,,最近完整官方调仓配置（模型权重）,official_rebalance_target,缺少当前基金仓位,18,1,,"{""2026-06-30"": 100.0}",0,9.246133405849474,14.891887205791196,0,f5e3744f1925d2a14a5ce251.json,2026-10-09,净值漂移推算,1,,100.0,100.0,0.0
ttfund__1OAFRT6,富国90天低波目标盈05期,天天基金/投顾,已停止目标盈期次,已停止,2023-12-21,,最近完整官方调仓配置（模型权重）,official_rebalance_target,缺少当前基金仓位,18,1,,"{""2026-06-30"": 100.0}",0,8.481029068805473,15.093986471107014,0,a156428f0d599dbcad2e935d.json,2026-10-09,净值漂移推算,1,,100.0,100.0,0.0
ttfund__DNECX1N,富国90天低波目标盈06期,天天基金/投顾,已停止目标盈期次,已停止,2024-03-25,,最近完整官方调仓配置（模型权重）,official_rebalance_target,缺少当前基金仓位,18,1,,"{""2026-06-30"": 100.0}",0,7.199350213061302,15.445115242454241,0,2ed27589ef99732bb6aae223.json,2024-03-25,披露配置（最新权重不可推算）,0,已有更新调仓记录但未通过完整配置核验，不能跨越该事件推算,100.0,100.0,0.0
ttfund__JK6CJW1,富国90天低波目标盈07期,天天基金/投顾,已停止目标盈期次,已停止,2024-05-14,,最近完整官方调仓配置（模型权重）,official_rebalance_target,缺少当前基金仓位,18,1,,"{""2026-06-30"": 99.99999999999999}",0,9.186298276714199,14.909418546696838,0,2d167e1be58c7f2d4b72cbdd.json,2026-10-09,净值漂移推算,1,,99.99999999999999,99.99999999999999,0.0
ttfund__KBC04FC,富国90天低波目标盈08期,天天基金/投顾,已停止目标盈期次,已停止,2024-07-10,,最近完整官方调仓配置（模型权重）,official_rebalance_target,缺少当前基金仓位,18,1,,"{""2026-06-30"": 100.0}",0,9.279236359443653,14.881810381345984,0,8de66fa1e7bff2fd7390967d.json,2026-10-09,净值漂移推算,1,,100.0,100.0,0.0
ttfund__AH7OVZH,富国90天低波目标盈09期,天天基金/投顾,已停止目标盈期次,已停止,2024-10-11,,最近完整官方调仓配置（模型权重）,official_rebalance_target,缺少当前基金仓位,18,1,,"{""2026-06-30"": 100.0}",0,8.867483599669802,14.94816736823438,0,766dea0be7b537d0735fb782.json,2024-10-11,披露配置（最新权重不可推算）,0,已有更新调仓记录但未通过完整配置核验，不能跨越该事件推算,100.0,100.0,0.0
ttfund__WFXTRZR,富国七星高照多资产配置,天天基金/投顾,正常运行,,2026-07-28,2026-10-09,最近完整官方调仓配置（模型权重）,official_rebalance_target,含非精确披露权重，未用推算权重替代,24,1,,"{""2026-06-30"": 99.99999999999999}",0,9.579640775021257,12.936965669848439,2,3397be0325ae439dddf92399.json,2026-10-08,净值漂移推算,1,,99.99999999999999,99.99999999999999,0.0
ttfund__WR8T4KO,富国七星高照尊享版,天天基金/投顾,正常运行,,2026-07-28,2026-10-09,最近完整官方调仓配置（模型权重）,official_rebalance_target,含非精确披露权重，未用推算权重替代,24,1,,"{""2026-06-30"": 99.99999999999997}",0,9.353355545893942,12.730922654316394,2,ee4f891bcad1056500c91677.json,2026-10-08,净值漂移推算,1,,99.99999999999997,99.99999999999997,0.0
ttfund__BKIYYNI,富国七星高照目标盈,天天基金/投顾,目标盈期次,认购期,2026-10-09,2026-10-09,最新库内披露仓位,latest_observed_current,,24,1,,"{""2026-06-30"": 100.02000000000001}",0,9.526916533279291,12.956043914179409,2,dae1a953f7756a427f63bb51.json,2026-10-09,源端最新仓位占比,1,"源端占比直接使用；净值滚动未执行：缺少基准日之后净值：002286,024239,018064,017436,096001,019709,019518,012060,519981",100.02000000000001,100.02000000000001,0.0
ttfund__FGEHAIO,富国八仙过海100份,天天基金/投顾,信号类组合,on_sale_window,2026-10-09,2026-10-09,最新库内披露仓位,latest_observed_current,信号组合，未按真实基金配置穿透,6,0,信号组合，未按真实基金配置穿透,{},0,,,0,bee587382b51b3f3900abe54.json,,缺少可用基金配置,0,缺少完整配置,,,
ttfund__2MGSEMP,富国双子星股债均衡,天天基金/投顾,正常运行,on_sale_window,2026-08-05,2026-10-09,最近完整官方调仓配置（模型权重）,official_rebalance_target,含非精确披露权重，未用推算权重替代,11,1,,"{""2026-06-30"": 100.00000000000001}",0,40.25338745935504,12.439614557819429,0,ed4074ed0d9c755d83e25e24.json,2026-10-09,净值漂移推算,1,,100.00000000000001,100.00000000000001,0.0
ttfund__TL20OXV,富国多元低波目标盈,天天基金/投顾,目标盈期次,认购期,2026-10-09,2026-10-09,最新库内披露仓位,latest_observed_current,,14,1,,"{""2026-06-30"": 99.99000000000001}",0,0.0034326317923907947,41.21429623955726,1,cff412fb56b309c1345613ff.json,2026-10-09,源端最新仓位占比,1,源端占比直接使用；净值滚动未执行：缺少基准日之后净值：019441,99.99000000000001,99.99000000000001,0.0
ttfund__C2HW45S,富国多元目标盈01期,天天基金/投顾,已停止目标盈期次,计划运作期已结束,2026-10-09,2026-10-09,最新库内披露仓位,latest_observed_current,,13,1,,"{""2026-06-30"": 100.0}",0,0.9710764570159964,38.520539291846674,0,fc4286f87183b9f673af544a.json,2026-10-09,源端最新仓位占比,1,"源端占比直接使用；净值滚动未执行：缺少基准日之后净值：019547,018966",100.0,100.0,0.0
ttfund__6MMD0AI,富国多元目标盈02期,天天基金/投顾,已停止目标盈期次,计划运作期已结束,2026-10-09,2026-10-09,最新库内披露仓位,latest_observed_current,,13,1,,"{""2026-06-30"": 100.00000000000001}",0,0.9710948054673709,38.53270455370009,0,bdb07028666aa3b5863733e9.json,2026-10-09,源端最新仓位占比,1,"源端占比直接使用；净值滚动未执行：缺少基准日之后净值：019547,018966",100.00000000000001,100.00000000000001,0.0
ttfund__XTNVDBG,富国守护星稳健理财,天天基金/投顾,正常运行,on_sale_window,2026-06-03,2026-10-09,最近完整官方调仓配置（模型权重）,official_rebalance_target,含非精确披露权重，未用推算权重替代,18,1,,"{""2026-06-30"": 100.0}",0,6.523456398235491,17.947564231834797,0,263558ff4ffa2e4790967192.json,2026-10-09,净值漂移推算,1,,100.0,100.0,0.0
ttfund__MRRGIL8,富国富足人生理财升级,天天基金/投顾,正常运行,on_sale_window,2025-10-30,2026-10-09,最近完整官方调仓配置（模型权重）,official_rebalance_target,含非精确披露权重，未用推算权重替代,21,1,,"{""2026-06-30"": 100.00000000000001}",0,11.065006734775368,16.059412136839896,0,52f9e111488180db32d8ee5a.json,2026-10-09,净值漂移推算,1,,100.00000000000001,100.00000000000001,0.0
ttfund__6WQJH3E,富国带你投数字经济,天天基金/投顾,正常运行,,2026-05-12,2026-10-09,最近完整官方调仓配置（模型权重）,official_rebalance_target,含非精确披露权重，未用推算权重替代,17,1,,"{""2026-06-30"": 100.0}",0,40.12520197105187,1.100132282749907,0,48af9545c96236cae3f7623b.json,2026-10-09,净值漂移推算,1,,100.0,100.0,0.0
ttfund__7HUJJV3,富国带你投消费医药,天天基金/投顾,正常运行,,2023-04-18,2026-10-09,最近完整官方调仓配置（模型权重）,official_rebalance_target,含非精确披露权重，未用推算权重替代,16,1,,"{""2026-06-30"": 100.0}",0,80.68131838850844,0.30297717464106383,0,5bee68ec7a46e6405400c594.json,2026-10-09,净值漂移推算,1,,100.0,100.0,0.0
ttfund__LQ6MN4M,富国带你投能源安全,天天基金/投顾,正常运行,,2024-10-18,2026-10-08,最近完整官方调仓配置（模型权重）,official_rebalance_target,含非精确披露权重，未用推算权重替代,16,1,,"{""2026-06-30"": 100.0}",0,37.41548544684205,1.599526335698862,0,32bba76f9191511b45d33f7b.json,2024-10-18,披露配置（最新权重不可推算）,0,已有更新调仓记录但未通过完整配置核验，不能跨越该事件推算,100.0,100.0,0.0
ttfund__DIT9E15,富国带你投黄金,天天基金/投顾,正常运行,,2024-04-01,2026-10-09,最近完整官方调仓配置（模型权重）,official_rebalance_target,含非精确披露权重，未用推算权重替代,10,1,,"{""2026-06-30"": 100.0}",0,0.0,3.225143420135943,0,1a10512429013be58dfdb335.json,2026-10-09,净值漂移推算,1,,100.0,100.0,0.0
ttfund__JIF9BOG,富国活钱星活钱理财,天天基金/投顾,正常运行,,2025-08-20,2026-10-09,最近完整官方调仓配置（模型权重）,official_rebalance_target,含非精确披露权重，未用推算权重替代,10,1,,"{""2026-06-30"": 100.0}",0,0.0,23.38697732881755,0,edfb8ba33f459e79e399d348.json,2025-08-20,披露配置（最新权重不可推算）,0,已有更新调仓记录但未通过完整配置核验，不能跨越该事件推算,100.0,100.0,0.0
ttfund__DEM9I5U,富国满天星追求收益,天天基金/投顾,正常运行,on_sale_window,2026-08-05,2026-10-09,最近完整官方调仓配置（模型权重）,official_rebalance_target,含非精确披露权重，未用推算权重替代,13,1,,"{""2026-06-30"": 99.99999999999999}",0,73.41526708965357,2.827208167310481,0,6f4f71209bd23908ee6f9c2a.json,2026-10-09,净值漂移推算,1,,99.99999999999999,99.99999999999999,0.0
ttfund__TZDDNP2,富国稳债星稳健理财,天天基金/投顾,正常运行,,2024-08-14,2026-10-09,最近完整官方调仓配置（模型权重）,official_rebalance_target,含非精确披露权重，未用推算权重替代,8,1,,"{""2026-06-30"": 100.0}",0,0.0,27.102574266864025,0,385cb5e56067f1fe38f3d73f.json,2026-10-09,净值漂移推算,1,,100.0,100.0,0.0
ttfund__7EHVOEI,富国稳健红利目标盈,天天基金/投顾,目标盈期次,认购期,2025-07-18,,最近完整官方调仓配置（模型权重）,official_rebalance_target,缺少当前基金仓位,18,1,,"{""2026-06-30"": 100.0}",0,1.2042743411296455,16.567529502305746,0,ae46341796502ab32bce51b6.json,2026-10-08,净值漂移推算,1,,100.0,100.0,0.0
ttfund__RTK1UVS,富国稳稳星稳健理财,天天基金/投顾,正常运行,on_sale_window,2026-07-01,2026-10-09,最近完整官方调仓配置（模型权重）,official_rebalance_target,含非精确披露权重，未用推算权重替代,13,1,,"{""2026-06-30"": 100.0}",0,1.1948535102835434,18.256553723589203,0,dfcf3f2715470c0ff4863ed9.json,2026-10-09,净值漂移推算,1,,100.0,100.0,0.0
ttfund__V5K3LT0,富贵闲人,天天基金/投顾,正常运行,on_sale_window,2026-08-13,2026-10-09,最近完整官方调仓配置（模型权重）,official_rebalance_target,含非精确披露权重，未用推算权重替代,11,1,,"{""2026-06-30"": 100.00000000000001}",0,37.02765858128729,3.952878622686257,0,4d3ffc6c5f58c0f2d80e48cf.json,2026-10-09,净值漂移推算,1,,100.00000000000001,100.00000000000001,0.0
ttfund__ZPQ5UAL,尊享520小目标第1期,天天基金/投顾,已停止目标盈期次,计划运作期已结束,2024-11-12,2026-10-08,最近完整官方调仓配置（模型权重）,official_rebalance_target,含非精确披露权重，未用推算权重替代,18,1,,"{""2026-06-30"": 99.99999999999999}",0,3.111271832647091,21.98178213096006,0,890ac250783726b5ddbb049f.json,2026-10-08,净值漂移推算,1,,99.99999999999999,99.99999999999999,0.0
ttfund__CNA9RKB,尊享520小目标第2期,天天基金/投顾,已停止目标盈期次,已停止,2024-11-12,,最近完整官方调仓配置（模型权重）,official_rebalance_target,缺少当前基金仓位,18,1,,"{""2026-06-30"": 99.99999999999999}",0,3.111196071149748,21.979609087230752,0,556cb9a0b29c5eee71f4f2ca.json,2026-10-08,净值漂移推算,1,,99.99999999999999,99.99999999999999,0.0
ttfund__7WGOB5I,尊享多元进取01期,天天基金/投顾,目标盈期次,止盈观察期,2026-08-28,2026-10-09,最近完整官方调仓配置（模型权重）,official_rebalance_target,含非精确披露权重，未用推算权重替代,35,1,,"{""2026-06-30"": 100.00000000000001}",0,12.567444094525062,14.225936852606694,4,f81159141bb6e0863f01ed53.json,2026-10-08,净值漂移推算,1,,100.00000000000001,100.00000000000001,0.0
ttfund__PJBXR7V,尊享多元进取02期,天天基金/投顾,目标盈期次,止盈观察期,2026-08-28,2026-10-09,最近完整官方调仓配置（模型权重）,official_rebalance_target,含非精确披露权重，未用推算权重替代,35,1,,"{""2026-06-30"": 100.00000000000001}",0,12.567444094525062,14.225936852606694,4,deeb0a68810543affac0ea99.json,2026-10-08,净值漂移推算,1,,100.00000000000001,100.00000000000001,0.0
ttfund__BBUCVSF,尊享多元进取03期,天天基金/投顾,目标盈期次,止盈观察期,2026-08-28,2026-10-09,最近完整官方调仓配置（模型权重）,official_rebalance_target,含非精确披露权重，未用推算权重替代,35,1,,"{""2026-06-30"": 100.00000000000001}",0,12.567444094525062,14.225936852606694,4,7df5bb508d1097a8a1675ac2.json,2026-10-08,净值漂移推算,1,,100.00000000000001,100.00000000000001,0.0
ttfund__IJO91I8,尊享多元进取04期,天天基金/投顾,目标盈期次,止盈观察期,2026-08-28,2026-10-09,最近完整官方调仓配置（模型权重）,official_rebalance_target,含非精确披露权重，未用推算权重替代,35,1,,"{""2026-06-30"": 100.00000000000001}",0,12.567444094525062,14.225936852606694,4,e7f2fd446f2502d40f3c7a52.json,2026-10-08,净值漂移推算,1,,100.00000000000001,100.00000000000001,0.0
ttfund__ZL0GPL0,尊享多元进取05期,天天基金/投顾,目标盈期次,止盈观察期,2026-08-28,2026-10-09,最近完整官方调仓配置（模型权重）,official_rebalance_target,含非精确披露权重，未用推算权重替代,35,1,,"{""2026-06-30"": 100.00000000000001}",0,12.567444094525062,14.225936852606694,4,a1ed97b5b299c347f2e647b2.json,2026-10-08,净值漂移推算,1,,100.00000000000001,100.00000000000001,0.0
ttfund__OFNMVBE,尊享多元进取06期,天天基金/投顾,目标盈期次,止盈观察期,2026-10-09,2026-10-09,最新库内披露仓位,latest_observed_current,,35,1,,"{""2026-06-30"": 99.99000000000001}",0,12.560353118367392,14.220471684295324,4,0cfb3ceb20324efc07ee5f7e.json,2026-10-09,源端最新仓位占比,1,"源端占比直接使用；净值滚动未执行：缺少基准日之后净值：020957,017145,023591,011584,016665,020512,021694",99.99000000000001,99.99000000000001,0.0
ttfund__ZI62B79,尊享多元配置01期,天天基金/投顾,已停止目标盈期次,计划运作期已结束,2026-08-28,,最近完整官方调仓配置（模型权重）,official_rebalance_target,缺少当前基金仓位,33,1,,"{""2026-06-30"": 99.99999999999999}",0,7.125653906747755,17.003533051534696,4,a69cf81e703aefb39c84b29e.json,2026-10-08,净值漂移推算,1,,99.99999999999999,99.99999999999999,0.0
ttfund__PRZMUXK,尊享多元配置02期,天天基金/投顾,已停止目标盈期次,已停止,2026-08-28,,最近完整官方调仓配置（模型权重）,official_rebalance_target,缺少当前基金仓位,33,1,,"{""2026-06-30"": 99.99999999999999}",0,7.125653906747755,17.003533051534696,4,dabedcfe4dd0e3e033505427.json,2026-10-08,净值漂移推算,1,,99.99999999999999,99.99999999999999,0.0
ttfund__TTAFL1U,尊享多元配置03期,天天基金/投顾,已停止目标盈期次,计划运作期已结束,2026-08-28,2026-10-09,最近完整官方调仓配置（模型权重）,official_rebalance_target,含非精确披露权重，未用推算权重替代,33,1,,"{""2026-06-30"": 99.99999999999999}",0,7.125653906747755,17.003533051534696,4,be9e76691dc20541213f493b.json,2026-10-08,净值漂移推算,1,,99.99999999999999,99.99999999999999,0.0
ttfund__0YTHP0U,尊享多元配置04期,天天基金/投顾,目标盈期次,止盈观察期,2026-08-28,2026-10-09,最近完整官方调仓配置（模型权重）,official_rebalance_target,含非精确披露权重，未用推算权重替代,33,1,,"{""2026-06-30"": 99.99999999999999}",0,7.125653906747755,17.003533051534696,4,964b96fd5405e48b6cef6fb6.json,2026-10-08,净值漂移推算,1,,99.99999999999999,99.99999999999999,0.0
ttfund__XMJTD2L,尊享多元配置05期,天天基金/投顾,目标盈期次,止盈观察期,2026-08-28,2026-10-09,最近完整官方调仓配置（模型权重）,official_rebalance_target,含非精确披露权重，未用推算权重替代,33,1,,"{""2026-06-30"": 99.99999999999999}",0,7.125653906747755,17.003533051534696,4,35f24ada086bd541016c9c75.json,2026-10-08,净值漂移推算,1,,99.99999999999999,99.99999999999999,0.0
ttfund__DGV1C4Y,尊享多元配置06期,天天基金/投顾,目标盈期次,止盈观察期,2026-08-28,2026-10-09,最近完整官方调仓配置（模型权重）,official_rebalance_target,含非精确披露权重，未用推算权重替代,33,1,,"{""2026-06-30"": 99.99999999999999}",0,7.125653906747755,17.003533051534696,4,f244a7a8cd6989b5d4bdcb4f.json,2026-10-08,净值漂移推算,1,,99.99999999999999,99.99999999999999,0.0
ttfund__M0AXQ3L,尊享多元配置07期,天天基金/投顾,目标盈期次,止盈观察期,2026-08-28,2026-10-09,最近完整官方调仓配置（模型权重）,official_rebalance_target,含非精确披露权重，未用推算权重替代,33,1,,"{""2026-06-30"": 99.99999999999999}",0,7.125653906747755,17.003533051534696,4,83ad43f6b454372b554a74dc.json,2026-10-08,净值漂移推算,1,,99.99999999999999,99.99999999999999,0.0
ttfund__CV2DGGP,尊享多元配置08期,天天基金/投顾,目标盈期次,止盈观察期,2026-10-09,2026-10-09,最新库内披露仓位,latest_observed_current,,33,1,,"{""2026-06-30"": 100.02000000000002}",0,7.132131532674885,17.006325946045838,4,0c4d098b24411b8ead3c5c18.json,2026-10-09,源端最新仓位占比,1,"源端占比直接使用；净值滚动未执行：缺少基准日之后净值：020957,017145,023591,011584,016665,020512,021694",100.02000000000002,100.02000000000002,0.0
ttfund__SP2GCIE,尊享添盈小目标,天天基金/投顾,已停止目标盈期次,计划运作期已结束,2024-10-30,2026-10-09,最近完整官方调仓配置（模型权重）,official_rebalance_target,含非精确披露权重，未用推算权重替代,18,1,,"{""2026-06-30"": 100.0}",0,1.8165047164381523,19.205761413841408,0,7e20bf8a783a2d5031ba23a9.json,2024-10-30,披露配置（最新权重不可推算）,0,已有更新调仓记录但未通过完整配置核验，不能跨越该事件推算,100.0,100.0,0.0
ttfund__TPT71SN,尊享添盈小目标第10期,天天基金/投顾,已停止目标盈期次,已停止,2024-10-30,,最近完整官方调仓配置（模型权重）,official_rebalance_target,缺少当前基金仓位,18,1,,"{""2026-06-30"": 100.0}",0,1.7979003022900228,21.826918998149186,0,a8a935e3a6013033260f6d97.json,2026-10-08,净值漂移推算,1,,100.0,100.0,0.0
ttfund__SDTLY3H,尊享添盈小目标第11期,天天基金/投顾,已停止目标盈期次,计划运作期已结束,2024-12-05,2026-10-09,最近完整官方调仓配置（模型权重）,official_rebalance_target,含非精确披露权重，未用推算权重替代,15,1,,"{""2026-06-30"": 100.00000000000001}",0,0.6177823597724854,23.63255208623932,0,d4872d7c3e2948be4c3fef80.json,2026-10-08,净值漂移推算,1,,100.00000000000001,100.00000000000001,0.0
ttfund__MFXLHTG,尊享添盈小目标第12期,天天基金/投顾,已停止目标盈期次,已停止,2024-06-14,,最近完整官方调仓配置（模型权重）,official_rebalance_target,缺少当前基金仓位,13,1,,"{""2026-06-30"": 100.00000000000001}",0,1.1004526029083905,16.051658893236116,0,d34c3745756393a8345324f2.json,2024-06-14,披露配置（最新权重不可推算）,0,已有更新调仓记录但未通过完整配置核验，不能跨越该事件推算,100.00000000000001,100.00000000000001,0.0
ttfund__ZUUTKTY,尊享添盈小目标第13期,天天基金/投顾,已停止目标盈期次,已停止,2024-10-28,,最近完整官方调仓配置（模型权重）,official_rebalance_target,缺少当前基金仓位,21,1,,"{""2026-06-30"": 100.0}",0,3.4021767625477466,19.489023225394927,0,4314c1a4c89c791378e56991.json,2024-10-28,披露配置（最新权重不可推算）,0,已有更新调仓记录但未通过完整配置核验，不能跨越该事件推算,100.0,100.0,0.0
ttfund__3TDWVRT,尊享添盈小目标第14期,天天基金/投顾,已停止目标盈期次,计划运作期已结束,2024-11-13,2026-10-09,最近完整官方调仓配置（模型权重）,official_rebalance_target,含非精确披露权重，未用推算权重替代,19,1,,"{""2026-06-30"": 100.00000000000004}",0,1.8560752106596614,19.706476528894807,0,4e2d43de4504c965c438356a.json,2026-10-08,净值漂移推算,1,,100.00000000000004,100.00000000000004,0.0
ttfund__VRN0DXY,尊享添盈小目标第15期,天天基金/投顾,已停止目标盈期次,已停止,2024-10-30,,最近完整官方调仓配置（模型权重）,official_rebalance_target,缺少当前基金仓位,17,1,,"{""2026-06-30"": 99.99999999999997}",0,1.3566540536211207,21.05400085364799,0,9cde080441446d820405b08e.json,2026-10-08,净值漂移推算,1,,99.99999999999997,99.99999999999997,0.0
ttfund__PIJRCEF,尊享添盈小目标第16期,天天基金/投顾,已停止目标盈期次,计划运作期已结束,2024-11-06,2026-10-09,最近完整官方调仓配置（模型权重）,official_rebalance_target,含非精确披露权重，未用推算权重替代,14,1,,"{""2026-06-30"": 100.00000000000001}",0,1.1455940773122264,18.753666761668264,0,16706b23a02c753549c0bc17.json,2026-10-09,净值漂移推算,1,,100.00000000000001,100.00000000000001,0.0
ttfund__OP5BOKV,尊享添盈小目标第17期,天天基金/投顾,已停止目标盈期次,计划运作期已结束,2024-12-12,2026-10-09,最近完整官方调仓配置（模型权重）,official_rebalance_target,含非精确披露权重，未用推算权重替代,8,1,,"{""2026-06-30"": 100.00000000000003}",0,0.4783943422655971,13.831417486901506,0,4526e0d57c2fa090e9dc20da.json,2026-10-09,净值漂移推算,1,,100.00000000000003,100.00000000000003,0.0
ttfund__NVVDZYX,尊享添盈小目标第18期,天天基金/投顾,已停止目标盈期次,已停止,2025-02-10,,最近完整官方调仓配置（模型权重）,official_rebalance_target,缺少当前基金仓位,6,1,,"{""2026-06-30"": 100.0}",0,0.5092436583736284,13.164963248379788,0,80ef23c608480b51a64993c7.json,2026-10-09,净值漂移推算,1,,100.0,100.0,0.0
ttfund__MJCTQT1,尊享添盈小目标第19期,天天基金/投顾,已停止目标盈期次,已停止,2025-02-11,,最近完整官方调仓配置（模型权重）,official_rebalance_target,缺少当前基金仓位,7,1,,"{""2026-06-30"": 99.99999999999997}",0,0.5755693558647199,14.468713228828225,0,58caf4980110907489a46ab1.json,2026-10-09,净值漂移推算,1,,99.99999999999997,99.99999999999997,0.0
ttfund__2M7L1LX,尊享添盈小目标第2期,天天基金/投顾,已停止目标盈期次,已停止,2024-08-12,,最近完整官方调仓配置（模型权重）,official_rebalance_target,缺少当前基金仓位,19,1,,"{""2026-06-30"": 100.00000000000001}",0,2.728651876628589,19.215542782423327,0,17caae97e7f7a096274b7836.json,2024-08-12,披露配置（最新权重不可推算）,0,已有更新调仓记录但未通过完整配置核验，不能跨越该事件推算,100.00000000000001,100.00000000000001,0.0
ttfund__TJSVDLC,尊享添盈小目标第3期,天天基金/投顾,已停止目标盈期次,已停止,2024-10-30,,最近完整官方调仓配置（模型权重）,official_rebalance_target,缺少当前基金仓位,17,1,,"{""2026-06-30"": 100.00000000000001}",0,1.7962540816224413,18.644867386951045,0,1b508616b9d87f5d181454bb.json,2026-10-08,净值漂移推算,1,,100.00000000000001,100.00000000000001,0.0
ttfund__4HUBW1E,尊享添盈小目标第4期,天天基金/投顾,已停止目标盈期次,已停止,2024-10-30,,最近完整官方调仓配置（模型权重）,official_rebalance_target,缺少当前基金仓位,17,1,,"{""2026-06-30"": 100.0}",0,1.793590898710096,21.957076368925776,0,c9f4547179b3f5c0d2f2f01e.json,2026-10-08,净值漂移推算,1,,100.0,100.0,0.0
ttfund__H0TYDMW,尊享添盈小目标第5期,天天基金/投顾,已停止目标盈期次,已停止,2024-10-30,,最近完整官方调仓配置（模型权重）,official_rebalance_target,缺少当前基金仓位,17,1,,"{""2026-06-30"": 99.99999999999999}",0,1.7947450264925782,21.95058009385286,0,d7a1792d72f3083c934cb6fc.json,2026-10-08,净值漂移推算,1,,99.99999999999999,99.99999999999999,0.0
ttfund__DBF794A,尊享添盈小目标第6期,天天基金/投顾,已停止目标盈期次,已停止,2024-10-30,,最近完整官方调仓配置（模型权重）,official_rebalance_target,缺少当前基金仓位,17,1,,"{""2026-06-30"": 99.99999999999999}",0,1.7950870331573738,21.950303381356168,0,14790a9c6794f93f800298a7.json,2026-10-08,净值漂移推算,1,,99.99999999999999,99.99999999999999,0.0
ttfund__FWG0GUW,尊享添盈小目标第7期,天天基金/投顾,已停止目标盈期次,已停止,2024-10-30,,最近完整官方调仓配置（模型权重）,official_rebalance_target,缺少当前基金仓位,17,1,,"{""2026-06-30"": 99.99999999999999}",0,1.8009271768841506,21.941853330987488,0,3909d68481fdeca371ccf4a7.json,2026-10-08,净值漂移推算,1,,99.99999999999999,99.99999999999999,0.0
ttfund__PYSFDZR,尊享添盈小目标第8期,天天基金/投顾,已停止目标盈期次,已停止,2024-09-18,,最近完整官方调仓配置（模型权重）,official_rebalance_target,缺少当前基金仓位,21,1,,"{""2026-06-30"": 100.0}",0,2.8118915294011666,20.75377248600994,0,63ff9caa57437f234a3d7b49.json,2026-10-08,净值漂移推算,1,,100.0,100.0,0.0
ttfund__BJNPH15,尊享添盈小目标第9期,天天基金/投顾,已停止目标盈期次,已停止,2024-10-30,,最近完整官方调仓配置（模型权重）,official_rebalance_target,缺少当前基金仓位,17,1,,"{""2026-06-30"": 99.99999999999999}",0,1.7936024834593312,21.952841691245187,0,6ec73737249cc11d994d328d.json,2026-10-08,净值漂移推算,1,,99.99999999999999,99.99999999999999,0.0
ttfund__V3NPGGK,尊享财富启航计划,天天基金/投顾,正常运行,,2026-09-01,2026-10-09,最近完整官方调仓配置（模型权重）,official_rebalance_target,含非精确披露权重，未用推算权重替代,38,1,,"{""2026-06-30"": 100.00000000000001}",0,10.403263289219689,15.635624620850685,4,0f18734803704e61c50d5c83.json,2026-10-08,净值漂移推算,1,,100.00000000000001,100.00000000000001,0.0
ttfund__YL08YG6,尊享财富启航计划（测试）,天天基金/投顾,测试组合剔除,,2026-10-09,2026-10-09,最新库内披露仓位,latest_observed_current,含非精确披露权重，未用推算权重替代；测试组合，仅显示状态,20,0,含非精确披露权重，未用推算权重替代；测试组合，仅显示状态,{},0,,,0,e98ed289b623a67bbfd28114.json,,缺少可用基金配置,0,缺少完整配置,,,
ttfund__KETSUXU,小富即安,天天基金/投顾,正常运行,,2026-07-01,2026-10-09,最近完整官方调仓配置（模型权重）,official_rebalance_target,含非精确披露权重，未用推算权重替代,9,1,,"{""2026-06-30"": 99.99999999999999}",0,4.054489509018272,15.11197380943393,0,e918b3c042a3f82aaa7a0757.json,2026-10-09,净值漂移推算,1,,99.99999999999999,99.99999999999999,0.0
ttfund__SGBYAMO,小常乐两年期-天天01期,天天基金/投顾,已停止目标盈期次,计划运作期已结束,2022-02-28,2026-10-09,最近完整官方调仓配置（模型权重）,official_rebalance_target,含非精确披露权重，未用推算权重替代,18,1,,"{""2026-06-30"": 100.00000000000003}",0,9.870697774751891,23.08302606600376,0,9197f7e1ebb1f2e4c503bf41.json,2026-10-09,净值漂移推算,1,,100.00000000000003,100.00000000000003,0.0
ttfund__GJP8I6Q,小常乐两年期-天天02期,天天基金/投顾,已停止目标盈期次,计划运作期已结束,2022-03-14,2026-10-08,最近完整官方调仓配置（模型权重）,official_rebalance_target,含非精确披露权重，未用推算权重替代,18,1,,"{""2026-06-30"": 100.00000000000001}",0,8.80508042372306,21.09861731463797,0,bf5ecdb8c9c03ccc73c0371b.json,2026-10-09,净值漂移推算,1,,100.00000000000001,100.00000000000001,0.0
ttfund__D10MRLU,小常乐目标盈天天01期,天天基金/投顾,已停止目标盈期次,已停止,2020-12-29,,最近完整官方调仓配置（模型权重）,official_rebalance_target,缺少当前基金仓位,11,1,,"{""2026-06-30"": 100.0}",0,12.257646697781386,18.13120509612211,0,bb8929a658ae1d020db528a2.json,2020-12-29,披露配置（最新权重不可推算）,0,已有更新调仓记录但未通过完整配置核验，不能跨越该事件推算,100.0,100.0,0.0
ttfund__W9GHJJ4,小常乐目标盈天天02期,天天基金/投顾,已停止目标盈期次,计划运作期已结束,2021-12-23,2026-10-09,最近完整官方调仓配置（模型权重）,official_rebalance_target,含非精确披露权重，未用推算权重替代；基金权重和1.0000%超出100%±0.02个百分点,15,1,,"{""2026-06-30"": 100.0}",0,17.04984714190944,17.327412747651852,0,d1b8e9d76d02b40fabb365f4.json,2021-12-23,披露配置（最新权重不可推算）,0,已有更新调仓记录但未通过完整配置核验，不能跨越该事件推算,100.0,100.0,0.0
ttfund__UCGN7MV,小常乐目标盈天天03期,天天基金/投顾,已停止目标盈期次,已停止,2021-03-17,,最近完整官方调仓配置（模型权重）,official_rebalance_target,缺少当前基金仓位,11,1,,"{""2026-06-30"": 100.0}",0,13.330802443787098,13.872762569340289,0,a685026c1a0a3fe707dc51ef.json,2021-03-17,披露配置（最新权重不可推算）,0,已有更新调仓记录但未通过完整配置核验，不能跨越该事件推算,100.0,100.0,0.0
ttfund__WBXT8ML,小常乐目标盈天天04期,天天基金/投顾,已停止目标盈期次,计划运作期已结束,2021-12-23,2026-10-09,最近完整官方调仓配置（模型权重）,official_rebalance_target,含非精确披露权重，未用推算权重替代,15,1,,"{""2026-06-30"": 99.99999999999999}",0,15.464270378498368,17.331745777387592,0,57639ec54dcf75d094c880e8.json,2026-10-09,净值漂移推算,1,,99.99999999999999,99.99999999999999,0.0
ttfund__83XWU6X,小常乐目标盈天天05期,天天基金/投顾,已停止目标盈期次,计划运作期已结束,2021-12-23,2026-10-09,最近完整官方调仓配置（模型权重）,official_rebalance_target,含非精确披露权重，未用推算权重替代,15,1,,"{""2026-06-30"": 99.99999999999999}",0,15.464270378498368,17.331745777387592,0,0b5d3b6e30d7ed744e5278e0.json,2026-10-09,净值漂移推算,1,,99.99999999999999,99.99999999999999,0.0
ttfund__ORJF2OI,小常乐目标盈天天06期,天天基金/投顾,已停止目标盈期次,计划运作期已结束,2021-12-23,2026-10-09,最近完整官方调仓配置（模型权重）,official_rebalance_target,含非精确披露权重，未用推算权重替代；基金权重和1.0000%超出100%±0.02个百分点,15,1,,"{""2026-06-30"": 100.0}",0,17.04984714190944,17.327412747651852,0,f2ed1a8af6e79e1eae54359d.json,2021-12-23,披露配置（最新权重不可推算）,0,已有更新调仓记录但未通过完整配置核验，不能跨越该事件推算,100.0,100.0,0.0
ttfund__ZCKZHTU,小常乐目标盈天天07期(年中版),天天基金/投顾,已停止目标盈期次,计划运作期已结束,2021-12-23,2026-10-08,最近完整官方调仓配置（模型权重）,official_rebalance_target,含非精确披露权重，未用推算权重替代；基金权重和1.0000%超出100%±0.02个百分点,15,1,,"{""2026-06-30"": 100.0}",0,17.04984714190944,17.327412747651852,0,3fd36d05aa45ad1ce11652d1.json,2021-12-23,披露配置（最新权重不可推算）,0,已有更新调仓记录但未通过完整配置核验，不能跨越该事件推算,100.0,100.0,0.0
ttfund__CAXY2S9,小常乐目标盈天天08期,天天基金/投顾,已停止目标盈期次,计划运作期已结束,2021-08-18,2026-10-09,最近完整官方调仓配置（模型权重）,official_rebalance_target,含非精确披露权重，未用推算权重替代；基金权重和1.0000%超出100%±0.02个百分点,13,1,,"{""2026-06-30"": 100.0}",0,19.1636120395694,14.012581873010426,0,aecf55911b3dc171a5ef8a2f.json,2021-08-18,披露配置（最新权重不可推算）,0,已有更新调仓记录但未通过完整配置核验，不能跨越该事件推算,100.0,100.0,0.0
ttfund__L4OKYJI,小常乐目标盈天天09期,天天基金/投顾,已停止目标盈期次,已停止,2021-09-15,,最近完整官方调仓配置（模型权重）,official_rebalance_target,缺少当前基金仓位,17,1,,"{""2026-06-30"": 100.0}",0,17.137149675909427,15.962230725378832,0,94ba7192374b67c4f0028302.json,2021-09-15,披露配置（最新权重不可推算）,0,已有更新调仓记录但未通过完整配置核验，不能跨越该事件推算,100.0,100.0,0.0
ttfund__YADYLIZ,小常乐目标盈天天10期,天天基金/投顾,已停止目标盈期次,计划运作期已结束,2021-12-23,2026-10-09,最近完整官方调仓配置（模型权重）,official_rebalance_target,含非精确披露权重，未用推算权重替代；基金权重和1.0000%超出100%±0.02个百分点,15,1,,"{""2026-06-30"": 100.0}",0,17.04984714190944,17.327412747651852,0,b7d74698dd2cfc7369b78673.json,2021-12-23,披露配置（最新权重不可推算）,0,已有更新调仓记录但未通过完整配置核验，不能跨越该事件推算,100.0,100.0,0.0
ttfund__SPLAWGT,小常乐目标盈天天11期,天天基金/投顾,已停止目标盈期次,计划运作期已结束,2021-12-08,2026-10-08,最近完整官方调仓配置（模型权重）,official_rebalance_target,含非精确披露权重，未用推算权重替代；基金权重和1.0000%超出100%±0.02个百分点,17,1,,"{""2026-06-30"": 100.0}",0,15.994285798922945,16.989720992588627,0,0833ce2b0e058f854f1f8679.json,2021-12-08,披露配置（最新权重不可推算）,0,已有更新调仓记录但未通过完整配置核验，不能跨越该事件推算,100.0,100.0,0.0
ttfund__XIM8B4M,小常乐目标盈天天12期,天天基金/投顾,已停止目标盈期次,计划运作期已结束,2021-12-21,2026-10-08,最近完整官方调仓配置（模型权重）,official_rebalance_target,含非精确披露权重，未用推算权重替代；基金权重和1.0000%超出100%±0.02个百分点,15,1,,"{""2026-06-30"": 100.0}",0,17.04984714190944,17.327412747651852,0,0ed1ac0f2a6b6dad31278fcf.json,2021-12-21,披露配置（最新权重不可推算）,0,已有更新调仓记录但未通过完整配置核验，不能跨越该事件推算,100.0,100.0,0.0
ttfund__0ZQMUNY,小常乐目标盈天天13期,天天基金/投顾,已停止目标盈期次,计划运作期已结束,2021-12-28,2026-10-09,最近完整官方调仓配置（模型权重）,official_rebalance_target,含非精确披露权重，未用推算权重替代；基金权重和1.0000%超出100%±0.02个百分点,15,1,,"{""2026-06-30"": 100.0}",0,17.04984714190944,17.327412747651852,0,c9a9d0f9b69140b327d279fe.json,2021-12-28,披露配置（最新权重不可推算）,0,已有更新调仓记录但未通过完整配置核验，不能跨越该事件推算,100.0,100.0,0.0
ttfund__31QBANO,小常乐目标盈天天14期,天天基金/投顾,已停止目标盈期次,计划运作期已结束,2022-01-11,2026-10-09,最近完整官方调仓配置（模型权重）,official_rebalance_target,含非精确披露权重，未用推算权重替代；基金权重和1.0000%超出100%±0.02个百分点,15,1,,"{""2026-06-30"": 100.0}",0,16.371847013138918,16.693591905379083,0,fabacadfd8e14ee13eb2151c.json,2022-01-11,披露配置（最新权重不可推算）,0,已有更新调仓记录但未通过完整配置核验，不能跨越该事件推算,100.0,100.0,0.0
ttfund__20PNOR9,小常乐目标盈天天15期,天天基金/投顾,已停止目标盈期次,计划运作期已结束,2022-04-21,2026-10-09,最近完整官方调仓配置（模型权重）,official_rebalance_target,含非精确披露权重，未用推算权重替代；基金权重和1.0000%超出100%±0.02个百分点,18,1,,"{""2026-06-30"": 100.0}",0,9.197623097758703,20.165216918805207,0,b3f08bd21028bc6d6bab002a.json,2022-04-21,披露配置（最新权重不可推算）,0,已有更新调仓记录但未通过完整配置核验，不能跨越该事件推算,100.0,100.0,0.0
ttfund__UEEQCXB,小常乐目标盈天天16期,天天基金/投顾,已停止目标盈期次,计划运作期已结束,2022-06-07,2026-10-09,最近完整官方调仓配置（模型权重）,official_rebalance_target,含非精确披露权重，未用推算权重替代；基金权重和1.0000%超出100%±0.02个百分点,15,1,,"{""2026-06-30"": 100.0}",0,8.52954882597107,22.519595659415543,0,9866605ec42a0e086b7749a1.json,2022-06-07,披露配置（最新权重不可推算）,0,已有更新调仓记录但未通过完整配置核验，不能跨越该事件推算,100.0,100.0,0.0
ttfund__5PAZIUD,小常乐目标盈天天17期,天天基金/投顾,已停止目标盈期次,计划运作期已结束,2022-07-05,2026-10-09,最近完整官方调仓配置（模型权重）,official_rebalance_target,含非精确披露权重，未用推算权重替代；基金权重和1.0000%超出100%±0.02个百分点,16,1,,"{""2026-06-30"": 100.0}",0,9.783234016820865,22.1695168127558,0,c26525035122408a7150c977.json,2022-07-05,披露配置（最新权重不可推算）,0,已有更新调仓记录但未通过完整配置核验，不能跨越该事件推算,100.0,100.0,0.0
ttfund__BE9WIHH,小常乐目标盈天天18期,天天基金/投顾,已停止目标盈期次,计划运作期已结束,2022-08-02,2026-10-09,最近完整官方调仓配置（模型权重）,official_rebalance_target,含非精确披露权重，未用推算权重替代；基金权重和2.8000%超出100%±0.02个百分点,15,1,,"{""2026-06-30"": 100.0}",0,8.523751069527954,23.17414246036623,0,75c88cca0211082980d65ee0.json,2022-08-02,披露配置（最新权重不可推算）,0,已有更新调仓记录但未通过完整配置核验，不能跨越该事件推算,100.0,100.0,0.0
ttfund__MZUMUTO,小常乐目标盈天天19期,天天基金/投顾,已停止目标盈期次,计划运作期已结束,2026-10-09,2026-10-09,最新库内披露仓位,latest_observed_current,,1,1,,"{""2026-06-30"": 100.0}",0,0.0,27.627468448952314,0,3a1696330c2e2e9c7cc27bb1.json,2026-10-10,净值漂移推算,1,,100.0,100.0,0.0
ttfund__GGZBYOS,小常乐目标盈天天20期,天天基金/投顾,已停止目标盈期次,已停止,2022-11-09,,最近完整官方调仓配置（模型权重）,official_rebalance_target,缺少当前基金仓位,17,1,,"{""2026-06-30"": 100.0}",0,9.562281113025053,22.26452387838822,0,134c90b92226c21c079b2b78.json,2022-11-09,披露配置（最新权重不可推算）,0,已有更新调仓记录但未通过完整配置核验，不能跨越该事件推算,100.0,100.0,0.0
ttfund__WIGD758,小常乐目标盈天天21期,天天基金/投顾,已停止目标盈期次,已停止,2022-12-14,,最近完整官方调仓配置（模型权重）,official_rebalance_target,缺少当前基金仓位,19,1,,"{""2026-06-30"": 100.0}",0,8.993736962121824,21.127490246198576,0,f501224d8058d46ef30085fc.json,2022-12-14,披露配置（最新权重不可推算）,0,已有更新调仓记录但未通过完整配置核验，不能跨越该事件推算,100.0,100.0,0.0
ttfund__8AXARTC,小常乐目标盈天天22期,天天基金/投顾,已停止目标盈期次,已停止,2022-12-28,,最近完整官方调仓配置（模型权重）,official_rebalance_target,缺少当前基金仓位,19,1,,"{""2026-06-30"": 100.0}",0,8.993736962121824,21.719909970099962,0,51d3f96fba01d017ae9ead87.json,2022-12-28,披露配置（最新权重不可推算）,0,已有更新调仓记录但未通过完整配置核验，不能跨越该事件推算,100.0,100.0,0.0
ttfund__2TYT3BL,小常乐目标盈天天23期,天天基金/投顾,已停止目标盈期次,已停止,2023-01-03,,最近完整官方调仓配置（模型权重）,official_rebalance_target,缺少当前基金仓位,19,1,,"{""2026-06-30"": 100.0}",0,8.993736962121824,21.719909970099962,0,25debf270a3f28bb5f9b2a9c.json,2023-01-03,披露配置（最新权重不可推算）,0,已有更新调仓记录但未通过完整配置核验，不能跨越该事件推算,100.0,100.0,0.0
ttfund__KTSVVHR,小常乐目标盈天天24期,天天基金/投顾,已停止目标盈期次,已停止,,,最新库内披露仓位,latest_observed_current,缺少当前基金仓位,0,0,缺少当前基金仓位,{},0,,,0,affe31671e7b1bbcb191072f.json,,缺少可用基金配置,0,缺少完整配置,,,
ttfund__CL3SMDU,小常乐目标盈天天25期,天天基金/投顾,已停止目标盈期次,计划运作期已结束,2026-10-09,2026-10-09,最新库内披露仓位,latest_observed_current,,20,1,,"{""2026-06-30"": 100.02000000000001}",0,7.910474258718017,21.735864649549704,0,9dc94acafa85d2924400494c.json,2026-10-09,源端最新仓位占比,1,,100.02000000000001,100.02000000000001,0.0
ttfund__WSQJEDL,小常乐目标盈天天26期,天天基金/投顾,已停止目标盈期次,计划运作期已结束,2026-10-09,2026-10-09,最新库内披露仓位,latest_observed_current,,20,1,,"{""2026-06-30"": 99.98999999999998}",0,8.0745430413198,21.621029710831532,0,41baf82096ef8829f16ed2c9.json,2026-10-09,源端最新仓位占比,1,,99.98999999999998,99.98999999999998,0.0
ttfund__ATSAB4C,小常乐目标盈天天27期,天天基金/投顾,已停止目标盈期次,计划运作期已结束,2026-10-08,2026-10-08,最新库内披露仓位,latest_observed_current,,20,1,,"{""2026-06-30"": 100.0}",0,8.084176043010363,21.6884349633192,0,250c9c0af98303db1f35bc96.json,2026-10-09,净值漂移推算,1,,100.0,100.0,0.0
ttfund__75CCENW,小常乐目标盈天天28期,天天基金/投顾,已停止目标盈期次,计划运作期已结束,2026-10-09,2026-10-09,最新库内披露仓位,latest_observed_current,,20,1,,"{""2026-06-30"": 100.02000000000001}",0,8.075916325653562,21.74468384209589,0,84d54f24d727ff4cb4bc417e.json,2026-10-09,源端最新仓位占比,1,,100.02000000000001,100.02000000000001,0.0
ttfund__5XJT2CJ,小常乐目标盈天天29期,天天基金/投顾,已停止目标盈期次,计划运作期已结束,2026-10-09,2026-10-09,最新库内披露仓位,latest_observed_current,,22,1,,"{""2026-06-30"": 100.01}",0,8.16372429118273,21.47204344883025,0,d29d3cd9a05346d667ebe008.json,2026-10-09,源端最新仓位占比,1,,100.01,100.01,0.0
ttfund__40NN5EN,小常乐目标盈天天30期,天天基金/投顾,已停止目标盈期次,计划运作期已结束,2026-10-08,2026-10-09,最近完整历史仓位,historical_exact,基金权重和100.0400%超出100%±0.02个百分点,22,1,,"{""2026-06-30"": 99.99999999999999}",0,8.304892555618544,21.20804777108321,0,12e23fbdabdc392e5d485622.json,2026-10-09,净值漂移推算,1,,99.99999999999999,99.99999999999999,0.0
ttfund__UTT25QJ,小常乐目标盈天天31期,天天基金/投顾,已停止目标盈期次,计划运作期已结束,2023-06-12,2026-10-09,最近完整官方调仓配置（模型权重）,official_rebalance_target,含非精确披露权重，未用推算权重替代,22,1,,"{""2026-06-30"": 99.99999999999999}",0,8.226001772961355,21.223844485431734,0,6d6ae025355ba36684759bc2.json,2026-10-09,净值漂移推算,1,,99.99999999999999,99.99999999999999,0.0
ttfund__UCNBOKN,小常乐目标盈天天32期,天天基金/投顾,已停止目标盈期次,计划运作期已结束,2023-07-10,2026-10-09,最近完整官方调仓配置（模型权重）,official_rebalance_target,含非精确披露权重，未用推算权重替代,22,1,,"{""2026-06-30"": 99.99999999999999}",0,8.215317133588139,21.230097293288406,0,c4728357711b99d8682efd76.json,2026-10-09,净值漂移推算,1,,99.99999999999999,99.99999999999999,0.0
ttfund__IZEXKHE,小常乐目标盈天天33期,天天基金/投顾,已停止目标盈期次,计划运作期已结束,2026-10-09,2026-10-09,最新库内披露仓位,latest_observed_current,含非精确披露权重，未用推算权重替代,22,0,含非精确披露权重，未用推算权重替代,{},0,,,0,b0ea41a4a2d019c033c98666.json,,缺少可用基金配置,0,缺少完整配置,,,
ttfund__0DGC7CW,小常乐目标盈天天34期,天天基金/投顾,已停止目标盈期次,计划运作期已结束,2023-08-30,2026-10-09,最近完整官方调仓配置（模型权重）,official_rebalance_target,含非精确披露权重，未用推算权重替代,22,1,,"{""2026-06-30"": 100.00000000000003}",0,8.325725384579254,21.11449510474947,0,ca56b9cf42a0add92bb9c0c5.json,2026-10-09,净值漂移推算,1,,100.00000000000003,100.00000000000003,0.0
ttfund__WYJ14NT,小常乐目标盈天天35期,天天基金/投顾,已停止目标盈期次,计划运作期已结束,2023-09-05,2026-10-09,最近完整官方调仓配置（模型权重）,official_rebalance_target,含非精确披露权重，未用推算权重替代,22,1,,"{""2026-06-30"": 100.0}",0,8.300728512420463,21.070072533615402,0,6f1f10cff2a7e7a5f82dcdaa.json,2026-10-09,净值漂移推算,1,,100.0,100.0,0.0
ttfund__CD2POH0,小常乐目标盈天天36期,天天基金/投顾,已停止目标盈期次,已停止,2023-11-09,,最近完整官方调仓配置（模型权重）,official_rebalance_target,缺少当前基金仓位,22,1,,"{""2026-06-30"": 100.0}",0,8.410526742157739,21.017121727530377,0,e6ee8f9e62fd420b257d53f6.json,2026-10-09,净值漂移推算,1,,100.0,100.0,0.0
ttfund__LA2QCJX,小常乐目标盈天天37期,天天基金/投顾,已停止目标盈期次,已停止,2024-01-09,,最近完整官方调仓配置（模型权重）,official_rebalance_target,缺少当前基金仓位,21,1,,"{""2026-06-30"": 100.0}",0,8.485544710117287,20.777643995894664,0,8795728779d5b0e469a869e2.json,2026-10-09,净值漂移推算,1,,100.0,100.0,0.0
ttfund__BSJBYFE,小常乐目标盈天天38期,天天基金/投顾,已停止目标盈期次,已停止,,,最新库内披露仓位,latest_observed_current,缺少当前基金仓位,0,0,缺少当前基金仓位,{},0,,,0,a5d3785f10ad7f75736d7f47.json,,缺少可用基金配置,0,缺少完整配置,,,
ttfund__VEDEATO,小常乐目标盈天天39期,天天基金/投顾,已停止目标盈期次,已停止,2024-02-29,,最近完整官方调仓配置（模型权重）,official_rebalance_target,缺少当前基金仓位,21,1,,"{""2026-06-30"": 99.99999999999999}",0,8.238837120431523,21.166661081867684,0,15d4d629f774f77821f5e0af.json,2026-10-09,净值漂移推算,1,,99.99999999999999,99.99999999999999,0.0
ttfund__FWABXOS,小常乐目标盈天天40期,天天基金/投顾,已停止目标盈期次,已停止,2024-03-18,,最近完整官方调仓配置（模型权重）,official_rebalance_target,缺少当前基金仓位,21,1,,"{""2026-06-30"": 100.00000000000001}",0,8.097070090249478,21.18509757267399,0,13edccf3de6336a18423671d.json,2026-10-09,净值漂移推算,1,,100.00000000000001,100.00000000000001,0.0
ttfund__ZDRK77O,小常乐目标盈天天41期,天天基金/投顾,已停止目标盈期次,已停止,2024-04-11,,最近完整官方调仓配置（模型权重）,official_rebalance_target,缺少当前基金仓位,21,1,,"{""2026-06-30"": 100.00000000000001}",0,7.889789176409697,20.786390259109456,0,14ff4eb6d38247aba083c7cc.json,2026-10-09,净值漂移推算,1,,100.00000000000001,100.00000000000001,0.0
ttfund__9EWXWM1,小常乐目标盈天天42期,天天基金/投顾,已停止目标盈期次,已停止,2024-05-10,,最近完整官方调仓配置（模型权重）,official_rebalance_target,缺少当前基金仓位,21,1,,"{""2026-06-30"": 100.0}",0,7.975598196668869,21.053231597861053,0,d01bba1a8161344abdfc2c99.json,2024-05-10,披露配置（最新权重不可推算）,0,已有更新调仓记录但未通过完整配置核验，不能跨越该事件推算,100.0,100.0,0.0
ttfund__CIPYE30,小常乐目标盈天天43期,天天基金/投顾,已停止目标盈期次,已停止,2024-05-16,,最近完整官方调仓配置（模型权重）,official_rebalance_target,缺少当前基金仓位,21,1,,"{""2026-06-30"": 100.00000000000001}",0,7.905609172888698,20.734416672674424,0,136e4cbff1e81f4b33b674d1.json,2026-10-09,净值漂移推算,1,,100.00000000000001,100.00000000000001,0.0
ttfund__1EKDU0J,小常乐目标盈天天44期,天天基金/投顾,已停止目标盈期次,已停止,2024-06-03,,最近完整官方调仓配置（模型权重）,official_rebalance_target,缺少当前基金仓位,21,1,,"{""2026-06-30"": 100.0}",0,7.964320417647135,20.72054653737061,0,f8eb98ba71cf2b9205f74c6f.json,2026-10-09,净值漂移推算,1,,100.0,100.0,0.0
ttfund__V7RODJC,小常乐目标盈天天45期,天天基金/投顾,已停止目标盈期次,已停止,2024-06-20,,最近完整官方调仓配置（模型权重）,official_rebalance_target,缺少当前基金仓位,22,1,,"{""2026-06-30"": 99.99999999999999}",0,8.320017431318073,21.67995224587435,0,a005b4b17f1e98b7001b00f2.json,2026-10-09,净值漂移推算,1,,99.99999999999999,99.99999999999999,0.0
ttfund__TKRHZ6I,小常乐目标盈天天46期,天天基金/投顾,已停止目标盈期次,已停止,,,最新库内披露仓位,latest_observed_current,缺少当前基金仓位,0,0,缺少当前基金仓位,{},0,,,0,1a98b7ee9d72fcb3632dd2e9.json,,缺少可用基金配置,0,缺少完整配置,,,
ttfund__Q2EYTS6,小常乐目标盈天天47期,天天基金/投顾,已停止目标盈期次,已停止,2025-08-26,,最近完整官方调仓配置（模型权重）,official_rebalance_target,缺少当前基金仓位,20,1,,"{""2026-06-30"": 100.0}",0,8.976033095188079,24.101115335731432,0,12f5d065ae53cc9d9ab1bac9.json,2026-10-08,净值漂移推算,1,,100.0,100.0,0.0
ttfund__FKUKFXV,小微波目标盈天天01期,天天基金/投顾,已停止目标盈期次,计划运作期已结束,2026-10-09,2026-10-09,最新库内披露仓位,latest_observed_current,,19,1,,"{""2026-06-30"": 100.00999999999998}",0,8.06169189998872,15.156518576698858,0,3352bfa72b872c033f3ac207.json,2026-10-09,源端最新仓位占比,1,,100.00999999999998,100.00999999999998,0.0
ttfund__UVTJZ2Y,小微波目标盈天天02期,天天基金/投顾,已停止目标盈期次,计划运作期已结束,2026-10-09,2026-10-09,最新库内披露仓位,latest_observed_current,,19,1,,"{""2026-06-30"": 100.01}",0,8.026596829056514,15.166064193577533,0,098148db6565983312ef8f83.json,2026-10-09,源端最新仓位占比,1,,100.01,100.01,0.0
ttfund__PK0RZPA,小微波目标盈天天03期,天天基金/投顾,已停止目标盈期次,计划运作期已结束,2026-10-09,2026-10-09,最新库内披露仓位,latest_observed_current,,19,1,,"{""2026-06-30"": 100.00999999999999}",0,6.990558675406232,15.068080873720566,0,3b94fabda05a02a7ed884d2b.json,2026-10-09,源端最新仓位占比,1,,100.00999999999999,100.00999999999999,0.0
ttfund__YXXOZLS,小微波目标盈天天04期,天天基金/投顾,已停止目标盈期次,已停止,2023-11-09,,最近完整官方调仓配置（模型权重）,official_rebalance_target,缺少当前基金仓位,19,1,,"{""2026-06-30"": 100.0}",0,7.364335679311946,14.981479912403831,0,1a33058e61380baab4e9a6e9.json,2026-10-09,净值漂移推算,1,,100.0,100.0,0.0
ttfund__LU1O1FZ,小微波目标盈天天05期,天天基金/投顾,已停止目标盈期次,已停止,2024-01-09,,最近完整官方调仓配置（模型权重）,official_rebalance_target,缺少当前基金仓位,23,1,,"{""2026-06-30"": 100.00000000000001}",0,6.653585044747534,16.047032631627694,0,ba59263f772862886adb1343.json,2026-10-09,净值漂移推算,1,,100.00000000000001,100.00000000000001,0.0
ttfund__DG8CQIT,小微波目标盈天天06期,天天基金/投顾,已停止目标盈期次,已停止,2024-02-07,,最近完整官方调仓配置（模型权重）,official_rebalance_target,缺少当前基金仓位,23,1,,"{""2026-06-30"": 100.0}",0,6.996670220580897,16.045296582024115,0,c1cde5b5a28aaaa186228cb1.json,2026-10-09,净值漂移推算,1,,100.0,100.0,0.0
ttfund__FXBNMWF,小微波目标盈天天07期,天天基金/投顾,已停止目标盈期次,已停止,2024-03-21,,最近完整官方调仓配置（模型权重）,official_rebalance_target,缺少当前基金仓位,23,1,,"{""2026-06-30"": 100.00000000000001}",0,7.367874385026092,15.201062407255366,0,89d74d6a472d047207f24680.json,2026-10-09,净值漂移推算,1,,100.00000000000001,100.00000000000001,0.0
ttfund__YR3U9XG,小微波目标盈天天08期,天天基金/投顾,已停止目标盈期次,计划运作期已结束,2026-10-09,2026-10-09,最新库内披露仓位,latest_observed_current,,23,1,,"{""2026-06-30"": 99.99000000000002}",0,7.7496917010977535,15.277967907779997,0,990a50891ed6c66a29cdd10b.json,2026-10-09,源端最新仓位占比,1,,99.99000000000002,99.99000000000002,0.0
ttfund__BTNY075,小微波目标盈天天09期,天天基金/投顾,已停止目标盈期次,计划运作期已结束,2026-10-08,2026-10-08,最新库内披露仓位,latest_observed_current,,23,1,,"{""2026-06-30"": 100.0}",0,7.494789461073427,15.343710538492568,0,c1f2512799cb77b706f09f2f.json,2026-10-09,净值漂移推算,1,,100.0,100.0,0.0
ttfund__DIBYB35,小微波目标盈天天10期,天天基金/投顾,已停止目标盈期次,已停止,2026-10-09,,参考母策略配置,parent_strategy_reference,缺少当前基金仓位,31,1,,"{""2026-06-30"": 99.98999999999997}",1,3.3969344410218234,17.120674410168252,2,cd7b0c6a191fc30beedc3ff6.json,2026-10-09,披露配置（最新权重不可推算）,0,"缺少基准日之后净值：002400,160140,008751,539003,539001",99.98999999999997,99.98999999999997,0.0
ttfund__JCPZWBY,小微精选,天天基金/投顾,正常运行,on_sale_window,2026-08-28,2026-10-09,最近完整官方调仓配置（模型权重）,official_rebalance_target,含非精确披露权重，未用推算权重替代,11,1,,"{""2026-06-30"": 100.0}",0,58.08792951994589,0.28267069280421014,0,eb6296dda4d8f2a0ab6c7bda.json,2026-10-09,净值漂移推算,1,,100.0,100.0,0.0
ttfund__X6MZKOX,小牛慢跑,天天基金/投顾,正常运行,on_sale_window,2026-06-11,2026-10-09,最近完整官方调仓配置（模型权重）,official_rebalance_target,含非精确披露权重，未用推算权重替代,13,1,,"{""2026-06-30"": 99.99999999999999}",0,7.618589490710587,1.5973177525363533,2,2625d92914f62fda5fa46fd7.json,2026-10-08,净值漂移推算,1,,99.99999999999999,99.99999999999999,0.0
ttfund__IXZQUM7,山前优选,天天基金/投顾,正常运行,,2026-05-14,2026-10-09,最近完整官方调仓配置（模型权重）,official_rebalance_target,含非精确披露权重，未用推算权重替代,9,1,,"{""2026-06-30"": 100.0}",0,50.02936458906041,3.620139951905689,0,988f9829a7c1e27deddb741d.json,2026-05-14,披露配置（最新权重不可推算）,0,已有更新调仓记录但未通过完整配置核验，不能跨越该事件推算,100.0,100.0,0.0
ttfund__DVYYKVK,山前进取,天天基金/投顾,正常运行,,2026-05-14,2026-10-09,最近完整官方调仓配置（模型权重）,official_rebalance_target,含非精确披露权重，未用推算权重替代,9,1,,"{""2026-06-30"": 100.0}",0,44.88869211330308,3.608434515651337,0,5c67f70db67198069f5f8d1d.json,2026-05-14,披露配置（最新权重不可推算）,0,已有更新调仓记录但未通过完整配置核验，不能跨越该事件推算,100.0,100.0,0.0
ttfund__Y7910ZA,工资宝绝对收益组合,天天基金/投顾,正常运行,,2026-10-09,2026-10-09,最新库内披露仓位,latest_observed_current,,26,1,,"{""2026-06-30"": 100.01}",0,9.47452586282214,18.081150561633102,0,47714bad19b5832625cbac0e.json,2026-10-09,源端最新仓位占比,1,"源端占比直接使用；净值滚动未执行：缺少基准日之后净值：002400,100050",100.01,100.01,0.0
ttfund__ZWGG0VJ,工银价值稳健（直销）,天天基金/投顾,正常运行,,2022-01-27,2026-10-09,最近完整官方调仓配置（模型权重）,official_rebalance_target,含非精确披露权重，未用推算权重替代,15,1,,"{""2026-06-30"": 100.0}",0,7.08547972939553,22.87414792603324,0,a137ba868ed6d5438f30293f.json,2022-01-27,披露配置（最新权重不可推算）,0,已有更新调仓记录但未通过完整配置核验，不能跨越该事件推算,100.0,100.0,0.0
ttfund__OAPJL2B,工银固收增强（直销）,天天基金/投顾,正常运行,,2022-06-01,2026-10-09,最近完整官方调仓配置（模型权重）,official_rebalance_target,含非精确披露权重，未用推算权重替代,25,1,,"{""2026-06-30"": 100.00000000000001}",0,11.04523621882352,17.80159259105705,0,51e64799ca365b6b345e7d50.json,2026-10-09,净值漂移推算,1,,100.00000000000001,100.00000000000001,0.0
ttfund__SUDEXFN,工银瑞信价值稳健,天天基金/投顾,正常运行,,2025-11-17,2026-10-09,最近完整官方调仓配置（模型权重）,official_rebalance_target,含非精确披露权重，未用推算权重替代,14,1,,"{""2026-06-30"": 99.99999999999999}",0,3.853111884088092,22.625867617444975,0,4bf115246ebcc80db001fdc7.json,2026-10-09,净值漂移推算,1,,99.99999999999999,99.99999999999999,0.0
ttfund__MTEXBKY,工银瑞信固收增强,天天基金/投顾,正常运行,,2025-11-17,2026-10-09,最近完整官方调仓配置（模型权重）,official_rebalance_target,含非精确披露权重，未用推算权重替代,14,1,,"{""2026-06-30"": 100.0}",0,6.387268786123018,21.48645037725517,0,4e4b926205250f83e02f88c9.json,2026-10-09,净值漂移推算,1,,100.0,100.0,0.0
ttfund__1AELDGX,工银瑞信均衡配置,天天基金/投顾,正常运行,,2026-09-17,2026-10-09,最近完整官方调仓配置（模型权重）,official_rebalance_target,含非精确披露权重，未用推算权重替代,15,1,,"{""2026-06-30"": 99.99999999999999}",0,14.90600936737943,12.166112818669935,0,f0329533e7c1096acc24c5e3.json,2026-10-09,净值漂移推算,1,,99.99999999999999,99.99999999999999,0.0
ttfund__KNJ2K4S,工银瑞信均衡配置（直销）,天天基金/投顾,正常运行,,2022-06-01,2026-10-09,最近完整官方调仓配置（模型权重）,official_rebalance_target,含非精确披露权重，未用推算权重替代,28,1,,"{""2026-06-30"": 100.0}",0,37.444260814287304,10.035542563676335,0,c083453f6d5af7b0c271099d.json,2026-10-09,净值漂移推算,1,,100.0,100.0,0.0
ttfund__YO6SLVP,工银瑞信指数PLUS策略,天天基金/投顾,正常运行,on_sale_window,2026-09-23,2026-10-09,最近完整官方调仓配置（模型权重）,official_rebalance_target,含非精确披露权重，未用推算权重替代,18,1,,"{""2026-06-30"": 99.99999999999999}",0,55.28449473132709,1.7657373964526704,0,bc3bac37362e6ea83fa1e3ef.json,2026-10-09,净值漂移推算,1,,99.99999999999999,99.99999999999999,0.0
ttfund__DWJWG3A,工银瑞信指数PLUS策略（直销）,天天基金/投顾,正常运行,,2023-02-09,2026-10-09,最近完整官方调仓配置（模型权重）,official_rebalance_target,含非精确披露权重，未用推算权重替代,25,1,,"{""2026-06-30"": 99.99999999999999}",0,68.1283655927128,1.926202932136933,0,fbd0624fb3ad4500c463c8bd.json,2026-10-09,净值漂移推算,1,,99.99999999999999,99.99999999999999,0.0
ttfund__OAUPIF2,工银瑞信权益精选,天天基金/投顾,正常运行,,2026-02-09,2026-10-09,最近完整官方调仓配置（模型权重）,official_rebalance_target,含非精确披露权重，未用推算权重替代,16,1,,"{""2026-06-30"": 100.0}",0,37.334610795614665,5.267150933955308,0,7361450d0da82da9635f1cbf.json,2026-10-09,净值漂移推算,1,,100.0,100.0,0.0
ttfund__RVANL9E,工银瑞信权益精选混合（直销）,天天基金/投顾,正常运行,,2021-09-30,2026-10-09,最近完整官方调仓配置（模型权重）,official_rebalance_target,含非精确披露权重，未用推算权重替代,19,1,,"{""2026-06-30"": 100.00000000000003}",0,59.17312492774444,4.084727388507994,0,a7f018725facfa9fcb997876.json,2021-09-30,披露配置（最新权重不可推算）,0,已有更新调仓记录但未通过完整配置核验，不能跨越该事件推算,100.00000000000003,100.00000000000003,0.0
ttfund__AELFPAC,工银瑞信目标赢01期,天天基金/投顾,已停止目标盈期次,计划运作期已结束,2024-06-27,2026-10-09,最近完整官方调仓配置（模型权重）,official_rebalance_target,含非精确披露权重，未用推算权重替代,23,1,,"{""2026-06-30"": 100.0}",0,16.892483723916943,12.352717142792851,0,bee0d9b7672c45f4899512e1.json,2024-06-27,披露配置（最新权重不可推算）,0,已有更新调仓记录但未通过完整配置核验，不能跨越该事件推算,100.0,100.0,0.0
ttfund__RWG07ND,工银瑞信目标赢02期,天天基金/投顾,已停止目标盈期次,计划运作期已结束,2024-06-27,2026-10-09,最近完整官方调仓配置（模型权重）,official_rebalance_target,含非精确披露权重，未用推算权重替代,23,1,,"{""2026-06-30"": 100.0}",0,16.892483723916943,12.352717142792851,0,34e3929f0b9671a97f816f15.json,2024-06-27,披露配置（最新权重不可推算）,0,已有更新调仓记录但未通过完整配置核验，不能跨越该事件推算,100.0,100.0,0.0
ttfund__F6F7UZR,工银瑞信目标赢03期,天天基金/投顾,已停止目标盈期次,计划运作期已结束,2024-06-27,2026-10-09,最近完整官方调仓配置（模型权重）,official_rebalance_target,含非精确披露权重，未用推算权重替代,23,1,,"{""2026-06-30"": 100.0}",0,16.892483723916943,12.352717142792851,0,34bdfad2d42c229f2ed59410.json,2024-06-27,披露配置（最新权重不可推算）,0,已有更新调仓记录但未通过完整配置核验，不能跨越该事件推算,100.0,100.0,0.0
ttfund__IDRBZTP,工银瑞信目标赢04期,天天基金/投顾,已停止目标盈期次,计划运作期已结束,2026-03-16,2026-10-08,最近完整官方调仓配置（模型权重）,official_rebalance_target,含非精确披露权重，未用推算权重替代,18,1,,"{""2026-06-30"": 99.99999999999999}",0,19.77951215763713,11.381224349614207,0,feb7b8404ab8d72de557c751.json,2026-10-09,净值漂移推算,1,,99.99999999999999,99.99999999999999,0.0
ttfund__EXGGLNV,工银瑞信目标赢05期,天天基金/投顾,已停止目标盈期次,计划运作期已结束,2026-03-16,2026-10-09,最近完整官方调仓配置（模型权重）,official_rebalance_target,含非精确披露权重，未用推算权重替代,18,1,,"{""2026-06-30"": 99.99999999999999}",0,19.77951215763713,11.381224349614207,0,6ecf89972a7448e0ac5c776e.json,2026-10-09,净值漂移推算,1,,99.99999999999999,99.99999999999999,0.0
ttfund__PSSOL1E,工银瑞信目标赢06期,天天基金/投顾,已停止目标盈期次,计划运作期已结束,2026-03-16,2026-10-09,最近完整官方调仓配置（模型权重）,official_rebalance_target,含非精确披露权重，未用推算权重替代,18,1,,"{""2026-06-30"": 99.99999999999999}",0,19.77951215763713,11.381224349614207,0,33f41ef3ccf06c6f2909437d.json,2026-10-09,净值漂移推算,1,,99.99999999999999,99.99999999999999,0.0
ttfund__GD0XPLR,工银瑞信目标赢07期,天天基金/投顾,已停止目标盈期次,计划运作期已结束,2026-03-16,2026-10-09,最近完整官方调仓配置（模型权重）,official_rebalance_target,含非精确披露权重，未用推算权重替代,18,1,,"{""2026-06-30"": 99.99999999999999}",0,19.77951215763713,11.381224349614207,0,cc3939a0993a34ac22eaa845.json,2026-10-09,净值漂移推算,1,,99.99999999999999,99.99999999999999,0.0
ttfund__OKYWR3F,工银瑞信目标赢08期,天天基金/投顾,已停止目标盈期次,计划运作期已结束,2024-06-27,,最近完整官方调仓配置（模型权重）,official_rebalance_target,缺少当前基金仓位,23,1,,"{""2026-06-30"": 100.0}",0,16.892483723916943,12.352717142792851,0,e20156f7fc045f540b6fd44a.json,2024-06-27,披露配置（最新权重不可推算）,0,已有更新调仓记录但未通过完整配置核验，不能跨越该事件推算,100.0,100.0,0.0
ttfund__FPMRE6G,工银瑞信目标赢09期,天天基金/投顾,已停止目标盈期次,计划运作期已结束,2024-06-27,,最近完整官方调仓配置（模型权重）,official_rebalance_target,缺少当前基金仓位,23,1,,"{""2026-06-30"": 100.0}",0,16.892483723916943,12.352717142792851,0,f25aaeae7528e2bffb81f15c.json,2024-06-27,披露配置（最新权重不可推算）,0,已有更新调仓记录但未通过完整配置核验，不能跨越该事件推算,100.0,100.0,0.0
ttfund__CE1CSYM,工银瑞信目标赢10期,天天基金/投顾,已停止目标盈期次,计划运作期已结束,2024-06-27,2026-10-09,最近完整官方调仓配置（模型权重）,official_rebalance_target,含非精确披露权重，未用推算权重替代,23,1,,"{""2026-06-30"": 100.0}",0,16.892483723916943,12.352717142792851,0,962d1093b96cf5c87eb721a5.json,2024-06-27,披露配置（最新权重不可推算）,0,已有更新调仓记录但未通过完整配置核验，不能跨越该事件推算,100.0,100.0,0.0
ttfund__4LB2XCK,工银瑞信目标赢11期,天天基金/投顾,已停止目标盈期次,计划运作期已结束,2024-06-27,2026-10-09,最近完整官方调仓配置（模型权重）,official_rebalance_target,含非精确披露权重，未用推算权重替代,23,1,,"{""2026-06-30"": 100.0}",0,16.892483723916943,12.352717142792851,0,8bae3b36af37019b42a8d34d.json,2024-06-27,披露配置（最新权重不可推算）,0,已有更新调仓记录但未通过完整配置核验，不能跨越该事件推算,100.0,100.0,0.0
ttfund__EQ2GPJN,工银瑞信目标赢12期,天天基金/投顾,已停止目标盈期次,计划运作期已结束,2024-06-27,2026-10-09,最近完整官方调仓配置（模型权重）,official_rebalance_target,含非精确披露权重，未用推算权重替代,23,1,,"{""2026-06-30"": 100.0}",0,16.892483723916943,12.352717142792851,0,ff156cea3eecdfe095056d31.json,2024-06-27,披露配置（最新权重不可推算）,0,已有更新调仓记录但未通过完整配置核验，不能跨越该事件推算,100.0,100.0,0.0
ttfund__ZOOQUON,工银瑞信积极进取,天天基金/投顾,正常运行,on_sale_window,2026-07-08,2026-10-09,最近完整官方调仓配置（模型权重）,official_rebalance_target,含非精确披露权重，未用推算权重替代,17,1,,"{""2026-06-30"": 100.0}",0,36.11778718325751,2.5212795659623843,2,ddc5e5ce28f0073977ad62f5.json,2026-10-08,净值漂移推算,1,,100.0,100.0,0.0
ttfund__POVM1MK,工银瑞信积极进取（直销）,天天基金/投顾,正常运行,,2022-06-01,2026-10-09,最近完整官方调仓配置（模型权重）,official_rebalance_target,含非精确披露权重，未用推算权重替代,20,1,,"{""2026-06-30"": 100.0}",0,79.96503366408965,0.7233769703000513,0,6ea2dbbf402123a64c2c686f.json,2026-10-09,净值漂移推算,1,,100.0,100.0,0.0
ttfund__OZY0TLZ,工银瑞信稳健成长,天天基金/投顾,正常运行,,2026-07-08,2026-10-09,最近完整官方调仓配置（模型权重）,official_rebalance_target,含非精确披露权重，未用推算权重替代,15,1,,"{""2026-06-30"": 99.99999999999999}",0,11.099741798824365,16.07080817823646,0,1be8b04f0c6ccf0db32b2c07.json,2026-10-09,净值漂移推算,1,,99.99999999999999,99.99999999999999,0.0
ttfund__KA21BWL,工银稳健成长（直销）,天天基金/投顾,正常运行,,2022-06-01,2026-10-09,最近完整官方调仓配置（模型权重）,official_rebalance_target,含非精确披露权重，未用推算权重替代,25,1,,"{""2026-06-30"": 100.00000000000001}",0,14.97507151219074,16.80877672096632,0,6c889f965c52cd5096319208.json,2026-10-09,净值漂移推算,1,,100.00000000000001,100.00000000000001,0.0
ttfund__DK77U1A,工银货债通（直销）,天天基金/投顾,正常运行,,2022-07-06,2026-10-09,最近完整官方调仓配置（模型权重）,official_rebalance_target,含非精确披露权重，未用推算权重替代,6,1,,"{""2026-06-30"": 100.0}",0,0.0,17.953729579833723,0,e4cd62281d1ea8546002fcc3.json,2026-10-09,净值漂移推算,1,,100.0,100.0,0.0
ttfund__NILTZXN,工银货债通（超级版）,天天基金/投顾,正常运行,,2026-05-14,2026-10-09,最近完整官方调仓配置（模型权重）,official_rebalance_target,含非精确披露权重，未用推算权重替代,38,1,,"{""2026-06-30"": 99.99999999999999}",0,0.0,15.081288693281076,0,1f786294e5354500dd5f348b.json,2026-10-09,净值漂移推算,1,,99.99999999999999,99.99999999999999,0.0
ttfund__HQZRIIB,带你投全球债,天天基金/投顾,正常运行,,2024-10-24,2026-10-09,最近完整官方调仓配置（模型权重）,official_rebalance_target,含非精确披露权重，未用推算权重替代,11,1,,"{""2026-06-30"": 100.0}",0,0.0,20.16366774377989,0,5027fee85693a231f87e67f5.json,2026-10-08,净值漂移推算,1,,100.0,100.0,0.0
ttfund__XLBBK9I,带你投红利低波,天天基金/投顾,正常运行,,2026-01-08,2026-10-09,最近完整官方调仓配置（模型权重）,official_rebalance_target,含非精确披露权重，未用推算权重替代,9,1,,"{""2026-06-30"": 100.0}",0,17.871216088119592,1.5158395918524263,0,0889fde0f000a9195b4e6797.json,2026-10-09,净值漂移推算,1,,100.0,100.0,0.0
ttfund__FV7ASQT,平衡宝,天天基金/投顾,正常运行,on_sale_window,2026-07-13,2026-10-09,最近完整官方调仓配置（模型权重）,official_rebalance_target,含非精确披露权重，未用推算权重替代,36,1,,"{""2026-06-30"": 100.00000000000001}",0,18.034922358508805,10.673574483298538,2,09df506c0efc28b47e0051e4.json,2026-10-08,净值漂移推算,1,,100.00000000000001,100.00000000000001,0.0
ttfund__OLDWWKU,年年红偏债,天天基金/投顾,正常运行,,2026-05-08,2026-10-09,最近完整官方调仓配置（模型权重）,official_rebalance_target,含非精确披露权重，未用推算权重替代,8,1,,"{""2026-06-30"": 99.99999999999999}",0,52.176968013070855,13.040725862217112,0,bbc768c8fb1f564306c90b44.json,2026-10-09,净值漂移推算,1,,99.99999999999999,99.99999999999999,0.0
ttfund__D3LKFKG,幸福低波小目标,天天基金/投顾,已停止目标盈期次,计划运作期已结束,2026-03-23,2026-10-09,最近完整官方调仓配置（模型权重）,official_rebalance_target,含非精确披露权重，未用推算权重替代,21,1,,"{""2026-06-30"": 100.0}",0,3.051078142882443,16.666386849949394,0,303a3062a636a974b7aca94b.json,2026-03-23,披露配置（最新权重不可推算）,0,已有更新调仓记录但未通过完整配置核验，不能跨越该事件推算,100.0,100.0,0.0
ttfund__BJ0LEVA,幸福低波小目标02期,天天基金/投顾,已停止目标盈期次,计划运作期已结束,2026-03-23,2026-10-09,最近完整官方调仓配置（模型权重）,official_rebalance_target,含非精确披露权重，未用推算权重替代,21,1,,"{""2026-06-30"": 100.0}",0,3.051078142882443,16.666386849949394,0,b7e7bbb339b2faecb5ed5ffd.json,2026-03-23,披露配置（最新权重不可推算）,0,已有更新调仓记录但未通过完整配置核验，不能跨越该事件推算,100.0,100.0,0.0
ttfund__AGIY2KI,幸福低波小目标03期,天天基金/投顾,已停止目标盈期次,计划运作期已结束,2026-03-23,2026-10-09,最近完整官方调仓配置（模型权重）,official_rebalance_target,含非精确披露权重，未用推算权重替代,21,1,,"{""2026-06-30"": 100.0}",0,3.051078142882443,16.666386849949394,0,58636b38a96f184b7454fae3.json,2026-03-23,披露配置（最新权重不可推算）,0,已有更新调仓记录但未通过完整配置核验，不能跨越该事件推算,100.0,100.0,0.0
ttfund__EH7YJ3R,幸福低波小目标04期,天天基金/投顾,已停止目标盈期次,计划运作期已结束,2026-07-20,2026-10-09,最近完整官方调仓配置（模型权重）,official_rebalance_target,含非精确披露权重，未用推算权重替代,20,1,,"{""2026-06-30"": 100.0}",0,6.882875913620399,18.224809137685323,0,5ca888dab5efd2ea938fc074.json,2026-10-09,净值漂移推算,1,,100.0,100.0,0.0
ttfund__IEZMKOT,幸福低波小目标05期,天天基金/投顾,已停止目标盈期次,计划运作期已结束,2026-07-20,2026-10-09,最近完整官方调仓配置（模型权重）,official_rebalance_target,含非精确披露权重，未用推算权重替代,20,1,,"{""2026-06-30"": 100.0}",0,6.882875913620399,18.224809137685323,0,1585ff36062dda292136581d.json,2026-10-09,净值漂移推算,1,,100.0,100.0,0.0
ttfund__TKZIV0K,幸福低波小目标06期,天天基金/投顾,已停止目标盈期次,已停止,2024-02-26,,最近完整官方调仓配置（模型权重）,official_rebalance_target,缺少当前基金仓位,16,1,,"{""2026-06-30"": 100.0}",0,3.6030315240859796,19.06702183201928,0,03b1164a2ee908d38b93bd66.json,2026-10-09,净值漂移推算,1,,100.0,100.0,0.0
ttfund__HXXWZV5,幸福低波小目标07期,天天基金/投顾,已停止目标盈期次,已停止,2023-11-14,,最近完整官方调仓配置（模型权重）,official_rebalance_target,缺少当前基金仓位,18,1,,"{""2026-06-30"": 99.99999999999997}",0,4.50866992225889,19.176928841998908,0,bd625a514213d8642409ced9.json,2026-10-09,净值漂移推算,1,,99.99999999999997,99.99999999999997,0.0
ttfund__QPHPLAO,幸福低波小目标08期,天天基金/投顾,已停止目标盈期次,已停止,2024-03-04,,最近完整官方调仓配置（模型权重）,official_rebalance_target,缺少当前基金仓位,2,1,,"{""2026-06-30"": 100.0}",0,0.0,10.744985808323268,0,f20155b7c90a1c60349a3f67.json,2026-10-09,净值漂移推算,1,,100.0,100.0,0.0
ttfund__CZKHOMC,幸福低波小目标09期,天天基金/投顾,已停止目标盈期次,已停止,2024-05-08,,最近完整官方调仓配置（模型权重）,official_rebalance_target,缺少当前基金仓位,10,1,,"{""2026-06-30"": 100.0}",0,1.2378767984088652,11.36051749806096,0,2925f14af2eb4d06bed234d1.json,2026-10-09,净值漂移推算,1,,100.0,100.0,0.0
ttfund__QGSWEJH,幸福低波小目标10期,天天基金/投顾,已停止目标盈期次,已停止,2024-05-08,,最近完整官方调仓配置（模型权重）,official_rebalance_target,缺少当前基金仓位,16,1,,"{""2026-06-30"": 99.99999999999999}",0,0.8697119449310581,13.862641212336195,0,c7a4ab2007c1cc6549b1a6ea.json,2026-10-09,净值漂移推算,1,,99.99999999999999,99.99999999999999,0.0
ttfund__SEUCJKC,幸福低波小目标11期,天天基金/投顾,已停止目标盈期次,已停止,2024-12-02,,最近完整官方调仓配置（模型权重）,official_rebalance_target,缺少当前基金仓位,15,1,,"{""2026-06-30"": 99.99999999999997}",0,2.0576905107001067,22.134204101706338,0,5df9e4b92199bd205a1f3f64.json,2026-10-09,净值漂移推算,1,,99.99999999999997,99.99999999999997,0.0
ttfund__JHBDANU,幸福低波小目标12期,天天基金/投顾,已停止目标盈期次,已停止,2024-11-15,,最近完整官方调仓配置（模型权重）,official_rebalance_target,缺少当前基金仓位,17,1,,"{""2026-06-30"": 100.0}",0,2.9608320223518705,20.115438770636533,0,a1f1a9a395f3b41f121d5f5e.json,2024-11-15,披露配置（最新权重不可推算）,0,已有更新调仓记录但未通过完整配置核验，不能跨越该事件推算,100.0,100.0,0.0
ttfund__LN7UJ9G,幸福低波小目标13期,天天基金/投顾,已停止目标盈期次,已停止,2024-12-02,,最近完整官方调仓配置（模型权重）,official_rebalance_target,缺少当前基金仓位,15,1,,"{""2026-06-30"": 99.99999999999999}",0,2.0484238098570144,22.21403677628238,0,95832abe85218a5456793821.json,2026-10-09,净值漂移推算,1,,99.99999999999999,99.99999999999999,0.0
ttfund__S90DUKJ,幸福低波小目标14期,天天基金/投顾,已停止目标盈期次,计划运作期已结束,2026-07-20,2026-10-09,最近完整官方调仓配置（模型权重）,official_rebalance_target,含非精确披露权重，未用推算权重替代,20,1,,"{""2026-06-30"": 100.0}",0,7.4468652741895,18.097967474809,0,9869dd508589138e1b83e92c.json,2026-10-09,净值漂移推算,1,,100.0,100.0,0.0
ttfund__KFI0WG0,幸福低波小目标plus,天天基金/投顾,目标盈期次,认购期,2026-08-27,2026-10-09,最近完整官方调仓配置（模型权重）,official_rebalance_target,含非精确披露权重，未用推算权重替代,25,1,,"{""2026-06-30"": 100.0}",0,5.515901753472457,18.634989562591276,0,f283789e354f332ed2a1ed6e.json,2026-10-08,净值漂移推算,1,,100.0,100.0,0.0
ttfund__GL6MVNU,幸福全天候小目标,天天基金/投顾,目标盈期次,认购期,2026-08-28,2026-10-09,最近完整官方调仓配置（模型权重）,official_rebalance_target,含非精确披露权重，未用推算权重替代,33,1,,"{""2026-06-30"": 99.99999999999997}",0,9.964853230806257,15.495405576297948,4,1b04a0cf88ee87e9355e02be.json,2026-10-08,净值漂移推算,1,,99.99999999999997,99.99999999999997,0.0
ttfund__CAAHUQU,幸福全天候小目标01期,天天基金/投顾,目标盈期次,止盈观察期,2026-08-28,2026-10-09,最近完整官方调仓配置（模型权重）,official_rebalance_target,含非精确披露权重，未用推算权重替代,33,1,,"{""2026-06-30"": 99.99999999999997}",0,9.964853230806257,15.495405576297948,4,5fd31a3c49bccc2216ad573d.json,2026-10-08,净值漂移推算,1,,99.99999999999997,99.99999999999997,0.0
ttfund__KN1DOPZ,幸福全天候小目标02期,天天基金/投顾,目标盈期次,止盈观察期,2026-08-28,2026-10-09,最近完整官方调仓配置（模型权重）,official_rebalance_target,含非精确披露权重，未用推算权重替代,33,1,,"{""2026-06-30"": 99.99999999999997}",0,9.964853230806257,15.495405576297948,4,12f90c4536cf9691634bd42a.json,2026-10-08,净值漂移推算,1,,99.99999999999997,99.99999999999997,0.0
ttfund__IH8ICTB,幸福八八小目标天天01期,天天基金/投顾,已停止目标盈期次,计划运作期已结束,2022-02-28,2026-10-09,最近完整官方调仓配置（模型权重）,official_rebalance_target,含非精确披露权重，未用推算权重替代,13,1,,"{""2026-06-30"": 100.0}",0,35.924628203633674,9.054214606865896,0,474476200dc432e5e96e38b5.json,2022-02-28,披露配置（最新权重不可推算）,0,已有更新调仓记录但未通过完整配置核验，不能跨越该事件推算,100.0,100.0,0.0
ttfund__Z0G33BJ,幸福六六小目标天天01期,天天基金/投顾,已停止目标盈期次,已停止,2021-03-08,,最近完整官方调仓配置（模型权重）,official_rebalance_target,缺少当前基金仓位,13,1,,"{""2026-06-30"": 100.0}",0,12.865705885952183,10.49418163187975,0,e904666609c4f8886caea331.json,2021-03-08,披露配置（最新权重不可推算）,0,已有更新调仓记录但未通过完整配置核验，不能跨越该事件推算,100.0,100.0,0.0
ttfund__5QN33NP,幸福六六小目标天天02期,天天基金/投顾,已停止目标盈期次,已停止,2021-06-28,,最近完整官方调仓配置（模型权重）,official_rebalance_target,缺少当前基金仓位,8,1,,"{""2026-06-30"": 100.0}",0,1.5062635107093139,13.50297011321675,0,20229482c2e7cb2b03edf1af.json,2021-06-28,披露配置（最新权重不可推算）,0,已有更新调仓记录但未通过完整配置核验，不能跨越该事件推算,100.0,100.0,0.0
ttfund__156SI0F,幸福六六小目标天天03期,天天基金/投顾,已停止目标盈期次,已停止,2021-05-24,,最近完整官方调仓配置（模型权重）,official_rebalance_target,缺少当前基金仓位,13,1,,"{""2026-06-30"": 100.0}",0,12.047511436838349,14.403708202176928,0,465c5069d0bd066c6de4ad2c.json,2021-05-24,披露配置（最新权重不可推算）,0,已有更新调仓记录但未通过完整配置核验，不能跨越该事件推算,100.0,100.0,0.0
ttfund__C6AAM11,幸福六六小目标天天04期,天天基金/投顾,已停止目标盈期次,已停止,2021-09-06,,最近完整官方调仓配置（模型权重）,official_rebalance_target,缺少当前基金仓位,10,1,,"{""2026-06-30"": 100.0}",0,2.524981007732979,14.078311668347622,0,7d828d715ea8ced4a0dd5cd2.json,2021-09-06,披露配置（最新权重不可推算）,0,已有更新调仓记录但未通过完整配置核验，不能跨越该事件推算,100.0,100.0,0.0
ttfund__8WK4QMY,幸福六六小目标天天05期(年中版),天天基金/投顾,已停止目标盈期次,计划运作期已结束,2025-01-15,2026-10-09,最近完整官方调仓配置（模型权重）,official_rebalance_target,含非精确披露权重，未用推算权重替代,16,1,,"{""2026-06-30"": 100.00000000000001}",0,12.632479759673549,17.098914913165892,0,70fc1e1af162fc7c6f2c1314.json,2026-10-08,净值漂移推算,1,,100.00000000000001,100.00000000000001,0.0
ttfund__OH5MRRV,幸福六六小目标天天06期,天天基金/投顾,已停止目标盈期次,计划运作期已结束,2025-01-15,2026-10-09,最近完整官方调仓配置（模型权重）,official_rebalance_target,含非精确披露权重，未用推算权重替代,16,1,,"{""2026-06-30"": 100.00000000000001}",0,12.632479759673549,17.098914913165892,0,5249ab72300bdfaf2054ee35.json,2026-10-08,净值漂移推算,1,,100.00000000000001,100.00000000000001,0.0
ttfund__NI5GIQY,幸福六六小目标天天07期,天天基金/投顾,已停止目标盈期次,计划运作期已结束,2025-01-15,2026-10-09,最近完整官方调仓配置（模型权重）,official_rebalance_target,含非精确披露权重，未用推算权重替代,16,1,,"{""2026-06-30"": 100.00000000000001}",0,12.632479759673549,17.098914913165892,0,83c6decd93048f4939b98415.json,2026-10-08,净值漂移推算,1,,100.00000000000001,100.00000000000001,0.0
ttfund__80ZDH98,幸福六六小目标天天08期,天天基金/投顾,已停止目标盈期次,已停止,2021-12-13,,最近完整官方调仓配置（模型权重）,official_rebalance_target,缺少当前基金仓位,10,1,,"{""2026-06-30"": 100.0}",0,7.036831141013922,14.279667965100664,0,07537ac7021b8917c3bcade3.json,2021-12-13,披露配置（最新权重不可推算）,0,已有更新调仓记录但未通过完整配置核验，不能跨越该事件推算,100.0,100.0,0.0
ttfund__U8FH2I9,幸福六六小目标天天09期,天天基金/投顾,已停止目标盈期次,已停止,2021-10-15,,最近完整官方调仓配置（模型权重）,official_rebalance_target,缺少当前基金仓位,13,1,,"{""2026-06-30"": 100.0}",0,14.431997662582198,20.152148217935025,0,759740edd5658d01095a7bc1.json,2021-10-15,披露配置（最新权重不可推算）,0,已有更新调仓记录但未通过完整配置核验，不能跨越该事件推算,100.0,100.0,0.0
ttfund__YNOQ6GO,幸福六六小目标天天10期,天天基金/投顾,已停止目标盈期次,已停止,2021-11-08,,最近完整官方调仓配置（模型权重）,official_rebalance_target,缺少当前基金仓位,13,1,,"{""2026-06-30"": 100.00000000000001}",0,14.575058156929257,14.64216665997117,0,dd4512a97f764a3d6c05dd87.json,2021-11-08,披露配置（最新权重不可推算）,0,已有更新调仓记录但未通过完整配置核验，不能跨越该事件推算,100.00000000000001,100.00000000000001,0.0
ttfund__11V916K,幸福六六小目标天天11期,天天基金/投顾,已停止目标盈期次,计划运作期已结束,2022-10-20,2026-10-09,最近完整官方调仓配置（模型权重）,official_rebalance_target,含非精确披露权重，未用推算权重替代,13,1,,"{""2026-06-30"": 99.99999999999999}",0,15.015376870523168,14.825116938851911,0,b5ad6718fec3b8b3aaf0c0da.json,2022-10-20,披露配置（最新权重不可推算）,0,已有更新调仓记录但未通过完整配置核验，不能跨越该事件推算,99.99999999999999,99.99999999999999,0.0
ttfund__VOXGR2C,幸福六六小目标天天12期,天天基金/投顾,已停止目标盈期次,计划运作期已结束,2025-01-15,2026-10-09,最近完整官方调仓配置（模型权重）,official_rebalance_target,含非精确披露权重，未用推算权重替代,16,1,,"{""2026-06-30"": 100.00000000000001}",0,12.632479759673549,17.098914913165892,0,532eeccc5caa5e2d05e491f9.json,2026-10-08,净值漂移推算,1,,100.00000000000001,100.00000000000001,0.0
ttfund__6CJE2QL,幸福六六小目标天天13期,天天基金/投顾,已停止目标盈期次,计划运作期已结束,2025-01-15,2026-10-09,最近完整官方调仓配置（模型权重）,official_rebalance_target,含非精确披露权重，未用推算权重替代,16,1,,"{""2026-06-30"": 100.00000000000001}",0,12.632479759673549,17.098914913165892,0,8d4644cc55ce43cef440654b.json,2026-10-08,净值漂移推算,1,,100.00000000000001,100.00000000000001,0.0
ttfund__MHOTFWC,幸福六六小目标天天14期（新年特别版）,天天基金/投顾,已停止目标盈期次,计划运作期已结束,2023-08-08,2026-10-09,最近完整官方调仓配置（模型权重）,official_rebalance_target,含非精确披露权重，未用推算权重替代,13,1,,"{""2026-06-30"": 100.00000000000001}",0,17.89557591710207,15.424942560378094,0,9de1f62fd4a2788a86171d96.json,2023-08-08,披露配置（最新权重不可推算）,0,已有更新调仓记录但未通过完整配置核验，不能跨越该事件推算,100.00000000000001,100.00000000000001,0.0
ttfund__NA0BVJR,幸福六六小目标天天15期,天天基金/投顾,已停止目标盈期次,计划运作期已结束,2026-10-09,2026-10-09,最新库内披露仓位,latest_observed_current,,16,1,,"{""2026-06-30"": 99.99}",0,12.551481520564346,17.116877045081484,0,a4458fcdb3e2e8d595e14fc9.json,2026-10-09,源端最新仓位占比,1,源端占比直接使用；净值滚动未执行：缺少基准日之后净值：019480,99.99,99.99,0.0
ttfund__ZJILB7A,幸福六六小目标天天16期,天天基金/投顾,已停止目标盈期次,计划运作期已结束,2025-01-15,2026-10-08,最近完整官方调仓配置（模型权重）,official_rebalance_target,含非精确披露权重，未用推算权重替代,16,1,,"{""2026-06-30"": 100.00000000000001}",0,12.632479759673549,17.098914913165892,0,6001c2207e4f5ed4f79496f6.json,2026-10-08,净值漂移推算,1,,100.00000000000001,100.00000000000001,0.0
ttfund__MHP8B7P,幸福六六小目标天天17期,天天基金/投顾,已停止目标盈期次,已停止,,,最新库内披露仓位,latest_observed_current,缺少当前基金仓位,0,0,缺少当前基金仓位,{},0,,,0,9494f551c965275868b2eb6b.json,,缺少可用基金配置,0,缺少完整配置,,,
ttfund__VUCMEX6,幸福六六小目标天天18期,天天基金/投顾,已停止目标盈期次,已停止,2022-07-04,,最近完整官方调仓配置（模型权重）,official_rebalance_target,缺少当前基金仓位,10,1,,"{""2026-06-30"": 100.0}",0,5.243518901621292,16.414454542618206,0,f72e50da22e4c9b5b2929299.json,2022-07-04,披露配置（最新权重不可推算）,0,已有更新调仓记录但未通过完整配置核验，不能跨越该事件推算,100.0,100.0,0.0
ttfund__NXPJJVN,幸福六六小目标天天19期,天天基金/投顾,已停止目标盈期次,已停止,2022-07-04,,最近完整官方调仓配置（模型权重）,official_rebalance_target,缺少当前基金仓位,10,1,,"{""2026-06-30"": 100.0}",0,5.244780052805654,16.428422050432985,0,f5bceb8343d1fa9debdaa145.json,2022-07-04,披露配置（最新权重不可推算）,0,已有更新调仓记录但未通过完整配置核验，不能跨越该事件推算,100.0,100.0,0.0
ttfund__WDIPIUW,幸福六六小目标天天20期,天天基金/投顾,已停止目标盈期次,计划运作期已结束,2022-10-28,2026-10-09,最近完整官方调仓配置（模型权重）,official_rebalance_target,含非精确披露权重，未用推算权重替代,13,1,,"{""2026-06-30"": 99.99999999999999}",0,17.75224514959239,16.9328449797681,0,d0d85efeedf7a42679488a9c.json,2022-10-28,披露配置（最新权重不可推算）,0,已有更新调仓记录但未通过完整配置核验，不能跨越该事件推算,99.99999999999999,99.99999999999999,0.0
ttfund__SGJLJMT,幸福六六小目标天天21期,天天基金/投顾,已停止目标盈期次,计划运作期已结束,2025-01-15,2026-10-09,最近完整官方调仓配置（模型权重）,official_rebalance_target,含非精确披露权重，未用推算权重替代,16,1,,"{""2026-06-30"": 100.00000000000001}",0,12.632479759673549,17.098914913165892,0,168fa39c010efdb1cdfda6d8.json,2026-10-08,净值漂移推算,1,,100.00000000000001,100.00000000000001,0.0
ttfund__0K0L6E1,幸福六六小目标天天22期,天天基金/投顾,已停止目标盈期次,计划运作期已结束,2025-01-15,2026-10-09,最近完整官方调仓配置（模型权重）,official_rebalance_target,含非精确披露权重，未用推算权重替代,16,1,,"{""2026-06-30"": 100.00000000000001}",0,12.632479759673549,17.098914913165892,0,c66abf3b700eb76fbb494b7c.json,2026-10-08,净值漂移推算,1,,100.00000000000001,100.00000000000001,0.0
ttfund__IPI9WUP,幸福六六小目标天天23期,天天基金/投顾,已停止目标盈期次,计划运作期已结束,2023-08-08,2026-10-08,最近完整官方调仓配置（模型权重）,official_rebalance_target,含非精确披露权重，未用推算权重替代,15,1,,"{""2026-06-30"": 100.0}",0,10.797788578194478,15.470101395034863,0,23985f1006c86e04d653f5d3.json,2023-08-08,披露配置（最新权重不可推算）,0,已有更新调仓记录但未通过完整配置核验，不能跨越该事件推算,100.0,100.0,0.0
ttfund__FMMWCUF,幸福六六小目标天天24期,天天基金/投顾,已停止目标盈期次,计划运作期已结束,2025-01-15,2026-10-08,最近完整官方调仓配置（模型权重）,official_rebalance_target,含非精确披露权重，未用推算权重替代,16,1,,"{""2026-06-30"": 100.00000000000001}",0,12.632479759673549,17.098914913165892,0,f4f5f7f276bd6d6714a2c9fe.json,2026-10-08,净值漂移推算,1,,100.00000000000001,100.00000000000001,0.0
ttfund__DKVUTMJ,幸福六六小目标天天25期,天天基金/投顾,已停止目标盈期次,计划运作期已结束,2023-08-08,2026-10-09,最近完整官方调仓配置（模型权重）,official_rebalance_target,含非精确披露权重，未用推算权重替代,16,1,,"{""2026-06-30"": 99.99999999999999}",0,9.14059042557479,15.046220162662937,0,fb625fcc866deed3219bfffc.json,2023-08-08,披露配置（最新权重不可推算）,0,已有更新调仓记录但未通过完整配置核验，不能跨越该事件推算,99.99999999999999,99.99999999999999,0.0
ttfund__DDFM2SH,幸福六六小目标天天26期,天天基金/投顾,已停止目标盈期次,计划运作期已结束,2025-01-15,2026-10-09,最近完整官方调仓配置（模型权重）,official_rebalance_target,含非精确披露权重，未用推算权重替代,16,1,,"{""2026-06-30"": 100.00000000000001}",0,12.632479759673549,17.098914913165892,0,ad7d3865f2055fb6375f7433.json,2026-10-08,净值漂移推算,1,,100.00000000000001,100.00000000000001,0.0
ttfund__590UR0R,幸福六六小目标天天27期,天天基金/投顾,已停止目标盈期次,计划运作期已结束,2025-01-15,2026-10-09,最近完整官方调仓配置（模型权重）,official_rebalance_target,含非精确披露权重，未用推算权重替代,16,1,,"{""2026-06-30"": 100.00000000000001}",0,12.632479759673549,17.098914913165892,0,2a25fe03164042bfd4b965aa.json,2026-10-08,净值漂移推算,1,,100.00000000000001,100.00000000000001,0.0
ttfund__IXQHINU,幸福六六小目标天天28期,天天基金/投顾,已停止目标盈期次,计划运作期已结束,2025-01-15,2026-10-09,最近完整官方调仓配置（模型权重）,official_rebalance_target,含非精确披露权重，未用推算权重替代,16,1,,"{""2026-06-30"": 100.00000000000001}",0,12.632479759673549,17.098914913165892,0,8264d0b901e8e0e73ded8117.json,2026-10-08,净值漂移推算,1,,100.00000000000001,100.00000000000001,0.0
ttfund__0X0TZDS,幸福六六小目标天天29期,天天基金/投顾,已停止目标盈期次,计划运作期已结束,2023-06-14,2026-10-09,最近完整官方调仓配置（模型权重）,official_rebalance_target,含非精确披露权重，未用推算权重替代,15,1,,"{""2026-06-30"": 100.0}",0,14.483822459585323,15.050687382552399,0,2d41af38f28de07cf77837d9.json,2023-06-14,披露配置（最新权重不可推算）,0,已有更新调仓记录但未通过完整配置核验，不能跨越该事件推算,100.0,100.0,0.0
ttfund__VSG0IKB,幸福六六小目标天天30期,天天基金/投顾,已停止目标盈期次,计划运作期已结束,2025-01-15,2026-10-09,最近完整官方调仓配置（模型权重）,official_rebalance_target,含非精确披露权重，未用推算权重替代,16,1,,"{""2026-06-30"": 100.00000000000001}",0,12.632479759673549,17.098914913165892,0,8556783b226269e0a24360ac.json,2026-10-08,净值漂移推算,1,,100.00000000000001,100.00000000000001,0.0
ttfund__LZKRNIT,幸福六六小目标天天31期,天天基金/投顾,已停止目标盈期次,已停止,2023-11-14,,最近完整官方调仓配置（模型权重）,official_rebalance_target,缺少当前基金仓位,15,1,,"{""2026-06-30"": 100.0}",0,12.643054930360504,14.912646318310626,0,3956e311a2ea6c6bd0ea3e14.json,2026-10-08,净值漂移推算,1,,100.0,100.0,0.0
ttfund__D0WOFKH,幸福小列车Plus第1期投顾服务,天天基金/投顾,已停止目标盈期次,计划运作期已结束,2026-03-24,2026-10-09,最近完整官方调仓配置（模型权重）,official_rebalance_target,含非精确披露权重，未用推算权重替代,21,1,,"{""2026-06-30"": 100.0}",0,24.98727853887583,11.629686518214111,0,d478da66bc74fed407e0ef3d.json,2026-10-09,净值漂移推算,1,,100.0,100.0,0.0
ttfund__J1KGJCD,幸福小列车目标盈第4期,天天基金/投顾,已停止目标盈期次,计划运作期已结束,2025-10-27,2026-10-09,最近完整官方调仓配置（模型权重）,official_rebalance_target,含非精确披露权重，未用推算权重替代,23,1,,"{""2026-06-30"": 99.99999999999999}",0,8.91701685867126,15.630885668448771,0,a49f8c802872bad85d806c4a.json,2026-10-09,净值漂移推算,1,,99.99999999999999,99.99999999999999,0.0
ttfund__TWAKZEV,幸福小列车目标盈第5期,天天基金/投顾,已停止目标盈期次,计划运作期已结束,2025-10-27,2026-10-09,最近完整官方调仓配置（模型权重）,official_rebalance_target,含非精确披露权重，未用推算权重替代,23,1,,"{""2026-06-30"": 99.99999999999999}",0,8.91701685867126,15.630885668448771,0,54edc3d7d43dda31e592207e.json,2026-10-09,净值漂移推算,1,,99.99999999999999,99.99999999999999,0.0
ttfund__T1RKM0L,幸福小列车目标盈第6期,天天基金/投顾,已停止目标盈期次,计划运作期已结束,2025-10-27,2026-10-09,最近完整官方调仓配置（模型权重）,official_rebalance_target,含非精确披露权重，未用推算权重替代,23,1,,"{""2026-06-30"": 99.99999999999999}",0,8.91701685867126,15.630885668448771,0,4d6e0f949db3e5b50be72745.json,2026-10-09,净值漂移推算,1,,99.99999999999999,99.99999999999999,0.0
ttfund__NO2RXG4,幸福小列车目标盈第7期,天天基金/投顾,已停止目标盈期次,计划运作期已结束,2025-10-27,2026-10-09,最近完整官方调仓配置（模型权重）,official_rebalance_target,含非精确披露权重，未用推算权重替代,23,1,,"{""2026-06-30"": 99.99999999999999}",0,8.91701685867126,15.630885668448771,0,2c2a3b721e37df9282ace5d8.json,2026-10-09,净值漂移推算,1,,99.99999999999999,99.99999999999999,0.0
ttfund__DXC2XFI,幸福小列车目标盈第8期,天天基金/投顾,已停止目标盈期次,计划运作期已结束,2026-10-09,2026-10-09,最新库内披露仓位,latest_observed_current,,23,1,,"{""2026-06-30"": 100.00999999999999}",0,9.029670972563002,15.609620294014048,0,c573b9926601f40585d75342.json,2026-10-09,源端最新仓位占比,1,,100.00999999999999,100.00999999999999,0.0
ttfund__CCNQ10W,幸福小列车目标盈第9期,天天基金/投顾,已停止目标盈期次,已到期,2025-11-12,,参考母策略配置,parent_strategy_reference,缺少当前基金仓位,24,1,,"{""2026-06-30"": 100.00000000000001}",1,6.423535975512655,12.786491324137636,1,90c080acdffc5774ff5f89b2.json,2026-10-08,净值漂移推算,1,,100.00000000000001,100.00000000000001,0.0
ttfund__WSG6QO1,幸福小列车第1期投顾服务,天天基金/投顾,已停止目标盈期次,计划运作期已结束,2025-11-12,2026-10-09,参考母策略配置,parent_strategy_reference,含非精确披露权重，未用推算权重替代；基金权重和1.1000%超出100%±0.02个百分点,24,1,,"{""2026-06-30"": 100.00000000000001}",1,6.423535975512655,12.786491324137636,1,c800278f4537e2c4c218b48f.json,2026-10-08,净值漂移推算,1,,100.00000000000001,100.00000000000001,0.0
ttfund__HSEKRVK,幸福小列车第2期投顾服务,天天基金/投顾,已停止目标盈期次,计划运作期已结束,2025-10-27,2026-10-09,最近完整官方调仓配置（模型权重）,official_rebalance_target,含非精确披露权重，未用推算权重替代,23,1,,"{""2026-06-30"": 99.99999999999999}",0,8.91701685867126,15.630885668448771,0,90356d1d5225fb2f4c45c2c4.json,2026-10-09,净值漂移推算,1,,99.99999999999999,99.99999999999999,0.0
ttfund__1ZNYOLX,幸福小列车第3期投顾服务,天天基金/投顾,已停止目标盈期次,计划运作期已结束,2025-10-27,2026-10-09,最近完整官方调仓配置（模型权重）,official_rebalance_target,含非精确披露权重，未用推算权重替代,23,1,,"{""2026-06-30"": 99.99999999999999}",0,8.91701685867126,15.630885668448771,0,eb49a9cb0cb3f863c589fffe.json,2026-10-09,净值漂移推算,1,,99.99999999999999,99.99999999999999,0.0
ttfund__H0GRDBP,广发价值30甄选,天天基金/投顾,正常运行,,2025-03-13,2026-10-09,最近完整官方调仓配置（模型权重）,official_rebalance_target,含非精确披露权重，未用推算权重替代,17,1,,"{""2026-06-30"": 100.0}",0,46.19519076279768,0.1030335658969126,0,00554f8f69f1909d58390f08.json,2025-03-13,披露配置（最新权重不可推算）,0,已有更新调仓记录但未通过完整配置核验，不能跨越该事件推算,100.0,100.0,0.0
ttfund__IF5A1JH,广发全球30甄选,天天基金/投顾,正常运行,,2024-12-31,2026-10-09,最近完整官方调仓配置（模型权重）,official_rebalance_target,含非精确披露权重，未用推算权重替代,14,1,,"{""2026-06-30"": 100.0}",0,9.200835965876237,0.4800346459593116,1,5f02a00417e4cb5a30de62a4.json,2024-12-31,披露配置（最新权重不可推算）,0,已有更新调仓记录但未通过完整配置核验，不能跨越该事件推算,100.0,100.0,0.0
ttfund__Z1D7TIS,广发全球多元稳健,天天基金/投顾,正常运行,,2026-07-10,2026-10-09,最近完整官方调仓配置（模型权重）,official_rebalance_target,含非精确披露权重，未用推算权重替代,21,1,,"{""2026-06-30"": 99.99999999999997}",0,5.785216314553883,19.754554927925852,0,d74e1c679e3d522433e1a585.json,2026-10-08,净值漂移推算,1,,99.99999999999997,99.99999999999997,0.0
ttfund__VFFLXPR,广发全球多元进取,天天基金/投顾,正常运行,,2026-07-14,2026-10-09,最近完整官方调仓配置（模型权重）,official_rebalance_target,含非精确披露权重，未用推算权重替代,14,1,,"{""2026-06-30"": 100.0}",0,23.71082306118462,2.9047869409552827,0,872cd140f9fb78ded02982e7.json,2026-10-08,净值漂移推算,1,,100.0,100.0,0.0
ttfund__NJTPUQZ,广发全球平衡精选,天天基金/投顾,正常运行,,2026-03-25,2026-10-09,最近完整官方调仓配置（模型权重）,official_rebalance_target,含非精确披露权重，未用推算权重替代,13,1,,"{""2026-06-30"": 100.00000000000001}",0,13.32689965214909,21.48516186574293,0,dd3739e06e2bbe619c809898.json,2026-10-08,净值漂移推算,1,,100.00000000000001,100.00000000000001,0.0
ttfund__N6BWWYZ,广发多元平衡目标盈,天天基金/投顾,目标盈期次,认购期,2026-10-09,2026-10-09,最新库内披露仓位,latest_observed_current,,12,1,,"{""2026-06-30"": 99.98}",0,24.030962797527376,10.561727706348687,0,22e6ed213dc6011663e6e150.json,2026-10-09,源端最新仓位占比,1,,99.98,99.98,0.0
ttfund__BTAQW7H,广发多资产稳健指数组合,天天基金/投顾,正常运行,,2026-09-02,2026-10-09,最近完整官方调仓配置（模型权重）,official_rebalance_target,含非精确披露权重，未用推算权重替代,15,1,,"{""2026-06-30"": 100.0}",0,0.7053598371304564,37.53638107670068,1,06dc466625a79ae2e1cdc432.json,2026-10-08,净值漂移推算,1,,100.0,100.0,0.0
ttfund__CKNXBEP,广发奔跑吧牛基,天天基金/投顾,正常运行,,2026-07-31,2026-10-09,最近完整官方调仓配置（模型权重）,official_rebalance_target,含非精确披露权重，未用推算权重替代,17,1,,"{""2026-06-30"": 99.99999999999999}",0,39.721928722075106,4.658017070212441,0,a11938a9d3e009d0a70b978f.json,2026-10-09,净值漂移推算,1,,99.99999999999999,99.99999999999999,0.0
ttfund__X1YG1QQ,广发小小的太阳,天天基金/投顾,正常运行,,2026-07-13,2026-10-09,最近完整官方调仓配置（模型权重）,official_rebalance_target,含非精确披露权重，未用推算权重替代,23,1,,"{""2026-06-30"": 99.99999999999999}",0,8.660848269817112,19.345590171521177,0,989a75cb7d76df1414819a78.json,2026-10-08,净值漂移推算,1,,99.99999999999999,99.99999999999999,0.0
ttfund__IQVTUUF,广发带你投医药,天天基金/投顾,正常运行,,2025-04-28,2026-10-08,最近完整官方调仓配置（模型权重）,official_rebalance_target,含非精确披露权重，未用推算权重替代,11,1,,"{""2026-06-30"": 100.00000000000001}",0,85.88052067726592,0.1356332793367857,0,05e9b7120fe5212b63cc8673.json,2025-04-28,披露配置（最新权重不可推算）,0,已有更新调仓记录但未通过完整配置核验，不能跨越该事件推算,100.00000000000001,100.00000000000001,0.0
ttfund__QBN0AHI,广发带你投新生代,天天基金/投顾,正常运行,,2026-10-09,2026-10-09,最新库内披露仓位,latest_observed_current,,15,1,,"{""2026-06-30"": 100.01}",0,80.3513951580525,1.4131506502764397,0,2ed907f8e5856abbd7e34abb.json,2026-10-09,源端最新仓位占比,1,,100.01,100.01,0.0
ttfund__MRK40XS,广发带你投消费,天天基金/投顾,正常运行,,2026-07-31,2026-10-09,最近完整官方调仓配置（模型权重）,official_rebalance_target,含非精确披露权重，未用推算权重替代,14,1,,"{""2026-06-30"": 100.0}",0,46.53283872175503,0.591212677689299,0,217934281c098a1289fc7560.json,2026-10-09,净值漂移推算,1,,100.0,100.0,0.0
ttfund__1DGMVJL,广发带你投科技,天天基金/投顾,正常运行,,2026-08-03,2026-10-09,最近完整官方调仓配置（模型权重）,official_rebalance_target,含非精确披露权重，未用推算权重替代,10,1,,"{""2026-06-30"": 100.0}",0,40.97378193228572,0.5387984972131922,0,29324d75fea906eba696f3d9.json,2026-10-09,净值漂移推算,1,,100.0,100.0,0.0
ttfund__EQ5Q5HW,广发带你投稳中求进,天天基金/投顾,正常运行,,2026-10-09,2026-10-09,最新库内披露仓位,latest_observed_current,,14,1,,"{""2026-06-30"": 100.0}",0,14.216437477725089,11.880826182979368,0,7ef57e6d801ef2b6fc37ebc0.json,2026-10-09,源端最新仓位占比,1,,100.0,100.0,0.0
ttfund__L10IWCV,广发带你投红利,天天基金/投顾,正常运行,,2025-12-03,2026-10-09,最近完整官方调仓配置（模型权重）,official_rebalance_target,含非精确披露权重，未用推算权重替代,11,1,,"{""2026-06-30"": 100.00000000000001}",0,70.38370982305017,0.8640288875983606,0,017a7ee9df9dcba593752f61.json,2026-10-09,净值漂移推算,1,,100.00000000000001,100.00000000000001,0.0
ttfund__GKDZDWO,广发带你投长跑老将,天天基金/投顾,正常运行,,2026-10-08,2026-10-09,最近完整历史仓位,historical_exact,基金权重和99.9700%超出100%±0.02个百分点,13,1,,"{""2026-06-30"": 100.0}",0,65.63918416720779,1.1632265886573891,0,041a0ac4f30e11766cdf0491.json,2026-10-09,净值漂移推算,1,,100.0,100.0,0.0
ttfund__QOU1RYF,广发指数100份,天天基金/投顾,信号类组合,on_sale_window,2026-10-09,2026-10-09,最新库内披露仓位,latest_observed_current,信号组合，未按真实基金配置穿透,25,0,信号组合，未按真实基金配置穿透,{},0,,,0,8d671ea92661ef07737239ce.json,,缺少可用基金配置,0,缺少完整配置,,,
ttfund__YHHNLWT,广发添利30天,天天基金/投顾,正常运行,,2026-07-30,2026-10-08,最近完整官方调仓配置（模型权重）,official_rebalance_target,含非精确披露权重，未用推算权重替代,23,1,,"{""2026-06-30"": 100.0}",0,0.586096128912975,13.651844158911858,0,8a1995c18c59a7b4f01b031a.json,2026-10-09,净值漂移推算,1,,100.0,100.0,0.0
ttfund__ABGPHLV,广发稳健指数宝,天天基金/投顾,正常运行,,2025-10-13,2026-10-09,最近完整官方调仓配置（模型权重）,official_rebalance_target,含非精确披露权重，未用推算权重替代,17,1,,"{""2026-06-30"": 100.0}",0,0.11018291137415334,50.18626819768049,0,45d4e7649f55953ef52773a3.json,2026-10-09,净值漂移推算,1,,100.0,100.0,0.0
ttfund__LRJCZ7S,广发纯债甄选,天天基金/投顾,正常运行,,2025-08-12,2026-10-08,最近完整官方调仓配置（模型权重）,official_rebalance_target,含非精确披露权重，未用推算权重替代,14,1,,"{""2026-06-30"": 100.0}",0,0.0,13.086068222135205,0,9b5efd30d2a6f59d9d8dfa6a.json,2026-10-08,净值漂移推算,1,,100.0,100.0,0.0
ttfund__2JKZXLW,广发货币加,天天基金/投顾,正常运行,,2024-12-26,2026-10-09,最近完整官方调仓配置（模型权重）,official_rebalance_target,含非精确披露权重，未用推算权重替代,10,1,,"{""2026-06-30"": 100.0}",0,0.0,12.357133740183885,0,a90a75a5f978a4c83c0b0313.json,2026-10-09,净值漂移推算,1,,100.0,100.0,0.0
ttfund__YGKZ97T,广发超级定投家,天天基金/投顾,信号类组合,on_sale_window,2026-10-09,2026-10-09,最新库内披露仓位,latest_observed_current,含非精确披露权重，未用推算权重替代；信号组合，未按真实基金配置穿透,23,0,含非精确披露权重，未用推算权重替代；信号组合，未按真实基金配置穿透,{},0,,,0,d3d750d44cb38de644c60a95.json,,缺少可用基金配置,0,缺少完整配置,,,
ttfund__4Y20QIY,广发超级理财加,天天基金/投顾,正常运行,,2026-06-10,2026-10-08,最近完整官方调仓配置（模型权重）,official_rebalance_target,含非精确披露权重，未用推算权重替代,21,1,,"{""2026-06-30"": 100.00000000000003}",0,5.9186246549628,15.532833976782777,0,e55be2aa35d6232a3065df14.json,2026-10-08,净值漂移推算,1,,100.00000000000003,100.00000000000003,0.0
ttfund__NBDU0P1,建信小幸运目标盈10期,天天基金/投顾,已停止目标盈期次,已停止,,,最新库内披露仓位,latest_observed_current,缺少当前基金仓位,0,0,缺少当前基金仓位,{},0,,,0,6c21d50a92fe58aaeafe6b24.json,,缺少可用基金配置,0,缺少完整配置,,,
ttfund__5E8Z5TJ,建信小幸运目标盈7期,天天基金/投顾,已停止目标盈期次,计划运作期已结束,2026-10-09,2026-10-09,最新库内披露仓位,latest_observed_current,,11,1,,"{""2026-06-30"": 100.0}",0,9.235553459413785,16.897545305332304,0,1bfdf000cffb31bfb470dc3e.json,2026-10-09,源端最新仓位占比,1,,100.0,100.0,0.0
ttfund__HLSOD2X,建信小幸运目标盈8期,天天基金/投顾,已停止目标盈期次,已停止,2024-05-28,,最近完整官方调仓配置（模型权重）,official_rebalance_target,缺少当前基金仓位,19,1,,"{""2026-06-30"": 100.0}",0,11.815666611961353,12.63318032659133,0,cbcd153cc70c32ce09793a5e.json,2024-05-28,披露配置（最新权重不可推算）,0,已有更新调仓记录但未通过完整配置核验，不能跨越该事件推算,100.0,100.0,0.0
ttfund__SSX0DTW,建信小幸运目标盈9期,天天基金/投顾,已停止目标盈期次,已停止,2023-12-26,,最近完整官方调仓配置（模型权重）,official_rebalance_target,缺少当前基金仓位,16,1,,"{""2026-06-30"": 100.0}",0,10.002282708738413,20.062555588620288,0,65a6c744bcc5ae51a517cc4a.json,2023-12-26,披露配置（最新权重不可推算）,0,已有更新调仓记录但未通过完整配置核验，不能跨越该事件推算,100.0,100.0,0.0
ttfund__STZJQHJ,建信小幸运目标盈第1期投顾服务,天天基金/投顾,已停止目标盈期次,计划运作期已结束,2023-11-22,2026-10-09,最近完整官方调仓配置（模型权重）,official_rebalance_target,含非精确披露权重，未用推算权重替代,18,1,,"{""2026-06-30"": 100.0}",0,16.678841937052738,19.04299200206073,0,542c730786016143e348770d.json,2023-11-22,披露配置（最新权重不可推算）,0,已有更新调仓记录但未通过完整配置核验，不能跨越该事件推算,100.0,100.0,0.0
ttfund__Z7BIKTB,建信小幸运目标盈第2期投顾服务,天天基金/投顾,已停止目标盈期次,计划运作期已结束,2024-03-07,2026-10-09,最近完整官方调仓配置（模型权重）,official_rebalance_target,含非精确披露权重，未用推算权重替代,19,1,,"{""2026-06-30"": 100.00000000000001}",0,15.196551616349593,17.030593925569594,0,490e8218d979f8638ecd41a8.json,2026-10-09,净值漂移推算,1,,100.00000000000001,100.00000000000001,0.0
ttfund__FWOAMML,建信小幸运目标盈第3期投顾服务,天天基金/投顾,已停止目标盈期次,已停止,2022-12-21,,最近完整官方调仓配置（模型权重）,official_rebalance_target,缺少当前基金仓位,17,1,,"{""2026-06-30"": 100.0}",0,11.777124557024118,17.17959209141219,0,dfb8711b0d115a323e98db3e.json,2022-12-21,披露配置（最新权重不可推算）,0,已有更新调仓记录但未通过完整配置核验，不能跨越该事件推算,100.0,100.0,0.0
ttfund__MBHEVM3,建信小幸运目标盈第4期投顾服务,天天基金/投顾,已停止目标盈期次,计划运作期已结束,2023-03-28,2026-10-09,最近完整官方调仓配置（模型权重）,official_rebalance_target,含非精确披露权重，未用推算权重替代,17,1,,"{""2026-06-30"": 99.99999999999999}",0,15.788381998661148,17.622780712189787,0,abbd07e321c9b17c0d0ce166.json,2026-10-09,净值漂移推算,1,,99.99999999999999,99.99999999999999,0.0
ttfund__LNOT1HX,建信小幸运目标盈第5期投顾服务,天天基金/投顾,已停止目标盈期次,计划运作期已结束,2026-01-13,2026-10-09,最近完整官方调仓配置（模型权重）,official_rebalance_target,含非精确披露权重，未用推算权重替代,22,1,,"{""2026-06-30"": 100.0}",0,11.331651647533542,14.934277361898255,0,6ff9c537a8d8799c63cb2b8a.json,2026-01-13,披露配置（最新权重不可推算）,0,已有更新调仓记录但未通过完整配置核验，不能跨越该事件推算,100.0,100.0,0.0
ttfund__ZZIPQKA,建信小幸运目标盈第6期投顾服务,天天基金/投顾,已停止目标盈期次,计划运作期已结束,2026-10-09,2026-10-09,最新库内披露仓位,latest_observed_current,,11,1,,"{""2026-06-30"": 100.0}",0,9.235553459413785,16.897545305332304,0,d5bb0dec7e93329bd513c366.json,2026-10-09,源端最新仓位占比,1,,100.0,100.0,0.0
ttfund__WMLXABY,建信小幸运目标盈组合策略11期,天天基金/投顾,已停止目标盈期次,已停止,2024-05-28,,最近完整官方调仓配置（模型权重）,official_rebalance_target,缺少当前基金仓位,17,1,,"{""2026-06-30"": 100.0}",0,10.241291089613265,13.337022611275312,0,f9d5090778f1cb9c51003d6a.json,2026-10-09,净值漂移推算,1,,100.0,100.0,0.0
ttfund__KTAQQ5C,建信小幸运目标盈组合策略12期,天天基金/投顾,已停止目标盈期次,已停止,2024-04-08,,最近完整官方调仓配置（模型权重）,official_rebalance_target,缺少当前基金仓位,16,1,,"{""2026-06-30"": 100.0}",0,11.402361142872653,14.994522251511897,0,07c64d72e56a904b4e8c9ddd.json,2024-04-08,披露配置（最新权重不可推算）,0,已有更新调仓记录但未通过完整配置核验，不能跨越该事件推算,100.0,100.0,0.0
ttfund__N7SBTCN,建信小幸运目标盈组合策略13期,天天基金/投顾,已停止目标盈期次,已停止,2024-04-29,,最近完整官方调仓配置（模型权重）,official_rebalance_target,缺少当前基金仓位,16,1,,"{""2026-06-30"": 100.0}",0,11.402361142872653,14.994522251511897,0,9055110ccc32b4b66ef6ee1e.json,2024-04-29,披露配置（最新权重不可推算）,0,已有更新调仓记录但未通过完整配置核验，不能跨越该事件推算,100.0,100.0,0.0
ttfund__8N01SYM,建信小幸运目标盈组合策略14期,天天基金/投顾,已停止目标盈期次,已停止,2024-09-24,,最近完整官方调仓配置（模型权重）,official_rebalance_target,缺少当前基金仓位,17,1,,"{""2026-06-30"": 99.99999999999999}",0,9.519882747107879,12.451308748651229,0,b82fa43e39a05a3d10670d71.json,2026-10-09,净值漂移推算,1,,99.99999999999999,99.99999999999999,0.0
ttfund__FDBXIZW,建信小幸运目标盈组合策略15期,天天基金/投顾,已停止目标盈期次,已停止,2024-09-24,,最近完整官方调仓配置（模型权重）,official_rebalance_target,缺少当前基金仓位,17,1,,"{""2026-06-30"": 99.99999999999999}",0,9.519882747107879,12.451308748651229,0,aa0e63d78fed8f14106537f6.json,2026-10-09,净值漂移推算,1,,99.99999999999999,99.99999999999999,0.0
ttfund__PMQMSUE,建信小幸运目标盈组合策略16期,天天基金/投顾,已停止目标盈期次,已停止,2024-09-24,,最近完整官方调仓配置（模型权重）,official_rebalance_target,缺少当前基金仓位,20,1,,"{""2026-06-30"": 100.0}",0,9.080998731371155,12.357337845259448,0,a8791b398e7e785d8c4ff76a.json,2026-10-09,净值漂移推算,1,,100.0,100.0,0.0
ttfund__BPXOFBN,建信小幸运目标盈组合策略17期,天天基金/投顾,已停止目标盈期次,已停止,2024-12-17,,最近完整官方调仓配置（模型权重）,official_rebalance_target,缺少当前基金仓位,17,1,,"{""2026-06-30"": 100.00000000000003}",0,14.371577110701633,16.583452325373088,0,4e1d164f5cdd8ece0b4a0458.json,2026-10-09,净值漂移推算,1,,100.00000000000003,100.00000000000003,0.0
ttfund__GVBCWKX,建信小幸运目标盈组合策略18期,天天基金/投顾,已停止目标盈期次,已停止,2024-11-18,,最近完整官方调仓配置（模型权重）,official_rebalance_target,缺少当前基金仓位,17,1,,"{""2026-06-30"": 100.00000000000003}",0,11.152774681023999,16.31440901697804,0,96c68b76aceb0a3d7266c8f8.json,2026-10-09,净值漂移推算,1,,100.00000000000003,100.00000000000003,0.0
ttfund__CLGKL5H,建信小幸运目标盈组合策略19期,天天基金/投顾,已停止目标盈期次,已停止,2025-05-08,,最近完整官方调仓配置（模型权重）,official_rebalance_target,缺少当前基金仓位,21,1,,"{""2026-06-30"": 100.0}",0,13.00566433772506,14.970566268245408,0,b23f80626c090da1d9c220e8.json,2026-10-09,净值漂移推算,1,,100.0,100.0,0.0
ttfund__5E3OX9P,建信小幸运目标盈组合策略20期,天天基金/投顾,已停止目标盈期次,已停止,2025-10-14,,最近完整官方调仓配置（模型权重）,official_rebalance_target,缺少当前基金仓位,19,1,,"{""2026-06-30"": 100.0}",0,13.08801038393663,15.56900040347113,0,58f2a2b7ff5e2022e7fbc4ac.json,2026-10-09,净值漂移推算,1,,100.0,100.0,0.0
ttfund__ZQPCQPM,建信小幸运目标盈组合策略21期,天天基金/投顾,已停止目标盈期次,已停止,2026-01-13,,最近完整官方调仓配置（模型权重）,official_rebalance_target,缺少当前基金仓位,22,1,,"{""2026-06-30"": 100.00000000000001}",0,11.05327984161856,14.993338638727392,0,3bd4becca2360e077c7a5c4d.json,2026-10-09,净值漂移推算,1,,100.00000000000001,100.00000000000001,0.0
ttfund__MIKZFCY,心安守护,天天基金/投顾,正常运行,on_sale_window,2026-05-26,2026-10-09,最近完整官方调仓配置（模型权重）,official_rebalance_target,含非精确披露权重，未用推算权重替代,9,1,,"{""2026-06-30"": 100.00000000000001}",0,0.424003595446031,15.645584758744594,0,25924c0d98f4a148aec603c3.json,2026-10-09,净值漂移推算,1,,100.00000000000001,100.00000000000001,0.0
ttfund__W111J6C,慢慢变富,天天基金/投顾,正常运行,,2023-03-28,2026-10-09,最近完整官方调仓配置（模型权重）,official_rebalance_target,含非精确披露权重，未用推算权重替代,11,1,,"{""2026-06-30"": 100.00000000000001}",0,57.773270686349875,0.3599688992923661,0,072fb9476f1ec2bbbdaf382c.json,2026-10-09,净值漂移推算,1,,100.00000000000001,100.00000000000001,0.0
ttfund__GORX06N,慧投AI全产业链,天天基金/投顾,正常运行,,2026-10-09,2026-10-09,最新库内披露仓位,latest_observed_current,,11,1,,"{""2026-06-30"": 99.99000000000001}",0,57.94552981541778,0.2683136176846817,0,246206c44ff417a7b27808db.json,2026-10-09,源端最新仓位占比,1,,99.99000000000001,99.99000000000001,0.0
ttfund__WSHZVLD,慧投天天第1期投顾服务,天天基金/投顾,已停止目标盈期次,计划运作期已结束,2021-09-06,2026-10-09,最近完整官方调仓配置（模型权重）,official_rebalance_target,含非精确披露权重，未用推算权重替代,14,1,,"{""2026-06-30"": 99.99999999999999}",0,21.007895768496265,16.418790659034702,0,3dda64fea8225415245601ec.json,2026-10-09,净值漂移推算,1,,99.99999999999999,99.99999999999999,0.0
ttfund__LVPR9FS,慧投天天第2期投顾服务(8周年尊享),天天基金/投顾,已停止目标盈期次,计划运作期已结束,2021-09-06,2026-10-09,最近完整官方调仓配置（模型权重）,official_rebalance_target,含非精确披露权重，未用推算权重替代,14,1,,"{""2026-06-30"": 99.99999999999999}",0,21.007895768496265,16.418790659034702,0,e969c37604a2968944c1a019.json,2026-10-09,净值漂移推算,1,,99.99999999999999,99.99999999999999,0.0
ttfund__2BWLMKP,慧投安盈,天天基金/投顾,正常运行,on_sale_window,2025-11-28,2026-10-09,最近完整官方调仓配置（模型权重）,official_rebalance_target,含非精确披露权重，未用推算权重替代,8,1,,"{""2026-06-30"": 99.99999999999999}",0,20.429114158444683,15.403786656757413,0,618a22dc62f085bdbbd53138.json,2026-10-09,净值漂移推算,1,,99.99999999999999,99.99999999999999,0.0
ttfund__2AVXKFA,慧投百万计划1号,天天基金/投顾,正常运行,on_sale_window,2026-06-03,2026-10-09,最近完整官方调仓配置（模型权重）,official_rebalance_target,含非精确披露权重，未用推算权重替代,9,1,,"{""2026-06-30"": 100.0}",0,17.90667901018185,1.5726371625797853,0,721a48ffa5d5896110e9bbfb.json,2026-10-09,净值漂移推算,1,,100.0,100.0,0.0
ttfund__HAFXB8E,慧投百万计划2号,天天基金/投顾,正常运行,on_sale_window,2026-06-03,2026-10-09,最近完整官方调仓配置（模型权重）,official_rebalance_target,含非精确披露权重，未用推算权重替代,8,1,,"{""2026-06-30"": 100.0}",0,19.337236976869598,1.537880618991074,0,9431565187352129ef6de396.json,2026-10-09,净值漂移推算,1,,100.0,100.0,0.0
ttfund__XLLWA2Z,慧投轮动,天天基金/投顾,正常运行,on_sale_window,2026-06-03,2026-10-09,最近完整官方调仓配置（模型权重）,official_rebalance_target,含非精确披露权重，未用推算权重替代,11,1,,"{""2026-06-30"": 100.00000000000001}",0,31.475680328917186,1.793931872186256,0,ec1486599c3fb2867577ad7a.json,2026-10-09,净值漂移推算,1,,100.00000000000001,100.00000000000001,0.0
ttfund__LW1DLUY,我要稳稳的幸福,天天基金/投顾,正常运行,on_sale_window,2026-09-24,2026-10-09,最近完整官方调仓配置（模型权重）,official_rebalance_target,含非精确披露权重，未用推算权重替代,25,1,,"{""2026-06-30"": 100.00000000000003}",0,6.234130050445294,14.918741509322738,0,ea064931399fc7b84af74497.json,2026-10-08,净值漂移推算,1,,100.00000000000003,100.00000000000003,0.0
ttfund__SA47IVX,我要稳稳的幸福（直销）,天天基金/投顾,正常运行,,2026-09-24,2026-10-09,最近完整官方调仓配置（模型权重）,official_rebalance_target,含非精确披露权重，未用推算权重替代,25,1,,"{""2026-06-30"": 99.99999999999999}",0,6.234146204540549,14.468620682677928,0,2e10ac0a87f0fb97a40e1471.json,2026-10-08,净值漂移推算,1,,99.99999999999999,99.99999999999999,0.0
ttfund__K63ZUNF,招商债基Plus-配置,天天基金/投顾,正常运行,,2026-10-09,2026-10-09,最新库内披露仓位,latest_observed_current,,16,1,,"{""2026-06-30"": 99.98999999999997}",0,8.556683225755803,16.960402003905756,0,911f1c8817686bb3cc615062.json,2026-10-09,源端最新仓位占比,1,,99.98999999999997,99.98999999999997,0.0
ttfund__MEBJOSZ,招商固收+星秀,天天基金/投顾,正常运行,on_sale_window,2026-07-27,2026-10-09,最近完整官方调仓配置（模型权重）,official_rebalance_target,含非精确披露权重，未用推算权重替代,14,1,,"{""2026-06-30"": 100.0}",0,13.318624670846622,17.567665267477974,0,bd45fb38d8347d88b953890a.json,2026-10-09,净值漂移推算,1,,100.0,100.0,0.0
ttfund__VKFXETE,招商季季乐,天天基金/投顾,目标盈期次,认购期,2026-10-09,2026-10-09,最新库内披露仓位,latest_observed_current,,10,1,,"{""2026-06-30"": 100.01000000000002}",0,5.279070950344282,13.657788741453036,0,a735d83e19a20f6fbc114dee.json,2026-10-09,源端最新仓位占比,1,,100.01000000000002,100.01000000000002,0.0
ttfund__JEX5MKK,招商小心愿Pro目标盈01期,天天基金/投顾,已停止目标盈期次,计划运作期已结束,2026-07-27,2026-10-09,最近完整官方调仓配置（模型权重）,official_rebalance_target,含非精确披露权重，未用推算权重替代,14,1,,"{""2026-06-30"": 100.0}",0,13.318624670846622,17.567665267477974,0,31f0860e7a1d9e7766fbfc8b.json,2026-10-09,净值漂移推算,1,,100.0,100.0,0.0
ttfund__E512ZCE,招商小心愿Pro目标盈02期,天天基金/投顾,已停止目标盈期次,计划运作期已结束,2026-07-27,2026-10-09,最近完整官方调仓配置（模型权重）,official_rebalance_target,含非精确披露权重，未用推算权重替代,14,1,,"{""2026-06-30"": 100.0}",0,13.318624670846622,17.567665267477974,0,46238b942de5f988a27d1798.json,2026-10-09,净值漂移推算,1,,100.0,100.0,0.0
ttfund__95K2U6C,招商小心愿Pro目标盈第03期,天天基金/投顾,已停止目标盈期次,计划运作期已结束,2026-07-27,2026-10-09,最近完整官方调仓配置（模型权重）,official_rebalance_target,含非精确披露权重，未用推算权重替代,14,1,,"{""2026-06-30"": 100.0}",0,13.318624670846622,17.567665267477974,0,80596d8cd6e4208c7093f7d2.json,2026-10-09,净值漂移推算,1,,100.0,100.0,0.0
ttfund__240JP2J,招商小心愿目标盈01期,天天基金/投顾,已停止目标盈期次,计划运作期已结束,2025-08-01,2026-10-09,最近完整官方调仓配置（模型权重）,official_rebalance_target,含非精确披露权重，未用推算权重替代,18,1,,"{""2026-06-30"": 100.0}",0,15.210352656080572,14.838648475418779,0,b573eff9ff5badadd1d158e8.json,2025-08-01,披露配置（最新权重不可推算）,0,已有更新调仓记录但未通过完整配置核验，不能跨越该事件推算,100.0,100.0,0.0
ttfund__ZYHUF6L,招商小心愿目标盈02期（新年版）,天天基金/投顾,已停止目标盈期次,计划运作期已结束,2026-03-10,2026-10-09,最近完整官方调仓配置（模型权重）,official_rebalance_target,含非精确披露权重，未用推算权重替代,19,1,,"{""2026-06-30"": 99.99999999999999}",0,13.362210348116834,17.0295038121755,1,dd8b06e27d104365620e6aea.json,2026-10-08,净值漂移推算,1,,99.99999999999999,99.99999999999999,0.0
ttfund__WA0AMZF,招商小心愿目标盈03期,天天基金/投顾,已停止目标盈期次,计划运作期已结束,2026-03-10,2026-10-09,最近完整官方调仓配置（模型权重）,official_rebalance_target,含非精确披露权重，未用推算权重替代,19,1,,"{""2026-06-30"": 99.99999999999999}",0,13.362210348116834,17.0295038121755,1,8216365b7c2542785206bea4.json,2026-10-08,净值漂移推算,1,,99.99999999999999,99.99999999999999,0.0
ttfund__STXIR4L,招商小心愿目标盈04期,天天基金/投顾,已停止目标盈期次,计划运作期已结束,2026-08-25,2026-10-09,最近完整官方调仓配置（模型权重）,official_rebalance_target,含非精确披露权重，未用推算权重替代,17,1,,"{""2026-06-30"": 100.00000000000001}",0,18.051237374633242,18.362091266439243,0,0e1dae2f7d6cf0ccaaea2cca.json,2026-10-09,净值漂移推算,1,,100.00000000000001,100.00000000000001,0.0
ttfund__KU0NLEI,招商小心愿目标盈05期,天天基金/投顾,已停止目标盈期次,计划运作期已结束,2025-08-01,2026-10-09,最近完整官方调仓配置（模型权重）,official_rebalance_target,含非精确披露权重，未用推算权重替代,18,1,,"{""2026-06-30"": 100.0}",0,15.210352656080572,14.838648475418779,0,481e862582e2cc8d65f05c22.json,2025-08-01,披露配置（最新权重不可推算）,0,已有更新调仓记录但未通过完整配置核验，不能跨越该事件推算,100.0,100.0,0.0
ttfund__HC3RT7F,招商小心愿目标盈第06期,天天基金/投顾,已停止目标盈期次,计划运作期已结束,2025-08-01,2026-10-09,最近完整官方调仓配置（模型权重）,official_rebalance_target,含非精确披露权重，未用推算权重替代,18,1,,"{""2026-06-30"": 100.0}",0,15.210352656080572,14.838648475418779,0,02037417fbc7f9e8b87020f0.json,2025-08-01,披露配置（最新权重不可推算）,0,已有更新调仓记录但未通过完整配置核验，不能跨越该事件推算,100.0,100.0,0.0
ttfund__YIIQICC,招商小超越目标盈第1期,天天基金/投顾,已停止目标盈期次,计划运作期已结束,2026-05-13,2026-10-09,最近完整官方调仓配置（模型权重）,official_rebalance_target,含非精确披露权重，未用推算权重替代,10,1,,"{""2026-06-30"": 100.0}",0,44.21535333543925,1.4351831591083344,0,a119acc64cbe2abda66ac33c.json,2026-10-09,净值漂移推算,1,,100.0,100.0,0.0
ttfund__TDL0HHI,招商慢慢投,天天基金/投顾,正常运行,,2026-08-25,2026-10-09,最近完整官方调仓配置（模型权重）,official_rebalance_target,含非精确披露权重，未用推算权重替代,18,1,,"{""2026-06-30"": 100.00000000000001}",0,11.539751295313392,17.380176765220696,0,2de4e6294e58e3a7cb392fc9.json,2026-10-09,净值漂移推算,1,,100.00000000000001,100.00000000000001,0.0
ttfund__S2NLY6R,招商暖心投,天天基金/投顾,正常运行,,2026-08-25,2026-10-09,最近完整官方调仓配置（模型权重）,official_rebalance_target,含非精确披露权重，未用推算权重替代,17,1,,"{""2026-06-30"": 100.00000000000001}",0,18.051237374633242,18.362091266439243,0,df59ed44dc26003e0f19486c.json,2026-10-09,净值漂移推算,1,,100.00000000000001,100.00000000000001,0.0
ttfund__FSGWDMV,招商月月佳薪,天天基金/投顾,正常运行,,2026-04-27,2026-10-09,最近完整官方调仓配置（模型权重）,official_rebalance_target,含非精确披露权重，未用推算权重替代,12,1,,"{""2026-06-30"": 99.99999999999999}",0,3.507859982659903,14.731198562858445,0,08ab44759eb2f172c5cb1f4a.json,2026-10-09,净值漂移推算,1,,99.99999999999999,99.99999999999999,0.0
ttfund__IMLMBLP,招商海外掘金,天天基金/投顾,正常运行,on_sale_window,2026-08-26,2026-10-09,最近完整官方调仓配置（模型权重）,official_rebalance_target,含非精确披露权重，未用推算权重替代,21,1,,"{""2026-06-30"": 100.00000000000003}",0,26.341016979307902,0.35077712340124306,7,8731d2da600b281f6501e833.json,2026-10-08,净值漂移推算,1,,100.00000000000003,100.00000000000003,0.0
ttfund__X5AHNCD,招商消费掘金,天天基金/投顾,信号类组合,on_sale_window,2026-10-09,2026-10-09,最新库内披露仓位,latest_observed_current,信号组合，未按真实基金配置穿透,10,0,信号组合，未按真实基金配置穿透,{},0,,,0,638f3484d3c052d81d823ab9.json,,缺少可用基金配置,0,缺少完整配置,,,
ttfund__TMQXEDB,招商灵活进取,天天基金/投顾,正常运行,,2026-07-27,2026-10-09,最近完整官方调仓配置（模型权重）,official_rebalance_target,含非精确披露权重，未用推算权重替代,18,1,,"{""2026-06-30"": 100.00000000000001}",0,10.231394686758959,19.15696290248556,0,56b88a823d0f2b0cc0f3edf5.json,2026-10-08,净值漂移推算,1,,100.00000000000001,100.00000000000001,0.0
ttfund__LZM096U,招商科技掘金,天天基金/投顾,信号类组合,on_sale_window,2026-10-09,2026-10-09,最新库内披露仓位,latest_observed_current,信号组合，未按真实基金配置穿透,8,0,信号组合，未按真实基金配置穿透,{},0,,,0,ed0af6f75f63df485dd3108b.json,,缺少可用基金配置,0,缺少完整配置,,,
ttfund__CMF07002,招商行业掘金,天天基金/投顾,正常运行,on_sale_window,2026-05-13,2026-10-09,最近完整官方调仓配置（模型权重）,official_rebalance_target,含非精确披露权重，未用推算权重替代,10,1,,"{""2026-06-30"": 100.0}",0,44.21535333543925,1.4351831591083344,0,c3f6ed18d16379cc03694392.json,2026-10-09,净值漂移推算,1,,100.0,100.0,0.0
ttfund__RMMNPYX,招商量化掘金,天天基金/投顾,正常运行,,2026-05-13,2026-10-09,最近完整官方调仓配置（模型权重）,official_rebalance_target,含非精确披露权重，未用推算权重替代,11,1,,"{""2026-06-30"": 100.0}",0,55.64730608715883,1.6681458873957924,0,a382a6745f2c1548bf5215df.json,2026-10-09,净值漂移推算,1,,100.0,100.0,0.0
ttfund__ADRHAIP,招商闲钱佳,天天基金/投顾,正常运行,,2023-02-22,2026-10-09,最近完整官方调仓配置（模型权重）,official_rebalance_target,含非精确披露权重，未用推算权重替代,7,1,,"{""2026-06-30"": 100.0}",0,0.0,20.17953657285004,0,186722c14d74193da848508a.json,2023-02-22,披露配置（最新权重不可推算）,0,已有更新调仓记录但未通过完整配置核验，不能跨越该事件推算,100.0,100.0,0.0
ttfund__SCDUJUY,招财猫全球进取,天天基金/投顾,正常运行,,2025-12-29,2026-10-09,最近完整官方调仓配置（模型权重）,official_rebalance_target,含非精确披露权重，未用推算权重替代,29,1,,"{""2026-06-30"": 99.99999999999997}",0,10.635036892133122,1.5567240087676726,3,1cae088add7ed124d5bfd1c4.json,2026-10-08,净值漂移推算,1,,99.99999999999997,99.99999999999997,0.0
ttfund__HUGZNNT,招财猫绝对收益,天天基金/投顾,正常运行,,2025-04-07,2026-10-09,最近完整官方调仓配置（模型权重）,official_rebalance_target,含非精确披露权重，未用推算权重替代,26,1,,"{""2026-06-30"": 99.99999999999999}",0,3.805338145455273,15.29296834424009,1,cd8c75b36a0f592ee1906688.json,2025-04-07,披露配置（最新权重不可推算）,0,已有更新调仓记录但未通过完整配置核验，不能跨越该事件推算,99.99999999999999,99.99999999999999,0.0
ttfund__SOJLAE9,指基多元均衡,天天基金/投顾,正常运行,,2024-12-24,2026-10-09,最近完整官方调仓配置（模型权重）,official_rebalance_target,含非精确披露权重，未用推算权重替代,14,1,,"{""2026-06-30"": 100.0}",0,4.668935228014341,18.55009805061515,0,544285c40c09822e5bf6f8b2.json,2026-10-08,净值漂移推算,1,,100.0,100.0,0.0
ttfund__GZ5KDRG,指数生财,天天基金/投顾,正常运行,,2026-09-14,2026-10-09,最近完整官方调仓配置（模型权重）,official_rebalance_target,含非精确披露权重，未用推算权重替代,9,1,,"{""2026-06-30"": 100.0}",0,0.46315518699044694,9.350924666211426,0,7335f00e776621ae285c47f0.json,2026-10-09,净值漂移推算,1,,100.0,100.0,0.0
ttfund__XFIKWCN,攒钱利器策略,天天基金/投顾,正常运行,,2026-10-09,2026-10-09,最新库内披露仓位,latest_observed_current,,23,1,,"{""2026-06-30"": 99.98999999999997}",0,15.162026104693831,19.930884775639456,0,c5221fa10e2db2906515f970.json,2026-10-09,源端最新仓位占比,1,,99.98999999999997,99.98999999999997,0.0
ttfund__FPMPQCK,新质生产力优选,天天基金/投顾,正常运行,,2026-06-03,2026-10-09,最近完整官方调仓配置（模型权重）,official_rebalance_target,含非精确披露权重，未用推算权重替代,20,1,,"{""2026-06-30"": 99.99999999999997}",0,37.39675831028779,1.6664358679185216,0,036443b142bd3dd9f10978e4.json,2026-10-09,净值漂移推算,1,,99.99999999999997,99.99999999999997,0.0
ttfund__KZ2UUG9,时光旅行者,天天基金/投顾,正常运行,on_sale_window,2026-08-18,2026-10-09,最近完整官方调仓配置（模型权重）,official_rebalance_target,含非精确披露权重，未用推算权重替代,14,1,,"{""2026-06-30"": 100.00000000000001}",0,10.086833198294858,1.2527920189886115,1,a237d881ad83f0df106ffc26.json,2026-10-08,净值漂移推算,1,,100.00000000000001,100.00000000000001,0.0
ttfund__AFFE0NN,易方达全球配置1号,天天基金/投顾,正常运行,,2026-05-22,,最近完整官方调仓配置（模型权重）,official_rebalance_target,缺少当前基金仓位,22,1,,"{""2026-06-30"": 87.07196133260744}",0,37.970186111856776,2.2269819383962735,2,b3f8f4037867decda07f93c2.json,2026-10-08,净值漂移推算,1,,87.07196133260744,87.07196133260744,12.928038667392569
ttfund__SIZR3KH,易方达固收精选,天天基金/投顾,正常运行,,2026-08-11,,最近完整官方调仓配置（模型权重）,official_rebalance_target,缺少当前基金仓位,14,1,,"{""2026-06-30"": 99.99999999999999}",0,0.0,17.595515228350507,0,a074971308852fcaca49d41a.json,2026-10-09,净值漂移推算,1,,99.99999999999999,99.99999999999999,0.0
ttfund__TPXZRYC,易方达平衡增长,天天基金/投顾,正常运行,,2026-06-23,,最近完整官方调仓配置（模型权重）,official_rebalance_target,缺少当前基金仓位,24,1,,"{""2026-06-30"": 99.99999999999999}",0,27.1158387812849,12.026982535713435,0,f02c12ae533f8be7b2fc432d.json,2026-10-09,净值漂移推算,1,,99.99999999999999,99.99999999999999,0.0
ttfund__TWVJJNJ,易方达智航易投7号,天天基金/投顾,正常运行,,2026-06-17,,最近完整官方调仓配置（模型权重）,official_rebalance_target,缺少当前基金仓位,16,1,,"{""2026-06-30"": 100.0}",0,35.55185744154378,8.707129584327028,0,861db69f0d0b52ba4e133caf.json,2026-10-09,净值漂移推算,1,,100.0,100.0,0.0
ttfund__KQ9I1ZY,易方达智航易投8号,天天基金/投顾,正常运行,,2025-07-25,,最近完整官方调仓配置（模型权重）,official_rebalance_target,缺少当前基金仓位,14,1,,"{""2026-06-30"": 100.0}",0,42.28679604054567,3.9756680752507187,0,0ee4154459dfcef5eee05092.json,2025-07-25,披露配置（最新权重不可推算）,0,已有更新调仓记录但未通过完整配置核验，不能跨越该事件推算,100.0,100.0,0.0
ttfund__YS4AEFG,易方达权益配置,天天基金/投顾,正常运行,,2026-06-24,,最近完整官方调仓配置（模型权重）,official_rebalance_target,缺少当前基金仓位,22,1,,"{""2026-06-30"": 99.99999999999999}",0,61.17554468897474,0.9397073351966665,0,f7aa883b7041f22553c85e50.json,2026-10-09,净值漂移推算,1,,99.99999999999999,99.99999999999999,0.0
ttfund__ARTNKDP,易方达激进投资,天天基金/投顾,正常运行,,2026-09-24,,最近完整官方调仓配置（模型权重）,official_rebalance_target,缺少当前基金仓位,20,1,,"{""2026-06-30"": 99.99999999999999}",0,49.011403455771756,1.5106850573398922,0,f0ddd88718f5ac7bca100a44.json,2026-10-08,净值漂移推算,1,,99.99999999999999,99.99999999999999,0.0
ttfund__MT62KOJ,易方达稳健理财,天天基金/投顾,正常运行,,2026-06-05,,最近完整官方调仓配置（模型权重）,official_rebalance_target,缺少当前基金仓位,23,1,,"{""2026-06-30"": 100.0}",0,9.53250250844969,12.784955207274438,0,f8a85f39f495cc4e1c526e6d.json,2026-10-09,净值漂移推算,1,,100.0,100.0,0.0
ttfund__JPUC3FJ,易方达红利权益配置,天天基金/投顾,正常运行,,2026-06-30,,最近完整官方调仓配置（模型权重）,official_rebalance_target,缺少当前基金仓位,15,1,,"{""2026-06-30"": 99.99999999999999}",0,32.70507397873109,1.509335800138118,0,24b020f786e4977d00fa4c99.json,2026-10-09,净值漂移推算,1,,99.99999999999999,99.99999999999999,0.0
ttfund__I4PTEF1,易方达纯债精选,天天基金/投顾,正常运行,,2025-09-03,,最近完整官方调仓配置（模型权重）,official_rebalance_target,缺少当前基金仓位,13,1,,"{""2026-06-30"": 100.0}",0,0.0,16.14036420787977,0,5a9ae30ceb895da40bcb507f.json,2026-10-09,净值漂移推算,1,,100.0,100.0,0.0
ttfund__SDGPTZZ,易方达货币优选,天天基金/投顾,正常运行,,2023-11-14,,最近完整官方调仓配置（模型权重）,official_rebalance_target,缺少当前基金仓位,8,1,,"{""2026-06-30"": 100.0}",0,0.0,13.149386597605831,0,28b6dbd1205976a9d23c78f4.json,2023-11-14,披露配置（最新权重不可推算）,0,已有更新调仓记录但未通过完整配置核验，不能跨越该事件推算,100.0,100.0,0.0
ttfund__OQ1R4QV,易方达货币增强,天天基金/投顾,正常运行,,2023-01-03,,最近完整官方调仓配置（模型权重）,official_rebalance_target,缺少当前基金仓位,14,1,,"{""2026-06-30"": 100.0}",0,0.0,12.792501339248883,0,7f9ff6413d48ca7becc239cb.json,2023-01-03,披露配置（最新权重不可推算）,0,已有更新调仓记录但未通过完整配置核验，不能跨越该事件推算,100.0,100.0,0.0
ttfund__BWCYE2L,易方达进取投资,天天基金/投顾,正常运行,,2026-08-21,,最近完整官方调仓配置（模型权重）,official_rebalance_target,缺少当前基金仓位,18,1,,"{""2026-06-30"": 100.0}",0,36.834782848802156,7.552503296914391,0,0ebc847750e97b2d589e1e1e.json,2026-10-09,净值漂移推算,1,,100.0,100.0,0.0
ttfund__852XEBX,星辰成长,天天基金/投顾,正常运行,,2026-10-08,2026-09-18,最近完整官方调仓配置（模型权重）,official_rebalance_target,含非精确披露权重，未用推算权重替代,12,1,,"{""2026-06-30"": 100.0}",0,40.173244015722275,6.324044594263943,0,faa4b65342020c29ae335005.json,2026-10-08,最新源端模型配置占比,1,,100.0,100.0,0.0
ttfund__F6HD2SW,星辰稳健,天天基金/投顾,正常运行,,2026-10-08,2026-09-18,最近完整官方调仓配置（模型权重）,official_rebalance_target,含非精确披露权重，未用推算权重替代,10,1,,"{""2026-06-30"": 100.0}",0,28.792021293505766,12.707763912495313,0,8d4203bb9ace3620f1e65d41.json,2026-10-09,净值漂移推算,1,,100.0,100.0,0.0
ttfund__YABTCTW,星际穿越,天天基金/投顾,正常运行,on_sale_window,2026-02-04,2026-10-09,最近完整官方调仓配置（模型权重）,official_rebalance_target,含非精确披露权重，未用推算权重替代,14,1,,"{""2026-06-30"": 100.00000000000001}",0,26.620041554686185,2.6233698601405737,2,f0561ad219f9244b8b60e6b6.json,2026-10-08,净值漂移推算,1,,100.00000000000001,100.00000000000001,0.0
ttfund__P2RTPDU,景顺长城低波小美好,天天基金/投顾,正常运行,,2026-10-09,2026-10-09,最新库内披露仓位,latest_observed_current,,27,1,,"{""2026-06-30"": 100.02000000000001}",0,14.921791468203924,14.955408151950342,0,10349f7c7d2d77915c12a2da.json,2026-10-09,源端最新仓位占比,1,,100.02000000000001,100.02000000000001,0.0
ttfund__PFBLPAH,景顺长城全球机遇,天天基金/投顾,正常运行,,2026-10-09,2026-10-09,最新库内披露仓位,latest_observed_current,,17,1,,"{""2026-06-30"": 99.99999999999999}",0,23.379310312495285,3.462968544437731,5,3dc431dca342119c84fa580f.json,2026-10-09,源端最新仓位占比,1,"源端占比直接使用；净值滚动未执行：缺少基准日之后净值：014978,021662,021842,160213,011584,539001,019548,262001",99.99999999999999,99.99999999999999,0.0
ttfund__WQ8EO33,景顺长城六边形精选,天天基金/投顾,正常运行,on_sale_window,2026-10-09,2026-10-09,最新库内披露仓位,latest_observed_current,,12,1,,"{""2026-06-30"": 100.00000000000001}",0,73.3187325801088,4.036536317629291,0,766dbf54fb295adb0d9b5a59.json,2026-10-09,源端最新仓位占比,1,,100.00000000000001,100.00000000000001,0.0
ttfund__TJEHNIM,景顺长城指数优选,天天基金/投顾,正常运行,on_sale_window,2026-10-09,2026-10-09,最新库内披露仓位,latest_observed_current,,25,1,,"{""2026-06-30"": 99.98}",0,10.055590891574392,1.1484252175844512,0,6ba8bec54be176aeb59bc1f5.json,2026-10-09,源端最新仓位占比,1,"源端占比直接使用；净值滚动未执行：缺少基准日之后净值：006075,006479",99.98,99.98,0.0
ttfund__4S22M2O,景顺长城港股宝,天天基金/投顾,正常运行,on_sale_window,2026-10-09,2026-10-09,最新库内披露仓位,latest_observed_current,,9,1,,"{""2026-06-30"": 99.98999999999998}",0,38.61789316942394,0.7153402205541174,1,59bd2fba29fc964a70acad4a.json,2026-10-09,源端最新仓位占比,1,源端占比直接使用；净值滚动未执行：缺少基准日之后净值：011584,99.98999999999998,99.98999999999998,0.0
ttfund__LADYCSH,景顺长城犇犇全明星,天天基金/投顾,正常运行,on_sale_window,2026-10-08,2026-10-09,最近完整历史仓位,historical_exact,基金权重和99.9700%超出100%±0.02个百分点,18,1,,"{""2026-06-30"": 100.0}",0,47.81744194721578,3.6503491449144354,0,05ee52122888b234c42de548.json,2026-10-09,净值漂移推算,1,,100.0,100.0,0.0
ttfund__6VLEC2I,景顺长城目标盈,天天基金/投顾,目标盈期次,认购期,2026-10-09,2026-10-09,最新库内披露仓位,latest_observed_current,,26,1,,"{""2026-06-30"": 99.99999999999997}",0,17.817381535558784,14.867025181685296,0,8c6a9d3d20ab749a97c19213.json,2026-10-09,源端最新仓位占比,1,,99.99999999999997,99.99999999999997,0.0
ttfund__NIP170W,景顺长城目标盈01期,天天基金/投顾,已停止目标盈期次,计划运作期已结束,2026-10-09,2026-10-09,最新库内披露仓位,latest_observed_current,,1,1,,"{""2026-06-30"": 100.0}",0,0.0,27.627468448952314,0,b85942cf3e60c187d6430eab.json,2026-10-10,净值漂移推算,1,,100.0,100.0,0.0
ttfund__W4ESSKW,景顺长城目标盈02期,天天基金/投顾,已停止目标盈期次,计划运作期已结束,2026-10-09,2026-10-09,最新库内披露仓位,latest_observed_current,,1,1,,"{""2026-06-30"": 100.0}",0,0.0,27.627468448952314,0,002a2091de03539700b71aee.json,2026-10-10,净值漂移推算,1,,100.0,100.0,0.0
ttfund__3ZUH7MO,景顺长城目标盈03期,天天基金/投顾,已停止目标盈期次,计划运作期已结束,2026-10-09,2026-10-09,最新库内披露仓位,latest_observed_current,,1,1,,"{""2026-06-30"": 100.0}",0,0.0,27.627468448952314,0,a2e570cb1ee03c6eba2b24e6.json,2026-10-10,净值漂移推算,1,,100.0,100.0,0.0
ttfund__UOSDJCC,景顺长城目标盈04期,天天基金/投顾,已停止目标盈期次,计划运作期已结束,2026-10-09,2026-10-09,最新库内披露仓位,latest_observed_current,,1,1,,"{""2026-06-30"": 100.0}",0,0.0,27.627468448952314,0,855d50316b546671d7382a10.json,2026-10-10,净值漂移推算,1,,100.0,100.0,0.0
ttfund__509EYJT,景顺长城目标盈05期,天天基金/投顾,已停止目标盈期次,计划运作期已结束,2026-10-09,2026-10-09,最新库内披露仓位,latest_observed_current,,26,1,,"{""2026-06-30"": 100.01000000000002}",0,17.645580573508322,14.907010250535684,0,710246aab0e14d9a7afe2540.json,2026-10-09,源端最新仓位占比,1,,100.01000000000002,100.01000000000002,0.0
ttfund__TOEWWZY,景顺长城目标盈06期,天天基金/投顾,已停止目标盈期次,计划运作期已结束,2026-10-09,2026-10-09,最新库内披露仓位,latest_observed_current,,26,1,,"{""2026-06-30"": 100.01000000000002}",0,17.645580573508322,14.907010250535684,0,78c21aec56da5b22424f0424.json,2026-10-09,源端最新仓位占比,1,,100.01000000000002,100.01000000000002,0.0
ttfund__DKYFFZ9,景顺长城目标盈07期,天天基金/投顾,已停止目标盈期次,计划运作期已结束,2026-10-09,2026-10-09,最新库内披露仓位,latest_observed_current,,26,1,,"{""2026-06-30"": 100.01000000000002}",0,17.645580573508322,14.907010250535684,0,55390920f269bcb13a3cc60a.json,2026-10-09,源端最新仓位占比,1,,100.01000000000002,100.01000000000002,0.0
ttfund__DMO1EKA,景顺长城目标盈08期,天天基金/投顾,已停止目标盈期次,计划运作期已结束,2026-10-09,2026-10-09,最新库内披露仓位,latest_observed_current,,26,1,,"{""2026-06-30"": 100.01000000000002}",0,17.645580573508322,14.907010250535684,0,1e4ccb853e3695659a873fb8.json,2026-10-09,源端最新仓位占比,1,,100.01000000000002,100.01000000000002,0.0
ttfund__2L9JSJG,景顺长城目标盈09期,天天基金/投顾,已停止目标盈期次,已停止,2026-10-09,,参考母策略配置,parent_strategy_reference,缺少当前基金仓位,26,1,,"{""2026-06-30"": 99.99999999999997}",1,17.817381535558784,14.867025181685296,0,83a130177ec317ed2b65dba0.json,2026-10-09,最新源端模型配置占比,1,,99.99999999999997,99.99999999999997,0.0
ttfund__HVCKYC1,景顺长城目标盈10期,天天基金/投顾,已停止目标盈期次,已停止,2026-10-09,,参考母策略配置,parent_strategy_reference,缺少当前基金仓位,26,1,,"{""2026-06-30"": 99.99999999999997}",1,17.817381535558784,14.867025181685296,0,263119d0904ee69bd77793fe.json,2026-10-09,最新源端模型配置占比,1,,99.99999999999997,99.99999999999997,0.0
ttfund__CJP4TDK,景顺长城稳稳小确幸,天天基金/投顾,正常运行,,2026-10-09,2026-10-09,最新库内披露仓位,latest_observed_current,,29,1,,"{""2026-06-30"": 99.97999999999999}",0,7.352532034065173,16.01510999352758,0,1a454515fa17b6c55c926ef6.json,2026-10-09,源端最新仓位占比,1,,99.97999999999999,99.97999999999999,0.0
ttfund__FM3RCOE,景顺长城进取全明星,天天基金/投顾,正常运行,on_sale_window,2026-10-09,2026-10-09,最新库内披露仓位,latest_observed_current,,14,1,,"{""2026-06-30"": 99.99000000000001}",0,60.690135992329274,6.945316358491998,0,4a2527c86a3e3892d0554daa.json,2026-10-09,源端最新仓位占比,1,,99.99000000000001,99.99000000000001,0.0
ttfund__OGXTMZH,景顺长城进取目标盈01期,天天基金/投顾,已停止目标盈期次,计划运作期已结束,2026-10-09,2026-10-09,最新库内披露仓位,latest_observed_current,,15,1,,"{""2026-06-30"": 100.01}",0,59.88498690207219,2.2975594429301722,0,2a9eaf899925079d5e5f7422.json,2026-10-09,源端最新仓位占比,1,,100.01,100.01,0.0
ttfund__D6O6MQ0,智盈天天第10期投顾服务,天天基金/投顾,已停止目标盈期次,计划运作期已结束,2026-07-30,2026-10-09,最近完整官方调仓配置（模型权重）,official_rebalance_target,含非精确披露权重，未用推算权重替代,13,1,,"{""2026-06-30"": 100.0}",0,12.021566303702258,17.710940775536077,0,517d99bc1ddd4987453f0799.json,2026-10-09,净值漂移推算,1,,100.0,100.0,0.0
ttfund__1B5IDS2,智盈天天第11期投顾服务,天天基金/投顾,已停止目标盈期次,计划运作期已结束,2026-07-30,2026-10-08,最近完整官方调仓配置（模型权重）,official_rebalance_target,含非精确披露权重，未用推算权重替代,13,1,,"{""2026-06-30"": 100.0}",0,12.021566303702258,17.710940775536077,0,69b071f1f3b240e90c2bf548.json,2026-10-09,净值漂移推算,1,,100.0,100.0,0.0
ttfund__ZVTPCFZ,智盈天天第1期投顾服务,天天基金/投顾,已停止目标盈期次,已停止,2020-09-25,,最近完整官方调仓配置（模型权重）,official_rebalance_target,缺少当前基金仓位,10,1,,"{""2026-06-30"": 100.0}",0,3.409333071097344,12.656070512057699,0,731d4e930833ba10ce389683.json,2020-09-25,披露配置（最新权重不可推算）,0,已有更新调仓记录但未通过完整配置核验，不能跨越该事件推算,100.0,100.0,0.0
ttfund__QK73NQK,智盈天天第2期投顾服务,天天基金/投顾,已停止目标盈期次,已停止,2020-12-24,,最近完整官方调仓配置（模型权重）,official_rebalance_target,缺少当前基金仓位,9,1,,"{""2026-06-30"": 100.0}",0,3.161529523967041,13.569332218194694,0,7d6a517ea7276c573a67bcf9.json,2020-12-24,披露配置（最新权重不可推算）,0,已有更新调仓记录但未通过完整配置核验，不能跨越该事件推算,100.0,100.0,0.0
ttfund__BZ1LO16,智盈天天第3期投顾服务,天天基金/投顾,已停止目标盈期次,计划运作期已结束,2022-07-27,2026-10-09,最近完整官方调仓配置（模型权重）,official_rebalance_target,含非精确披露权重，未用推算权重替代；基金权重和3.0000%超出100%±0.02个百分点,14,1,,"{""2026-06-30"": 100.0}",0,12.841300951936706,16.822940739293234,0,39cfe50df26eecede8d809bf.json,2022-07-27,披露配置（最新权重不可推算）,0,已有更新调仓记录但未通过完整配置核验，不能跨越该事件推算,100.0,100.0,0.0
ttfund__C1MHSAY,智盈天天第5期投顾服务,天天基金/投顾,已停止目标盈期次,已停止,2021-03-24,,最近完整官方调仓配置（模型权重）,official_rebalance_target,缺少当前基金仓位,11,1,,"{""2026-06-30"": 100.0}",0,8.481989221895336,15.683649656868816,0,e3b57b843f49d948d4dab4dc.json,2021-03-24,披露配置（最新权重不可推算）,0,已有更新调仓记录但未通过完整配置核验，不能跨越该事件推算,100.0,100.0,0.0
ttfund__7PMJLVF,智盈天天第6期投顾服务,天天基金/投顾,已停止目标盈期次,已停止,2021-04-21,,最近完整官方调仓配置（模型权重）,official_rebalance_target,缺少当前基金仓位,12,1,,"{""2026-06-30"": 99.99999999999999}",0,9.052536909506298,20.214610940529163,0,0b34d9fe730ce51681a84f56.json,2021-04-21,披露配置（最新权重不可推算）,0,已有更新调仓记录但未通过完整配置核验，不能跨越该事件推算,99.99999999999999,99.99999999999999,0.0
ttfund__QFNPUR0,智盈天天第7期投顾服务,天天基金/投顾,已停止目标盈期次,计划运作期已结束,2026-07-30,2026-10-09,最近完整官方调仓配置（模型权重）,official_rebalance_target,含非精确披露权重，未用推算权重替代,13,1,,"{""2026-06-30"": 100.0}",0,12.021566303702258,17.710940775536077,0,e07131ab0c53155647deb472.json,2026-10-09,净值漂移推算,1,,100.0,100.0,0.0
ttfund__GCXRNSG,智盈天天第8期投顾服务,天天基金/投顾,已停止目标盈期次,计划运作期已结束,2026-07-30,2026-10-09,最近完整官方调仓配置（模型权重）,official_rebalance_target,含非精确披露权重，未用推算权重替代,13,1,,"{""2026-06-30"": 100.0}",0,12.021566303702258,17.710940775536077,0,6cad6bc0553121c5979c61a9.json,2026-10-09,净值漂移推算,1,,100.0,100.0,0.0
ttfund__I0BULZF,智盈天天第9期(年中版),天天基金/投顾,已停止目标盈期次,计划运作期已结束,2025-12-05,2026-10-09,最近完整官方调仓配置（模型权重）,official_rebalance_target,含非精确披露权重，未用推算权重替代,13,1,,"{""2026-06-30"": 100.0}",0,14.714905652660862,17.14656539579216,0,80ec879c43b24f4899f98d0c.json,2025-12-05,披露配置（最新权重不可推算）,0,已有更新调仓记录但未通过完整配置核验，不能跨越该事件推算,100.0,100.0,0.0
ttfund__YFABLEC,智盈天天组合第4期(新年特供),天天基金/投顾,已停止目标盈期次,计划运作期已结束,2022-07-27,2026-10-09,最近完整官方调仓配置（模型权重）,official_rebalance_target,含非精确披露权重，未用推算权重替代；基金权重和3.0000%超出100%±0.02个百分点,14,1,,"{""2026-06-30"": 100.0}",0,12.841300951936706,16.822940739293234,0,98110f68b6492c2e6f060c5a.json,2022-07-27,披露配置（最新权重不可推算）,0,已有更新调仓记录但未通过完整配置核验，不能跨越该事件推算,100.0,100.0,0.0
ttfund__0U91IVW,智航易投1号,天天基金/投顾,正常运行,,2026-06-17,,最近完整官方调仓配置（模型权重）,official_rebalance_target,缺少当前基金仓位,16,1,,"{""2026-06-30"": 100.00000000000001}",0,2.9258405032536676,17.646435693998022,0,be3bd066e6e2f6ea8ab22810.json,2026-10-09,净值漂移推算,1,,100.00000000000001,100.00000000000001,0.0
ttfund__P5ZW105,智航易投2号,天天基金/投顾,正常运行,,2026-06-17,,最近完整官方调仓配置（模型权重）,official_rebalance_target,缺少当前基金仓位,17,1,,"{""2026-06-30"": 100.00000000000001}",0,12.54468081099843,17.613667735487592,0,9cd524ba107d5ebcacff1f65.json,2026-10-08,净值漂移推算,1,,100.00000000000001,100.00000000000001,0.0
ttfund__5OR1KP1,智航易投3号,天天基金/投顾,正常运行,,2026-06-17,,最近完整官方调仓配置（模型权重）,official_rebalance_target,缺少当前基金仓位,16,1,,"{""2026-06-30"": 100.00000000000003}",0,15.326566256991239,17.463532911386658,0,e4f3e2bf4237a621230b82d3.json,2026-10-09,净值漂移推算,1,,100.00000000000003,100.00000000000003,0.0
ttfund__VSXHWOB,智航易投4号,天天基金/投顾,正常运行,,2025-11-11,,最近完整官方调仓配置（模型权重）,official_rebalance_target,缺少当前基金仓位,17,1,,"{""2026-06-30"": 100.0}",0,27.311599675003706,15.258487330381298,0,8f34a276cd77c2e1bab56c2c.json,2025-11-11,披露配置（最新权重不可推算）,0,已有更新调仓记录但未通过完整配置核验，不能跨越该事件推算,100.0,100.0,0.0
ttfund__GCKA3QB,智航易投5号,天天基金/投顾,正常运行,,2026-06-17,,最近完整官方调仓配置（模型权重）,official_rebalance_target,缺少当前基金仓位,16,1,,"{""2026-06-30"": 100.00000000000003}",0,32.186062258230685,11.5300009535184,0,ed98ad50c2a3d7f793447fcb.json,2026-10-08,净值漂移推算,1,,100.00000000000003,100.00000000000003,0.0
ttfund__1FGLC9L,智航易投6号,天天基金/投顾,正常运行,,2026-06-17,,最近完整官方调仓配置（模型权重）,official_rebalance_target,缺少当前基金仓位,15,1,,"{""2026-06-30"": 99.99999999999999}",0,33.66905087156173,10.354779211998567,0,c5e6a50942c827d1c5459696.json,2026-10-09,净值漂移推算,1,,99.99999999999999,99.99999999999999,0.0
ttfund__M2MB780,智道AI积极型,天天基金/投顾,正常运行,,2025-10-23,2026-10-09,最近完整官方调仓配置（模型权重）,official_rebalance_target,含非精确披露权重，未用推算权重替代；基金权重和96.0000%超出100%±0.02个百分点,16,1,,"{""2026-06-30"": 100.00000000000001}",0,16.89461230812764,24.811521441839183,1,599ba243cabeaca0d9f215ff.json,2026-10-08,净值漂移推算,1,,100.00000000000001,100.00000000000001,0.0
ttfund__LGI1ZOB,智道AI稳健型,天天基金/投顾,正常运行,,2025-03-14,2026-10-09,最近完整官方调仓配置（模型权重）,official_rebalance_target,含非精确披露权重，未用推算权重替代,13,1,,"{""2026-06-30"": 100.0}",0,2.917574748623376,21.706330511335743,0,d91aea8f2a34bf3b390cfa6a.json,2026-10-09,净值漂移推算,1,,100.0,100.0,0.0
ttfund__JMSRV7B,智道AI进取型,天天基金/投顾,正常运行,,2024-07-22,2026-10-09,最近完整官方调仓配置（模型权重）,official_rebalance_target,含非精确披露权重，未用推算权重替代,17,1,,"{""2026-06-30"": 100.0}",0,44.83559272405094,4.353434409315303,1,526d0f05912559be98fa3521.json,2024-07-22,披露配置（最新权重不可推算）,0,已有更新调仓记录但未通过完整配置核验，不能跨越该事件推算,100.0,100.0,0.0
ttfund__9L7OPLP,月宝指数,天天基金/投顾,正常运行,,2022-05-13,2026-10-09,最近完整官方调仓配置（模型权重）,official_rebalance_target,含非精确披露权重，未用推算权重替代,7,1,,"{""2026-06-30"": 99.99999999999997}",0,30.91114447562297,6.169438495721277,1,d030902222202f46f029050b.json,2026-10-08,净值漂移推算,1,,99.99999999999997,99.99999999999997,0.0
ttfund__HESWQG8,月月领,天天基金/投顾,正常运行,,2026-10-09,2026-10-09,最新库内披露仓位,latest_observed_current,,29,1,,"{""2026-06-30"": 100.01000000000002}",0,9.149549690853839,14.836795688319679,2,38dd873712585c5452e775c5.json,2026-10-09,源端最新仓位占比,1,"源端占比直接使用；净值滚动未执行：缺少基准日之后净值：017654,023591,011584,019512,020512,004877,021694",100.01000000000002,100.01000000000002,0.0
ttfund__VJBKU2J,有钱有闲-永久组合,天天基金/投顾,正常运行,,2026-10-09,2026-10-09,最新库内披露仓位,latest_observed_current,,15,1,,"{""2026-06-30"": 99.99000000000001}",0,13.667910368207023,15.232548811855876,0,9298db6066d602a103551e29.json,2026-10-09,源端最新仓位占比,1,,99.99000000000001,99.99000000000001,0.0
ttfund__TJOEVCC,木兰进取,天天基金/投顾,正常运行,,2023-02-14,2026-10-08,最近完整官方调仓配置（模型权重）,official_rebalance_target,含非精确披露权重，未用推算权重替代,8,1,,"{""2026-06-30"": 100.0}",0,50.86798273562507,4.5354618328729694,0,3c48b525bf093ba40bba6dd7.json,2026-10-09,净值漂移推算,1,,100.0,100.0,0.0
ttfund__TXT82K3,桃李不言,天天基金/投顾,正常运行,,2024-11-27,2026-10-09,最近完整官方调仓配置（模型权重）,official_rebalance_target,含非精确披露权重，未用推算权重替代,24,1,,"{""2026-06-30"": 100.0}",0,69.38666620915801,1.5133695813294363,2,793ce16c31f53552b64ebebf.json,2024-11-27,披露配置（最新权重不可推算）,0,已有更新调仓记录但未通过完整配置核验，不能跨越该事件推算,100.0,100.0,0.0
ttfund__Y8LMDWU,梧桐全球优选组合,天天基金/投顾,正常运行,,2026-01-14,2026-10-09,最近完整官方调仓配置（模型权重）,official_rebalance_target,含非精确披露权重，未用推算权重替代,27,1,,"{""2026-06-30"": 100.0}",0,38.15059633669469,5.5623786206204615,0,589dff36e86a4445a465bda5.json,2026-01-14,披露配置（最新权重不可推算）,0,已有更新调仓记录但未通过完整配置核验，不能跨越该事件推算,100.0,100.0,0.0
ttfund__JG5XMEX,梧桐养老组合2035,天天基金/投顾,正常运行,,2026-10-09,2026-10-09,最新库内披露仓位,latest_observed_current,,15,1,,"{""2026-06-30"": 100.00999999999999}",0,27.894054584897813,13.89726075166503,0,b675a2430d396c787e1af389.json,2026-10-09,源端最新仓位占比,1,,100.00999999999999,100.00999999999999,0.0
ttfund__QKKRZNJ,梧桐养老组合2045,天天基金/投顾,正常运行,,2026-10-08,2026-10-08,最新库内披露仓位,latest_observed_current,,14,1,,"{""2026-06-30"": 100.0}",0,36.93825036349608,11.663833362049493,0,3d9e82a81d1ac0db2989e53c.json,2026-10-09,净值漂移推算,1,,100.0,100.0,0.0
ttfund__URMLSSC,梧桐双季红收益增强组合,天天基金/投顾,正常运行,,2026-01-13,2026-10-09,最近完整官方调仓配置（模型权重）,official_rebalance_target,含非精确披露权重，未用推算权重替代,22,1,,"{""2026-06-30"": 100.0}",0,11.331651647533542,14.934277361898255,0,ce51314d3f8410d5345ea698.json,2026-01-13,披露配置（最新权重不可推算）,0,已有更新调仓记录但未通过完整配置核验，不能跨越该事件推算,100.0,100.0,0.0
ttfund__ZYRBY1C,梧桐季季红稳健收益组合,天天基金/投顾,正常运行,,2026-05-13,2026-10-08,最近完整官方调仓配置（模型权重）,official_rebalance_target,含非精确披露权重，未用推算权重替代,13,1,,"{""2026-06-30"": 100.00000000000001}",0,3.3419824223104184,17.508217735745813,0,147fb57c25f1a7280dec2016.json,2026-10-09,净值漂移推算,1,,100.00000000000001,100.00000000000001,0.0
ttfund__ZHDNUFS,梧桐指数严选组合,天天基金/投顾,正常运行,,2026-09-16,2026-10-09,最近完整官方调仓配置（模型权重）,official_rebalance_target,含非精确披露权重，未用推算权重替代,13,1,,"{""2026-06-30"": 99.99999999999999}",0,43.645960200699044,3.0089524782360466,0,0e850f613868a790eff0b789.json,2026-10-09,净值漂移推算,1,,99.99999999999999,99.99999999999999,0.0
ttfund__OMTKGSQ,梧桐教育组合2030,天天基金/投顾,正常运行,,2026-01-14,2026-10-09,最近完整官方调仓配置（模型权重）,official_rebalance_target,含非精确披露权重，未用推算权重替代,21,1,,"{""2026-06-30"": 100.00000000000004}",0,23.967501315479332,11.893144540715253,0,fd7fbf746b74b2427d9d8614.json,2026-01-14,披露配置（最新权重不可推算）,0,已有更新调仓记录但未通过完整配置核验，不能跨越该事件推算,100.00000000000004,100.00000000000004,0.0
ttfund__WOF8KCN,梧桐教育组合2040,天天基金/投顾,正常运行,,2025-10-14,2026-10-09,最近完整官方调仓配置（模型权重）,official_rebalance_target,含非精确披露权重，未用推算权重替代,21,1,,"{""2026-06-30"": 99.99999999999999}",0,42.437527872330215,8.645351628913758,0,a53fca71c14fc11310481c9d.json,2025-10-14,披露配置（最新权重不可推算）,0,已有更新调仓记录但未通过完整配置核验，不能跨越该事件推算,99.99999999999999,99.99999999999999,0.0
ttfund__21PQCRZ,梧桐权益明星组合,天天基金/投顾,正常运行,,2026-05-13,2026-10-09,最近完整官方调仓配置（模型权重）,official_rebalance_target,含非精确披露权重，未用推算权重替代,10,1,,"{""2026-06-30"": 100.00000000000001}",0,72.06714820664753,4.452831277817326,0,03d4b1db9e4a7c14f66c8426.json,2026-10-09,净值漂移推算,1,,100.00000000000001,100.00000000000001,0.0
ttfund__PLCDTYC,梧桐股债平衡组合,天天基金/投顾,正常运行,,2026-05-13,2026-10-09,最近完整官方调仓配置（模型权重）,official_rebalance_target,含非精确披露权重，未用推算权重替代,15,1,,"{""2026-06-30"": 99.99999999999997}",0,32.66000865490075,12.27885068765974,0,6d29ba9b18e4b11f2291f4ad.json,2026-10-09,净值漂移推算,1,,99.99999999999997,99.99999999999997,0.0
ttfund__MR7EZFD,梧桐货币增强组合,天天基金/投顾,正常运行,,2025-10-14,2026-10-09,最近完整官方调仓配置（模型权重）,official_rebalance_target,含非精确披露权重，未用推算权重替代,15,1,,"{""2026-06-30"": 100.0}",0,0.0,16.358542256973205,0,b3258c03dfaa9496e03d1e8b.json,2026-10-09,净值漂移推算,1,,100.0,100.0,0.0
ttfund__JXWYUAF,步步盈,天天基金/投顾,正常运行,on_sale_window,2025-12-22,2026-10-09,最近完整官方调仓配置（模型权重）,official_rebalance_target,含非精确披露权重，未用推算权重替代,27,1,,"{""2026-06-30"": 100.00000000000001}",0,2.2554623231122535,23.82868111758366,0,5a4dc321351397d900132ece.json,2025-12-22,披露配置（最新权重不可推算）,0,已有更新调仓记录但未通过完整配置核验，不能跨越该事件推算,100.00000000000001,100.00000000000001,0.0
ttfund__FTHXFK5,民生加银80后养老组合,天天基金/投顾,正常运行,,2026-10-09,2026-10-09,最新库内披露仓位,latest_observed_current,,16,1,,"{""2026-06-30"": 99.99}",0,21.128115610550058,7.665804313830581,0,99230c24b5bd137fd2c8b6b8.json,2026-10-09,源端最新仓位占比,1,,99.99,99.99,0.0
ttfund__KX6QVNZ,民生加银90后养老组合,天天基金/投顾,正常运行,,2026-10-09,2026-10-09,最新库内披露仓位,latest_observed_current,,18,1,,"{""2026-06-30"": 99.99000000000001}",0,32.673303281600994,5.302176095415522,0,977a8e0ef0fcddaebcf1f6c1.json,2026-10-09,源端最新仓位占比,1,,99.99000000000001,99.99000000000001,0.0
ttfund__8TWSRVW,民生加银固收小福星组合,天天基金/投顾,正常运行,,2026-01-07,2026-10-09,最近完整官方调仓配置（模型权重）,official_rebalance_target,含非精确披露权重，未用推算权重替代,16,1,,"{""2026-06-30"": 99.99999999999999}",0,2.8383491599085313,12.580994237207712,0,e75f42feba8a3600362aa7d7.json,2026-10-09,净值漂移推算,1,,99.99999999999999,99.99999999999999,0.0
ttfund__XQR30UU,民生加银固收福禄宝组合,天天基金/投顾,正常运行,,2026-01-07,2026-10-09,最近完整官方调仓配置（模型权重）,official_rebalance_target,含非精确披露权重，未用推算权重替代,14,1,,"{""2026-06-30"": 99.99999999999999}",0,11.42944671452142,11.756090702470988,0,b12ab34817126d186e2fe773.json,2026-10-09,净值漂移推算,1,,99.99999999999999,99.99999999999999,0.0
ttfund__UJZVSUO,民生加银小牛加油组合,天天基金/投顾,正常运行,,2026-07-10,2026-10-09,最近完整官方调仓配置（模型权重）,official_rebalance_target,含非精确披露权重，未用推算权重替代,16,1,,"{""2026-06-30"": 100.0}",0,50.93344064020121,2.2995669098571643,0,f613cb72e2568e3c9f6f17ae.json,2026-10-09,净值漂移推算,1,,100.0,100.0,0.0
ttfund__U6FTIIZ,民生加银智投小赢家01期,天天基金/投顾,已停止目标盈期次,计划运作期已结束,2022-12-07,2026-10-09,最近完整官方调仓配置（模型权重）,official_rebalance_target,含非精确披露权重，未用推算权重替代；基金权重和5.0000%超出100%±0.02个百分点,22,1,,"{""2026-06-30"": 100.0}",0,14.83631607080986,13.154281035105834,0,262c4b73db49d8b47c985568.json,2022-12-07,披露配置（最新权重不可推算）,0,已有更新调仓记录但未通过完整配置核验，不能跨越该事件推算,100.0,100.0,0.0
ttfund__AXTL7IZ,民生加银智投小赢家02期,天天基金/投顾,已停止目标盈期次,计划运作期已结束,2022-09-14,2026-10-09,最近完整官方调仓配置（模型权重）,official_rebalance_target,含非精确披露权重，未用推算权重替代；基金权重和1.0500%超出100%±0.02个百分点,17,1,,"{""2026-06-30"": 100.0}",0,16.333905367126803,11.092327297338402,0,5bcf1bb1a5306f1b100ceed5.json,2022-09-14,披露配置（最新权重不可推算）,0,已有更新调仓记录但未通过完整配置核验，不能跨越该事件推算,100.0,100.0,0.0
ttfund__UYMHJYY,民生加银智投小赢家03期,天天基金/投顾,已停止目标盈期次,计划运作期已结束,2023-06-01,2026-10-09,最近完整官方调仓配置（模型权重）,official_rebalance_target,含非精确披露权重，未用推算权重替代；基金权重和1.0000%超出100%±0.02个百分点,15,1,,"{""2026-06-30"": 100.0}",0,5.708137487929751,14.084976429842099,0,f6dfcfe203d1532b2b619107.json,2023-06-01,披露配置（最新权重不可推算）,0,已有更新调仓记录但未通过完整配置核验，不能跨越该事件推算,100.0,100.0,0.0
ttfund__1H5EQ9L,民生加银智投小赢家04期,天天基金/投顾,已停止目标盈期次,计划运作期已结束,2025-09-26,2026-10-09,最近完整官方调仓配置（模型权重）,official_rebalance_target,含非精确披露权重，未用推算权重替代,17,1,,"{""2026-06-30"": 100.0}",0,8.874951966478966,15.851882466295592,0,3b71fa41f77ac8669e5fb2fa.json,2025-09-26,披露配置（最新权重不可推算）,0,已有更新调仓记录但未通过完整配置核验，不能跨越该事件推算,100.0,100.0,0.0
ttfund__3A1SV0X,民生加银智投小赢家05期,天天基金/投顾,已停止目标盈期次,已停止,2024-10-24,,最近完整官方调仓配置（模型权重）,official_rebalance_target,缺少当前基金仓位,12,1,,"{""2026-06-30"": 99.99999999999997}",0,11.743015855942318,10.779138900257353,0,c6607ec44b6859a74d70740e.json,2026-10-09,净值漂移推算,1,,99.99999999999997,99.99999999999997,0.0
ttfund__RCXRCGP,民生加银活钱宝,天天基金/投顾,正常运行,,2025-03-31,2026-10-08,最近完整官方调仓配置（模型权重）,official_rebalance_target,含非精确披露权重，未用推算权重替代,11,1,,"{""2026-06-30"": 100.00000000000001}",0,0.0,15.233403839093318,0,aeb649ab56919110084b6c9c.json,2026-10-09,净值漂移推算,1,,100.00000000000001,100.00000000000001,0.0
ttfund__QP9JKF4,民生加银配置加分组合,天天基金/投顾,正常运行,,2025-09-19,2026-10-09,最近完整官方调仓配置（模型权重）,official_rebalance_target,含非精确披露权重，未用推算权重替代,16,1,,"{""2026-06-30"": 100.0}",0,21.531757009787224,10.16347585192515,0,982b458d306385a4590b8e9c.json,2025-09-19,披露配置（最新权重不可推算）,0,已有更新调仓记录但未通过完整配置核验，不能跨越该事件推算,100.0,100.0,0.0
ttfund__1MRB2HI,民生加银闲钱嘉薪组合,天天基金/投顾,正常运行,,2024-10-24,2026-10-08,最近完整官方调仓配置（模型权重）,official_rebalance_target,含非精确披露权重，未用推算权重替代,6,1,,"{""2026-06-30"": 100.0}",0,0.0,12.635467247315837,0,b4a6e7eee5e812a182c414dc.json,2024-10-24,披露配置（最新权重不可推算）,0,已有更新调仓记录但未通过完整配置核验，不能跨越该事件推算,100.0,100.0,0.0
ttfund__PZYDNQF,永久组合,天天基金/投顾,正常运行,on_sale_window,2026-09-03,2026-10-09,最近完整官方调仓配置（模型权重）,official_rebalance_target,含非精确披露权重，未用推算权重替代,14,1,,"{""2026-06-30"": 99.99999999999999}",0,8.067833845842278,22.245818054997752,0,a76d0157cf2fbd667a3770ff.json,2026-10-08,净值漂移推算,1,,99.99999999999999,99.99999999999999,0.0
ttfund__O6NRL0G,永动机债券型,天天基金/投顾,正常运行,,2025-02-14,2026-10-09,最近完整官方调仓配置（模型权重）,official_rebalance_target,含非精确披露权重，未用推算权重替代,11,1,,"{""2026-06-30"": 100.0}",0,6.273760512551822,23.696250538064135,0,69150795f698052953f6e1f1.json,2026-10-09,净值漂移推算,1,,100.0,100.0,0.0
ttfund__JHRSLPX,永动机全球型,天天基金/投顾,正常运行,on_sale_window,2024-12-16,2026-10-09,最近完整官方调仓配置（模型权重）,official_rebalance_target,含非精确披露权重，未用推算权重替代,14,1,,"{""2026-06-30"": 99.99999999999997}",0,10.294598942956249,3.7047874427991223,1,87a9e994951cffd4ce7530d7.json,2024-12-16,披露配置（最新权重不可推算）,0,已有更新调仓记录但未通过完整配置核验，不能跨越该事件推算,99.99999999999997,99.99999999999997,0.0
ttfund__QZODEFS,永动机平衡型,天天基金/投顾,正常运行,on_sale_window,2026-09-18,2026-10-09,最近完整官方调仓配置（模型权重）,official_rebalance_target,含非精确披露权重，未用推算权重替代,14,1,,"{""2026-06-30"": 99.99999999999999}",0,25.29505734330107,6.306556846890466,0,5b2631d075a9fc51e2f9d5f7.json,2026-10-09,净值漂移推算,1,,99.99999999999999,99.99999999999999,0.0
ttfund__VAO3N1Y,永动机股票型,天天基金/投顾,正常运行,,2026-09-18,2026-10-09,最近完整官方调仓配置（模型权重）,official_rebalance_target,含非精确披露权重，未用推算权重替代,15,1,,"{""2026-06-30"": 99.99999999999999}",0,7.348533593100464,0.8816819784455447,2,e9b49f94011070e3d13aa0ec.json,2026-10-08,净值漂移推算,1,,99.99999999999999,99.99999999999999,0.0
ttfund__UL9DA75,永盈洞见,天天基金/投顾,正常运行,,2025-05-12,2026-10-09,最近完整官方调仓配置（模型权重）,official_rebalance_target,含非精确披露权重，未用推算权重替代,21,1,,"{""2026-06-30"": 100.0}",0,54.39169543437745,1.4149887590403027,0,101404172818ecaa4e8211ba.json,2026-10-09,净值漂移推算,1,,100.0,100.0,0.0
ttfund__USHX03Y,永续型目标盈（测试）,天天基金/投顾,测试组合剔除,认购期,2026-10-09,2026-10-09,最新库内披露仓位,latest_observed_current,含非精确披露权重，未用推算权重替代；测试组合，仅显示状态,10,0,含非精确披露权重，未用推算权重替代；测试组合，仅显示状态,{},0,,,0,4ec70ed3bfc800b8f9401451.json,,缺少可用基金配置,0,缺少完整配置,,,
ttfund__8RYCYCL,沪深300精选,天天基金/投顾,正常运行,,2026-01-23,2026-10-09,最近完整官方调仓配置（模型权重）,official_rebalance_target,含非精确披露权重，未用推算权重替代,6,1,,"{""2026-06-30"": 100.00000000000001}",0,68.40535469875897,0.5544380491431466,0,52e2a03c9efe41226e71a9f4.json,2026-10-09,净值漂移推算,1,,100.00000000000001,100.00000000000001,0.0
ttfund__MHNKQEV,海外优选,天天基金/投顾,正常运行,,2025-09-23,2026-10-09,最近完整官方调仓配置（模型权重）,official_rebalance_target,含非精确披露权重，未用推算权重替代,14,1,,"{""2026-06-30"": 99.99999999999999}",0,11.486974985304805,0.2386523892820358,1,6e61b2607a9c1a09ad8f7875.json,2026-10-08,净值漂移推算,1,,99.99999999999999,99.99999999999999,0.0
ttfund__KGLO6KJ,海外股票精选,天天基金/投顾,正常运行,on_sale_window,2026-07-06,2026-10-09,最近完整官方调仓配置（模型权重）,official_rebalance_target,含非精确披露权重，未用推算权重替代,20,1,,"{""2026-06-30"": 91.04446524646558}",0,12.767544824000606,1.8098842523413543,4,fad6347d96efd404ee2bf3de.json,2026-07-15,净值漂移推算（净值较旧）,0,共同净值日期距观察日超过14天，未标为最新可用,91.04446524646558,91.04446524646558,8.95553475353443
ttfund__3ZG4OHZ,消费汉堡,天天基金/投顾,正常运行,on_sale_window,2026-01-22,2026-10-09,最近完整官方调仓配置（模型权重）,official_rebalance_target,含非精确披露权重，未用推算权重替代,4,1,,"{""2026-06-30"": 100.0}",0,0.1282019594701765,0.6137870650203648,0,7e0e4ad8ff1d233095348e2b.json,2026-10-09,净值漂移推算,1,,100.0,100.0,0.0
ttfund__O5KGYBW,涨乐混合指增优选,天天基金/投顾,正常运行,,2023-04-25,2026-10-09,最近完整官方调仓配置（模型权重）,official_rebalance_target,含非精确披露权重，未用推算权重替代,11,1,,"{""2026-06-30"": 99.99999999999999}",0,56.37422563461743,0.8995915367615053,0,89eb24794e86ee628dd5b1b9.json,2026-10-09,净值漂移推算,1,,99.99999999999999,99.99999999999999,0.0
ttfund__BEPOU9P,混合偏债收益增强策略,天天基金/投顾,正常运行,,2026-10-09,2026-10-09,最新库内披露仓位,latest_observed_current,,21,1,,"{""2026-06-30"": 99.99}",0,19.205969847127772,24.186055286272243,0,7015ef22c155444318e50839.json,2026-10-09,源端最新仓位占比,1,,99.99,99.99,0.0
ttfund__2VBD0WY,添富偏股先锋,天天基金/投顾,正常运行,,2026-10-09,2026-10-09,最新库内披露仓位,latest_observed_current,,15,1,,"{""2026-06-30"": 99.99000000000001}",0,49.12295245751846,0.11481898469630142,0,317021cc91cbd65b3823ba87.json,2026-10-09,源端最新仓位占比,1,,99.99000000000001,99.99000000000001,0.0
ttfund__0VDSNXX,添富平衡,天天基金/投顾,正常运行,,2023-11-30,2026-10-09,最近完整官方调仓配置（模型权重）,official_rebalance_target,含非精确披露权重，未用推算权重替代,11,1,,"{""2026-06-30"": 100.0}",0,40.35046241611257,7.52902525064087,0,59788cbfa1c83545632d528a.json,2023-11-30,披露配置（最新权重不可推算）,0,已有更新调仓记录但未通过完整配置核验，不能跨越该事件推算,100.0,100.0,0.0
ttfund__MPG2B8T,添富权益严选,天天基金/投顾,正常运行,,2022-03-28,2026-10-09,最近完整官方调仓配置（模型权重）,official_rebalance_target,含非精确披露权重，未用推算权重替代,11,1,,"{""2026-06-30"": 100.0}",0,73.22378212292284,0.704001103057049,0,bf3a1b2846d9d7e28f4a5a8b.json,2026-10-09,净值漂移推算,1,,100.0,100.0,0.0
ttfund__US7AIRR,添富理财佳,天天基金/投顾,正常运行,,2026-10-09,2026-10-09,最新库内披露仓位,latest_observed_current,,9,1,,"{""2026-06-30"": 99.98999999999998}",0,0.0,14.37759816244719,0,23b143c3f2a2d74c62188c86.json,2026-10-09,源端最新仓位占比,1,,99.98999999999998,99.98999999999998,0.0
ttfund__BV1UZFM,添富目标盈10期投顾服务,天天基金/投顾,已停止目标盈期次,已停止,2024-04-16,,最近完整官方调仓配置（模型权重）,official_rebalance_target,缺少当前基金仓位,13,1,,"{""2026-06-30"": 100.0}",0,17.72992967969176,13.309653913525704,0,78b8a1ec601b0d9473238426.json,2026-10-09,净值漂移推算,1,,100.0,100.0,0.0
ttfund__GTFVHR5,添富目标盈11期投顾服务,天天基金/投顾,已停止目标盈期次,已停止,2024-06-17,,最近完整官方调仓配置（模型权重）,official_rebalance_target,缺少当前基金仓位,13,1,,"{""2026-06-30"": 99.99999999999999}",0,17.674215799788673,13.320425099721003,0,fe35d4264012326b0391850c.json,2026-10-09,净值漂移推算,1,,99.99999999999999,99.99999999999999,0.0
ttfund__7K964EW,添富目标盈12期投顾服务,天天基金/投顾,已停止目标盈期次,已停止,2024-06-26,,最近完整官方调仓配置（模型权重）,official_rebalance_target,缺少当前基金仓位,13,1,,"{""2026-06-30"": 100.0}",0,13.757796834192932,13.00556606497885,0,bd8bd7268f8d7c6031acfe72.json,2026-10-09,净值漂移推算,1,,100.0,100.0,0.0
ttfund__BPU1PLF,添富目标盈13期投顾服务,天天基金/投顾,已停止目标盈期次,计划运作期已结束,2026-10-09,2026-10-09,最新库内披露仓位,latest_observed_current,,12,1,,"{""2026-06-30"": 100.00000000000001}",0,15.348628726685382,13.072049650336591,0,307a148bc82ecbbafb9fdf94.json,2026-10-09,源端最新仓位占比,1,,100.00000000000001,100.00000000000001,0.0
ttfund__C8F75G1,添富目标盈1期投顾服务,天天基金/投顾,已停止目标盈期次,已停止,2022-12-26,,最近完整官方调仓配置（模型权重）,official_rebalance_target,缺少当前基金仓位,13,1,,"{""2026-06-30"": 100.0}",0,13.845366461721909,14.178226929220301,0,cdc2bab79f9e57a05e078356.json,2022-12-26,披露配置（最新权重不可推算）,0,已有更新调仓记录但未通过完整配置核验，不能跨越该事件推算,100.0,100.0,0.0
ttfund__RVWRDLE,添富目标盈2期投顾服务,天天基金/投顾,已停止目标盈期次,计划运作期已结束,2023-03-31,2026-10-09,最近完整官方调仓配置（模型权重）,official_rebalance_target,含非精确披露权重，未用推算权重替代,13,1,,"{""2026-06-30"": 100.0}",0,18.71332411692058,13.204628527836025,0,bc355dbcb60c535cbf29c1d8.json,2026-10-09,净值漂移推算,1,,100.0,100.0,0.0
ttfund__1SFGK2K,添富目标盈3期投顾服务,天天基金/投顾,已停止目标盈期次,计划运作期已结束,2023-07-26,2026-10-09,最近完整官方调仓配置（模型权重）,official_rebalance_target,含非精确披露权重，未用推算权重替代,13,1,,"{""2026-06-30"": 99.99999999999999}",0,17.11461956384879,13.449520787860854,0,9f357bfd1b885575c3db679a.json,2026-10-09,净值漂移推算,1,,99.99999999999999,99.99999999999999,0.0
ttfund__OFF6YQF,添富目标盈4期投顾服务,天天基金/投顾,已停止目标盈期次,计划运作期已结束,2023-08-21,2026-10-09,最近完整官方调仓配置（模型权重）,official_rebalance_target,含非精确披露权重，未用推算权重替代,13,1,,"{""2026-06-30"": 100.00000000000001}",0,17.589779099324065,13.348629001375118,0,a4a7613fd410103ae58f0f6a.json,2026-10-09,净值漂移推算,1,,100.00000000000001,100.00000000000001,0.0
ttfund__TBJB6UU,添富目标盈5期投顾服务,天天基金/投顾,已停止目标盈期次,已停止,2023-10-19,,最近完整官方调仓配置（模型权重）,official_rebalance_target,缺少当前基金仓位,13,1,,"{""2026-06-30"": 100.0}",0,17.91322583665035,13.283307460165615,0,84d2e4d4c087a48aa74e111b.json,2026-10-09,净值漂移推算,1,,100.0,100.0,0.0
ttfund__9OEHZM1,添富目标盈6期投顾服务,天天基金/投顾,已停止目标盈期次,已停止,2023-12-08,,最近完整官方调仓配置（模型权重）,official_rebalance_target,缺少当前基金仓位,13,1,,"{""2026-06-30"": 99.99999999999997}",0,18.158773948683635,13.228709456593258,0,48d62f66d9341eacb8e92d45.json,2026-10-09,净值漂移推算,1,,99.99999999999997,99.99999999999997,0.0
ttfund__1GBSDE6,添富目标盈7期投顾服务,天天基金/投顾,已停止目标盈期次,已停止,2024-01-12,,最近完整官方调仓配置（模型权重）,official_rebalance_target,缺少当前基金仓位,13,1,,"{""2026-06-30"": 100.0}",0,18.393146310740796,13.176690651732377,0,d468cb489cc71628e9c1cb37.json,2026-10-09,净值漂移推算,1,,100.0,100.0,0.0
ttfund__XU2TKGQ,添富目标盈8期投顾服务,天天基金/投顾,已停止目标盈期次,已停止,2024-03-11,,最近完整官方调仓配置（模型权重）,official_rebalance_target,缺少当前基金仓位,13,1,,"{""2026-06-30"": 99.99999999999999}",0,17.831213067852026,13.286265290454372,0,1ff9ce59ec5925a3938d2704.json,2026-10-09,净值漂移推算,1,,99.99999999999999,99.99999999999999,0.0
ttfund__RIKYZRX,添富目标盈9期投顾服务,天天基金/投顾,已停止目标盈期次,已停止,2024-03-25,,最近完整官方调仓配置（模型权重）,official_rebalance_target,缺少当前基金仓位,13,1,,"{""2026-06-30"": 100.0}",0,18.00246113114053,13.254192651780212,0,1d254785dd43a3af8c817168.json,2026-10-09,净值漂移推算,1,,100.0,100.0,0.0
ttfund__1JPGKZJ,添富稳健严选,天天基金/投顾,正常运行,,2023-12-27,2026-10-09,最近完整官方调仓配置（模型权重）,official_rebalance_target,含非精确披露权重，未用推算权重替代,13,1,,"{""2026-06-30"": 100.00000000000001}",0,18.872241929308046,12.520127129700795,0,344e7297bd68079d8f275687.json,2026-10-09,净值漂移推算,1,,100.00000000000001,100.00000000000001,0.0
ttfund__QCYKCA2,添富稳健全球,天天基金/投顾,官方业绩未披露,,2023-12-20,,最近完整官方调仓配置（模型权重）,official_rebalance_target,缺少当前基金仓位,12,1,,"{""2026-06-30"": 99.99999999999999}",0,3.8178466388707624,10.814475687943052,0,883c547ad8ee7f3753c0b876.json,2023-12-20,披露配置（最新权重不可推算）,0,已有更新调仓记录但未通过完整配置核验，不能跨越该事件推算,99.99999999999999,99.99999999999999,0.0
ttfund__BZAZSAD,添富稳稳小确幸,天天基金/投顾,正常运行,,2023-11-30,2026-10-08,最近完整官方调仓配置（模型权重）,official_rebalance_target,含非精确披露权重，未用推算权重替代,13,1,,"{""2026-06-30"": 99.99999999999999}",0,18.240963055315227,12.637591650462976,0,a1a48310fd247012605f157b.json,2026-10-09,净值漂移推算,1,,99.99999999999999,99.99999999999999,0.0
ttfund__KLJMUB0,添富纯债精选,天天基金/投顾,正常运行,,2026-10-09,2026-10-09,最新库内披露仓位,latest_observed_current,,14,1,,"{""2026-06-30"": 100.00999999999999}",0,0.0,17.93631790419719,0,ea2003d98d9b8762e0fccac9.json,2026-10-09,源端最新仓位占比,1,,100.00999999999999,100.00999999999999,0.0
ttfund__3PCFE3U,添富跟我投,天天基金/投顾,正常运行,,2024-11-06,2026-10-09,最近完整官方调仓配置（模型权重）,official_rebalance_target,含非精确披露权重，未用推算权重替代,19,1,,"{""2026-06-30"": 100.00000000000003}",0,58.615643435784555,0.5584296811150437,1,2a90c52791a6f99acfd921a1.json,2026-10-08,净值漂移推算,1,,100.00000000000003,100.00000000000003,0.0
ttfund__5TBCFT7,清流优选债基,天天基金/投顾,正常运行,,2025-08-21,2026-10-09,最近完整官方调仓配置（模型权重）,official_rebalance_target,含非精确披露权重，未用推算权重替代,8,1,,"{""2026-06-30"": 100.0}",0,0.0,24.843633591322167,0,9039b575bea4dc480adafd57.json,2026-10-09,净值漂移推算,1,,100.0,100.0,0.0
ttfund__ZK9BHBU,滚雪时代,天天基金/投顾,正常运行,,2026-09-24,2026-10-09,最近完整官方调仓配置（模型权重）,official_rebalance_target,含非精确披露权重，未用推算权重替代,9,1,,"{""2026-06-30"": 100.00000000000001}",0,9.38219272307423,20.09684609408255,0,1e129c0a037a8243b17635bb.json,2026-10-09,净值漂移推算,1,,100.00000000000001,100.00000000000001,0.0
ttfund__GQNBKYD,滴水穿石,天天基金/投顾,正常运行,,2026-03-04,2026-10-09,最近完整官方调仓配置（模型权重）,official_rebalance_target,含非精确披露权重，未用推算权重替代,15,1,,"{""2026-06-30"": 100.0}",0,65.61148431785374,5.134603413087207,0,82741bdebd82b307a6acf07e.json,2026-03-04,披露配置（最新权重不可推算）,0,已有更新调仓记录但未通过完整配置核验，不能跨越该事件推算,100.0,100.0,0.0
ttfund__FMHW2AK,牛二十精选,天天基金/投顾,正常运行,on_sale_window,2025-08-29,2026-10-09,最近完整官方调仓配置（模型权重）,official_rebalance_target,含非精确披露权重，未用推算权重替代,14,1,,"{""2026-06-30"": 100.0}",0,37.356258124908415,2.4042880243741847,1,fc5a44919b5a5650280811cb.json,2026-10-08,净值漂移推算,1,,100.0,100.0,0.0
ttfund__OZMMLUQ,玄奘安鑫,天天基金/投顾,正常运行,,2022-05-26,2026-10-09,最近完整官方调仓配置（模型权重）,official_rebalance_target,含非精确披露权重，未用推算权重替代,8,1,,"{""2026-06-30"": 100.0}",0,0.0,22.61660133320153,0,5c54e783b234ec645aaab5fd.json,2026-10-09,净值漂移推算,1,,100.0,100.0,0.0
ttfund__G7RDSWZ,理财小加,天天基金/投顾,正常运行,,2025-08-06,2026-10-08,最近完整官方调仓配置（模型权重）,official_rebalance_target,含非精确披露权重，未用推算权重替代,23,1,,"{""2026-06-30"": 100.0}",0,4.499118037646043,16.893756930997007,0,c7a6962c30bde11b6298219a.json,2026-10-08,净值漂移推算,1,,100.0,100.0,0.0
ttfund__6PNS7NV,瑞鹤指增宝,天天基金/投顾,正常运行,,2026-10-09,2026-10-09,最新库内披露仓位,latest_observed_current,,9,1,,"{""2026-06-30"": 100.01}",0,54.41553614847348,0.8681736437293325,0,a453f4e87b9d143d9245dee5.json,2026-10-09,源端最新仓位占比,1,,100.01,100.01,0.0
ttfund__VCKEF1O,申万菱信小目标第01期,天天基金/投顾,已停止目标盈期次,计划运作期已结束,2026-10-09,2026-10-09,最新库内披露仓位,latest_observed_current,,1,1,,"{""2026-06-30"": 100.0}",0,0.0,13.055645619627034,0,5fe6bab1e55c0c4297ac6f44.json,2026-10-09,源端最新仓位占比,1,,100.0,100.0,0.0
ttfund__B8X7QR1,申万菱信小目标第02期,天天基金/投顾,已停止目标盈期次,计划运作期已结束,2026-10-08,2026-10-08,最新库内披露仓位,latest_observed_current,,13,1,,"{""2026-06-30"": 99.98999999999998}",0,10.915092675801983,16.019868401465835,0,2dca53ec4e8e165ddf4021d2.json,2026-10-08,源端最新仓位占比,1,源端占比直接使用；净值滚动未执行：缺少基准日之后净值：012954,99.98999999999998,99.98999999999998,0.0
ttfund__J3SCBYO,申万菱信小目标第03期,天天基金/投顾,已停止目标盈期次,已停止,2023-10-30,,最近完整官方调仓配置（模型权重）,official_rebalance_target,缺少当前基金仓位,15,1,,"{""2026-06-30"": 99.99999999999999}",0,12.540409986231337,13.12028034126641,0,1ad5eacd326e3d7d1ce9cd88.json,2026-10-09,净值漂移推算,1,,99.99999999999999,99.99999999999999,0.0
ttfund__5UJJ9SH,申万菱信幸福理财+,天天基金/投顾,正常运行,,2025-09-22,2026-10-09,最近完整官方调仓配置（模型权重）,official_rebalance_target,含非精确披露权重，未用推算权重替代,18,1,,"{""2026-06-30"": 99.99999999999997}",0,16.012123707305975,15.364415347833887,0,74c26ca20c399e98327edb8c.json,2026-10-09,净值漂移推算,1,,99.99999999999997,99.99999999999997,0.0
ttfund__BSZLOCV,申万菱信智慧目标投第10期,天天基金/投顾,已停止目标盈期次,已停止,2024-08-09,,最近完整官方调仓配置（模型权重）,official_rebalance_target,缺少当前基金仓位,15,1,,"{""2026-06-30"": 100.0}",0,8.064983764128792,13.60987336040204,0,b9911c37008520c275eba0c0.json,2024-08-09,披露配置（最新权重不可推算）,0,已有更新调仓记录但未通过完整配置核验，不能跨越该事件推算,100.0,100.0,0.0
ttfund__0N3T4JI,申万菱信智慧目标投第11期,天天基金/投顾,已停止目标盈期次,已停止,2024-10-11,,最近完整官方调仓配置（模型权重）,official_rebalance_target,缺少当前基金仓位,15,1,,"{""2026-06-30"": 100.00000000000001}",0,7.928604394651591,13.295310286587181,0,ccb1045dc7ba561a2250a8e3.json,2026-10-09,净值漂移推算,1,,100.00000000000001,100.00000000000001,0.0
ttfund__SOSYT0H,申万菱信智慧目标投第12期,天天基金/投顾,已停止目标盈期次,已停止,2024-11-13,,最近完整官方调仓配置（模型权重）,official_rebalance_target,缺少当前基金仓位,15,1,,"{""2026-06-30"": 100.0}",0,8.6668091616736,13.266100852420532,0,167d5c7cae42e0b553c8f178.json,2026-10-09,净值漂移推算,1,,100.0,100.0,0.0
ttfund__A2HICVR,申万菱信智慧目标投第13期,天天基金/投顾,已停止目标盈期次,已停止,2025-01-14,,最近完整官方调仓配置（模型权重）,official_rebalance_target,缺少当前基金仓位,15,1,,"{""2026-06-30"": 100.0}",0,8.527288294308867,13.58852189778096,0,9153096d964cb0f24acfca7b.json,2025-01-14,披露配置（最新权重不可推算）,0,已有更新调仓记录但未通过完整配置核验，不能跨越该事件推算,100.0,100.0,0.0
ttfund__BRRD1D1,申万菱信智慧目标投第14期,天天基金/投顾,已停止目标盈期次,已停止,2025-02-13,,最近完整官方调仓配置（模型权重）,official_rebalance_target,缺少当前基金仓位,15,1,,"{""2026-06-30"": 100.00000000000001}",0,8.364567389866538,13.30102814806896,0,4657aeabc65c87693d1ded9f.json,2026-10-09,净值漂移推算,1,,100.00000000000001,100.00000000000001,0.0
ttfund__O4WMRPQ,申万菱信智慧目标投第15期,天天基金/投顾,已停止目标盈期次,已停止,2025-07-11,,最近完整官方调仓配置（模型权重）,official_rebalance_target,缺少当前基金仓位,10,1,,"{""2026-06-30"": 100.0}",0,0.0,15.029022608199945,0,1a942ef183d84682b874bd4c.json,2026-10-09,净值漂移推算,1,,100.0,100.0,0.0
ttfund__MX7IF1T,申万菱信智慧目标投第16期,天天基金/投顾,已停止目标盈期次,已停止,2025-10-13,,最近完整官方调仓配置（模型权重）,official_rebalance_target,缺少当前基金仓位,10,1,,"{""2026-06-30"": 99.99999999999999}",0,0.0,13.758283896039227,0,71aef5e9d9dc8f5ac40ea238.json,2026-10-09,净值漂移推算,1,,99.99999999999999,99.99999999999999,0.0
ttfund__TKRSWJI,申万菱信智慧目标投第17期,天天基金/投顾,已停止目标盈期次,已停止,2025-10-22,,最近完整官方调仓配置（模型权重）,official_rebalance_target,缺少当前基金仓位,16,1,,"{""2026-06-30"": 100.0}",0,7.649689947318041,14.625312919809875,0,bf8d92a7b67382c62c6ac16c.json,2025-10-22,披露配置（最新权重不可推算）,0,已有更新调仓记录但未通过完整配置核验，不能跨越该事件推算,100.0,100.0,0.0
ttfund__PDFPZ7H,申万菱信智慧目标投第18期,天天基金/投顾,已停止目标盈期次,已停止,2026-01-14,,最近完整官方调仓配置（模型权重）,official_rebalance_target,缺少当前基金仓位,10,1,,"{""2026-06-30"": 99.99999999999999}",0,0.0,13.759200317031594,0,7a2465886cf65d8f49ce07a3.json,2026-10-09,净值漂移推算,1,,99.99999999999999,99.99999999999999,0.0
ttfund__043KGLW,申万菱信智慧目标投第19期,天天基金/投顾,目标盈期次,止盈观察期,2026-10-09,2026-10-09,最新库内披露仓位,latest_observed_current,,17,1,,"{""2026-06-30"": 99.99000000000001}",0,6.091573103578762,13.983627194040388,0,8fbb99e0ecf4476bfee63f4a.json,2026-10-09,源端最新仓位占比,1,,99.99000000000001,99.99000000000001,0.0
ttfund__01VPJAL,申万菱信智慧目标投第1期,天天基金/投顾,已停止目标盈期次,已停止,2023-08-11,,最近完整官方调仓配置（模型权重）,official_rebalance_target,缺少当前基金仓位,13,1,,"{""2026-06-30"": 99.99999999999999}",0,7.539223856396336,13.409784566823603,0,d56641ee5e0a8c491aed25fc.json,2026-10-09,净值漂移推算,1,,99.99999999999999,99.99999999999999,0.0
ttfund__GRJYSHD,申万菱信智慧目标投第2期,天天基金/投顾,已停止目标盈期次,已停止,2023-11-27,,最近完整官方调仓配置（模型权重）,official_rebalance_target,缺少当前基金仓位,15,1,,"{""2026-06-30"": 100.00000000000001}",0,8.848856879198106,11.859425629074009,0,1b33889cbeee7960592dae72.json,2026-10-09,净值漂移推算,1,,100.00000000000001,100.00000000000001,0.0
ttfund__VJZN8E6,申万菱信智慧目标投第3期,天天基金/投顾,已停止目标盈期次,已停止,2024-03-08,,最近完整官方调仓配置（模型权重）,official_rebalance_target,缺少当前基金仓位,9,1,,"{""2026-06-30"": 100.0}",0,1.2950414976319997,13.989308793965012,0,116a4117ebb807759dd36c13.json,2026-10-09,净值漂移推算,1,,100.0,100.0,0.0
ttfund__O7VLYBL,申万菱信智慧目标投第4期,天天基金/投顾,已停止目标盈期次,已停止,2024-04-23,,最近完整官方调仓配置（模型权重）,official_rebalance_target,缺少当前基金仓位,10,1,,"{""2026-06-30"": 100.0}",0,1.279314233075708,15.866964679559807,0,fa8f72ef966fbadc512e5e24.json,2026-10-09,净值漂移推算,1,,100.0,100.0,0.0
ttfund__KA8QXFG,申万菱信智慧目标投第5期,天天基金/投顾,已停止目标盈期次,已停止,2024-03-06,,最近完整官方调仓配置（模型权重）,official_rebalance_target,缺少当前基金仓位,15,1,,"{""2026-06-30"": 100.0}",0,7.811158916778386,12.313964413801669,0,df143f3923267b390f68c289.json,2024-03-06,披露配置（最新权重不可推算）,0,已有更新调仓记录但未通过完整配置核验，不能跨越该事件推算,100.0,100.0,0.0
ttfund__YSRDZRK,申万菱信智慧目标投第6期,天天基金/投顾,已停止目标盈期次,已停止,2024-04-12,,最近完整官方调仓配置（模型权重）,official_rebalance_target,缺少当前基金仓位,15,1,,"{""2026-06-30"": 100.0}",0,7.811158916778386,12.313964413801669,0,2bccb76b2ee2b4811c321211.json,2024-04-12,披露配置（最新权重不可推算）,0,已有更新调仓记录但未通过完整配置核验，不能跨越该事件推算,100.0,100.0,0.0
ttfund__RNQWHCZ,申万菱信智慧目标投第7期,天天基金/投顾,已停止目标盈期次,已停止,2024-07-01,,最近完整官方调仓配置（模型权重）,official_rebalance_target,缺少当前基金仓位,16,1,,"{""2026-06-30"": 100.00000000000001}",0,7.5138051199365785,13.258418874883484,0,290c54eb1f46ebdff5aba479.json,2026-10-09,净值漂移推算,1,,100.00000000000001,100.00000000000001,0.0
ttfund__GUKZK4L,申万菱信智慧目标投第8期,天天基金/投顾,已停止目标盈期次,已停止,2024-05-31,,最近完整官方调仓配置（模型权重）,official_rebalance_target,缺少当前基金仓位,15,1,,"{""2026-06-30"": 100.0}",0,8.2429297567858,13.324249761250664,0,a1ed09f904279a951f943c62.json,2024-05-31,披露配置（最新权重不可推算）,0,已有更新调仓记录但未通过完整配置核验，不能跨越该事件推算,100.0,100.0,0.0
ttfund__OTZLGJ3,申万菱信智慧目标投第9期,天天基金/投顾,已停止目标盈期次,已停止,2024-06-06,,最近完整官方调仓配置（模型权重）,official_rebalance_target,缺少当前基金仓位,15,1,,"{""2026-06-30"": 100.0}",0,8.2429297567858,13.324249761250664,0,beefe20dc5294f9f86d29474.json,2024-06-06,披露配置（最新权重不可推算）,0,已有更新调仓记录但未通过完整配置核验，不能跨越该事件推算,100.0,100.0,0.0
ttfund__EOM0KLF,申万菱信美好生活,天天基金/投顾,正常运行,,2026-07-13,2026-10-09,最近完整官方调仓配置（模型权重）,official_rebalance_target,含非精确披露权重，未用推算权重替代,13,1,,"{""2026-06-30"": 99.99999999999997}",0,54.98149279898863,0.4625572766273386,0,e43e350f1401a0c218e77fb9.json,2026-10-09,净值漂移推算,1,,99.99999999999997,99.99999999999997,0.0
ttfund__SRW0GMX,申度平衡,天天基金/投顾,正常运行,,2026-07-14,2026-10-09,最近完整官方调仓配置（模型权重）,official_rebalance_target,含非精确披露权重，未用推算权重替代,18,1,,"{""2026-06-30"": 100.00000000000001}",0,25.68733598242,7.384078240437198,0,da9ea402f95f20b6582b3873.json,2026-10-09,净值漂移推算,1,,100.00000000000001,100.00000000000001,0.0
ttfund__FD0O1WC,申度稳健,天天基金/投顾,正常运行,on_sale_window,2026-07-07,2026-10-09,最近完整官方调仓配置（模型权重）,official_rebalance_target,含非精确披露权重，未用推算权重替代,15,1,,"{""2026-06-30"": 100.0}",0,15.0646229922042,8.820335374034334,0,e03341ef5fa2f46e09f4491a.json,2026-10-09,净值漂移推算,1,,100.0,100.0,0.0
ttfund__DQVNAOK,申度进取,天天基金/投顾,正常运行,,2026-10-09,2026-10-09,最近完整官方调仓配置（模型权重）,official_rebalance_target,含非精确披露权重，未用推算权重替代,12,1,,"{""2026-06-30"": 100.0}",0,51.2137051472962,3.735007109419762,0,c6fd3f43e4df7558b3329e09.json,2026-10-09,最新源端模型配置占比,1,,100.0,100.0,0.0
ttfund__GKAYXRN,盈添安心,天天基金/投顾,正常运行,,2023-10-19,2026-10-09,最近完整官方调仓配置（模型权重）,official_rebalance_target,含非精确披露权重，未用推算权重替代,14,1,,"{""2026-06-30"": 100.00000000000001}",0,21.380346732514816,17.102399080834576,0,dcf094af4f5b23e051e23fe0.json,2026-10-08,净值漂移推算,1,,100.00000000000001,100.00000000000001,0.0
ttfund__M8UZQJZ,盈添宽基轮动,天天基金/投顾,正常运行,,2023-04-20,2026-10-09,最近完整官方调仓配置（模型权重）,official_rebalance_target,含非精确披露权重，未用推算权重替代,13,1,,"{""2026-06-30"": 100.0}",0,33.392155722522155,2.574903315052904,0,0d9655e0764b2e4034be34f2.json,2023-04-20,披露配置（最新权重不可推算）,0,已有更新调仓记录但未通过完整配置核验，不能跨越该事件推算,100.0,100.0,0.0
ttfund__UVOF010,盈添平衡,天天基金/投顾,正常运行,,2023-07-17,2026-10-09,最近完整官方调仓配置（模型权重）,official_rebalance_target,含非精确披露权重，未用推算权重替代,14,1,,"{""2026-06-30"": 100.0}",0,30.805072590056128,13.666575971062283,1,b3ecbbab7725492a34fe9101.json,2023-07-17,披露配置（最新权重不可推算）,0,已有更新调仓记录但未通过完整配置核验，不能跨越该事件推算,100.0,100.0,0.0
ttfund__ENPOINA,盈添进取,天天基金/投顾,正常运行,on_sale_window,2023-07-17,2026-10-09,最近完整官方调仓配置（模型权重）,official_rebalance_target,含非精确披露权重，未用推算权重替代,14,1,,"{""2026-06-30"": 100.0}",0,46.39970159618872,3.7659116850718086,1,09d7c438a708abdabebbef44.json,2023-07-17,披露配置（最新权重不可推算）,0,已有更新调仓记录但未通过完整配置核验，不能跨越该事件推算,100.0,100.0,0.0
ttfund__K055GGH,省心投1000指增优选,天天基金/投顾,正常运行,,2025-05-08,2026-10-09,最近完整官方调仓配置（模型权重）,official_rebalance_target,含非精确披露权重，未用推算权重替代,9,1,,"{""2026-06-30"": 100.0}",0,51.12248425587641,0.48623928326480664,0,4a0f013f05d0ef496c8a11fa.json,2026-10-09,净值漂移推算,1,,100.0,100.0,0.0
ttfund__WJOMCF4,省心投500指增优选,天天基金/投顾,正常运行,,2026-05-27,2026-10-09,最近完整官方调仓配置（模型权重）,official_rebalance_target,含非精确披露权重，未用推算权重替代,11,1,,"{""2026-06-30"": 100.00000000000003}",0,52.59735852016712,1.2509955714638203,0,3f42444f6e7d772b897b8b33.json,2026-10-09,净值漂移推算,1,,100.00000000000003,100.00000000000003,0.0
ttfund__J01SBVL,省心投A500指增优选,天天基金/投顾,正常运行,,2025-06-17,2026-10-09,最近完整官方调仓配置（模型权重）,official_rebalance_target,含非精确披露权重，未用推算权重替代,10,1,,"{""2026-06-30"": 100.0}",0,66.43843954511536,2.2070936359750846,0,e5aa627da686580af53565d5.json,2025-06-17,披露配置（最新权重不可推算）,0,已有更新调仓记录但未通过完整配置核验，不能跨越该事件推算,100.0,100.0,0.0
ttfund__6G0EANJ,省心投中美双500,天天基金/投顾,正常运行,on_sale_window,2026-06-09,2026-10-09,最近完整官方调仓配置（模型权重）,official_rebalance_target,含非精确披露权重，未用推算权重替代,14,1,,"{""2026-06-30"": 100.0}",0,29.51023595183373,1.2193128222630565,2,13f3f7d00d7fcde8c1e96250.json,2026-10-08,净值漂移推算,1,,100.0,100.0,0.0
ttfund__VPMHSD3,省心投多元领航,天天基金/投顾,正常运行,on_sale_window,2026-05-11,2026-10-09,最近完整官方调仓配置（模型权重）,official_rebalance_target,含非精确披露权重，未用推算权重替代,15,1,,"{""2026-06-30"": 100.0}",0,26.1045835681944,1.5409739605411945,1,92eac881a1214f7ee357595b.json,2026-10-08,净值漂移推算,1,,100.0,100.0,0.0
ttfund__SVB9EZD,省心投安盈全球尊享策略,天天基金/投顾,正常运行,,2026-09-15,2026-10-09,最近完整官方调仓配置（模型权重）,official_rebalance_target,含非精确披露权重，未用推算权重替代,23,1,,"{""2026-06-30"": 99.99999999999999}",0,9.336838570671814,10.064693976740148,4,bd6eec60829f5c38b2e1c850.json,2026-10-08,净值漂移推算,1,,99.99999999999999,99.99999999999999,0.0
ttfund__IT1SMVP,省心投幸福稳稳,天天基金/投顾,正常运行,listed,2025-03-19,2026-10-09,最近完整官方调仓配置（模型权重）,official_rebalance_target,含非精确披露权重，未用推算权重替代,29,1,,"{""2026-06-30"": 99.99999999999997}",0,2.834745406027836,14.026803962780196,0,8537c6c30667ddccc7febea5.json,2025-03-19,披露配置（最新权重不可推算）,0,已有更新调仓记录但未通过完整配置核验，不能跨越该事件推算,99.99999999999997,99.99999999999997,0.0
ttfund__DAHYT6J,省心投成长动力,天天基金/投顾,正常运行,,2026-03-12,2026-10-09,最近完整官方调仓配置（模型权重）,official_rebalance_target,含非精确披露权重，未用推算权重替代,12,1,,"{""2026-06-30"": 99.99999999999999}",0,29.567736655293874,3.776270340412033,0,0165f93ad464940c604db069.json,2026-10-09,净值漂移推算,1,,99.99999999999999,99.99999999999999,0.0
ttfund__UZJS1U3,省心投曾赢全球尊享策略,天天基金/投顾,正常运行,,2026-09-15,2026-10-09,最近完整官方调仓配置（模型权重）,official_rebalance_target,含非精确披露权重，未用推算权重替代,24,1,,"{""2026-06-30"": 100.00000000000001}",0,11.861947301068298,9.989893672136587,4,9fc837c0765fa86d99250efd.json,2026-10-08,净值漂移推算,1,,100.00000000000001,100.00000000000001,0.0
ttfund__UFPW1GJ,省心投步步盈,天天基金/投顾,正常运行,,2026-09-15,2026-10-09,最近完整官方调仓配置（模型权重）,official_rebalance_target,含非精确披露权重，未用推算权重替代,23,1,,"{""2026-06-30"": 100.0}",0,4.271475693377555,10.61595380378645,4,bda27d29b2906f052ea1b2b1.json,2026-10-08,净值漂移推算,1,,100.0,100.0,0.0
ttfund__XIOJ8QJ,省心投步步盈2期,天天基金/投顾,正常运行,,2026-09-15,2026-10-09,最近完整官方调仓配置（模型权重）,official_rebalance_target,含非精确披露权重，未用推算权重替代,23,1,,"{""2026-06-30"": 100.0}",0,5.933223137694824,10.481011320985473,4,3360486d98cef8f49725cc06.json,2026-10-08,净值漂移推算,1,,100.0,100.0,0.0
ttfund__DE8JLRD,省心投步步盈3期,天天基金/投顾,正常运行,,2026-09-15,2026-10-09,最近完整官方调仓配置（模型权重）,official_rebalance_target,含非精确披露权重，未用推算权重替代,23,1,,"{""2026-06-30"": 99.99999999999997}",0,8.840737597698345,10.297445371180531,4,e116d560d72fd8630907a0a3.json,2026-10-08,净值漂移推算,1,,99.99999999999997,99.99999999999997,0.0
ttfund__4JFXPN3,省心投步步盈4期,天天基金/投顾,正常运行,,2026-09-15,2026-10-09,最近完整官方调仓配置（模型权重）,official_rebalance_target,含非精确披露权重，未用推算权重替代,22,1,,"{""2026-06-30"": 99.99999999999997}",0,6.891354495743059,11.106883571632787,3,03db75689100bcc6b52aa487.json,2026-10-08,净值漂移推算,1,,99.99999999999997,99.99999999999997,0.0
ttfund__LM3FTRP,省心投步步盈5期,天天基金/投顾,正常运行,,2026-09-15,2026-10-09,最近完整官方调仓配置（模型权重）,official_rebalance_target,含非精确披露权重，未用推算权重替代,25,1,,"{""2026-06-30"": 100.00000000000004}",0,6.338413790739417,11.350650262232662,1,cdf7e06806d1c08328a6ef6c.json,2026-10-08,净值漂移推算,1,,100.00000000000004,100.00000000000004,0.0
ttfund__JNLCAYT,省心投步步盈6期,天天基金/投顾,正常运行,,2026-08-25,2026-10-09,最近完整官方调仓配置（模型权重）,official_rebalance_target,含非精确披露权重，未用推算权重替代,23,1,,"{""2026-06-30"": 99.99999999999999}",0,3.7612533450065286,11.82727108561589,4,faf890db446315e58789fcba.json,2026-10-08,净值漂移推算,1,,99.99999999999999,99.99999999999999,0.0
ttfund__A0PA9ZT,省心投活钱加,天天基金/投顾,正常运行,,2024-11-25,2026-10-09,最近完整官方调仓配置（模型权重）,official_rebalance_target,含非精确披露权重，未用推算权重替代,17,1,,"{""2026-06-30"": 99.99999999999997}",0,0.0,12.564311234728955,0,390bdb00d32484820c68db90.json,2026-10-09,净值漂移推算,1,,99.99999999999997,99.99999999999997,0.0
ttfund__H040SJM,省心投混合指增优选,天天基金/投顾,正常运行,,2026-09-24,2026-10-08,最近完整官方调仓配置（模型权重）,official_rebalance_target,含非精确披露权重，未用推算权重替代,12,1,,"{""2026-06-30"": 99.99999999999999}",0,56.46498172431376,0.8884015667913809,0,fff2c265eb4af65fb064e2e7.json,2026-10-09,净值漂移推算,1,,99.99999999999999,99.99999999999999,0.0
ttfund__GJWP9WU,省心投稳进小目标,天天基金/投顾,目标盈期次,认购期,2026-08-13,2026-10-09,最近完整官方调仓配置（模型权重）,official_rebalance_target,含非精确披露权重，未用推算权重替代,16,1,,"{""2026-06-30"": 100.00000000000001}",0,12.723587623047754,13.297310524543144,0,f6f7b8027f5867cbdb4d52e0.json,2026-10-09,净值漂移推算,1,,100.00000000000001,100.00000000000001,0.0
ttfund__UOJM3DN,省心投红利增强,天天基金/投顾,正常运行,,2026-08-03,2026-10-09,最近完整官方调仓配置（模型权重）,official_rebalance_target,含非精确披露权重，未用推算权重替代,13,1,,"{""2026-06-30"": 99.99999999999996}",0,11.372317371780191,0.49560995342236225,0,f231d8dac4d4113df65b097a.json,2026-10-09,净值漂移推算,1,,99.99999999999996,99.99999999999996,0.0
ttfund__4UYQMFR,省心投裕盈全球尊享策略,天天基金/投顾,正常运行,,2026-09-15,2026-10-09,最近完整官方调仓配置（模型权重）,official_rebalance_target,含非精确披露权重，未用推算权重替代,20,1,,"{""2026-06-30"": 100.00000000000001}",0,5.5625004753152965,11.122000919895768,2,7d99b401e1d9d81b6ab8ffb6.json,2026-10-08,净值漂移推算,1,,100.00000000000001,100.00000000000001,0.0
ttfund__STBTVKT,省心投货币宝,天天基金/投顾,正常运行,,2024-06-21,2026-10-09,最近完整官方调仓配置（模型权重）,official_rebalance_target,含非精确披露权重，未用推算权重替代,7,1,,"{""2026-06-30"": 100.0}",0,0.0,14.370737345544086,0,2ecd705d55f6e3c943774f2d.json,2026-10-09,净值漂移推算,1,,100.0,100.0,0.0
ttfund__ZUYS1HU,省心投配置宝,天天基金/投顾,正常运行,on_sale_window,2026-08-11,2026-10-09,最近完整官方调仓配置（模型权重）,official_rebalance_target,含非精确披露权重，未用推算权重替代,33,1,,"{""2026-06-30"": 99.99999999999999}",0,4.667501898521136,17.07757053558273,2,d700108fe6ddb22290de3db6.json,2026-10-08,净值漂移推算,1,,99.99999999999999,99.99999999999999,0.0
ttfund__FO2PW4C,省心投锐盈全球尊享,天天基金/投顾,正常运行,,2026-09-15,2026-10-09,最近完整官方调仓配置（模型权重）,official_rebalance_target,含非精确披露权重，未用推算权重替代,20,1,,"{""2026-06-30"": 100.0}",0,10.596054933985021,8.935045979157604,2,e75f0e0a76b3cd0e9cd8de6a.json,2026-10-08,净值漂移推算,1,,100.0,100.0,0.0
ttfund__INJMZUS,省心投默默赢全球尊享策略,天天基金/投顾,正常运行,,2026-09-01,2026-10-09,最近完整官方调仓配置（模型权重）,official_rebalance_target,含非精确披露权重，未用推算权重替代,29,1,,"{""2026-06-30"": 100.00000000000001}",0,10.681513505414859,14.594051393910977,3,3c1e26898e8ddff4acdee640.json,2026-10-08,净值漂移推算,1,,100.00000000000001,100.00000000000001,0.0
ttfund__MY1U1JE,省心科技优选,天天基金/投顾,正常运行,on_sale_window,2026-05-21,2026-10-09,最近完整官方调仓配置（模型权重）,official_rebalance_target,含非精确披露权重，未用推算权重替代,20,1,,"{""2026-06-30"": 99.99999999999999}",0,40.43037602313976,1.8917357844109204,0,a211f584a8f726d42e0f4c1d.json,2026-10-08,净值漂移推算,1,,99.99999999999999,99.99999999999999,0.0
ttfund__ZZJFZQK,睿安盈-天天尊享,天天基金/投顾,正常运行,,2023-03-10,2026-10-09,最近完整官方调仓配置（模型权重）,official_rebalance_target,含非精确披露权重，未用推算权重替代,12,1,,"{""2026-06-30"": 99.99999999999999}",0,0.0,14.735971179918325,0,03a941873760b80a40f4fd96.json,2026-10-09,净值漂移推算,1,,99.99999999999999,99.99999999999999,0.0
ttfund__VGIGJXY,睿平衡-天天尊享,天天基金/投顾,正常运行,,2025-09-24,2026-10-09,最近完整官方调仓配置（模型权重）,official_rebalance_target,含非精确披露权重，未用推算权重替代,20,1,,"{""2026-06-30"": 99.99999999999999}",0,27.609805193302698,15.25245299784404,0,bb91faba49c4fe3e607cb5f3.json,2026-10-09,净值漂移推算,1,,99.99999999999999,99.99999999999999,0.0
ttfund__M06GNPI,睿盈指数趋势轮动,天天基金/投顾,正常运行,,2026-08-11,2026-10-09,最近完整官方调仓配置（模型权重）,official_rebalance_target,含非精确披露权重，未用推算权重替代,6,1,,"{""2026-06-30"": 99.99999999999999}",0,0.0,4.113220243622384,0,5da4da954a9b08cf46a4ac72.json,2026-10-09,净值漂移推算,1,,99.99999999999999,99.99999999999999,0.0
ttfund__GQRPIPX,睿稳健-天天尊享,天天基金/投顾,正常运行,,2025-09-24,2026-10-09,最近完整官方调仓配置（模型权重）,official_rebalance_target,含非精确披露权重，未用推算权重替代,21,1,,"{""2026-06-30"": 100.00000000000001}",0,8.697479873094025,23.36804663188058,0,d5517a045e0803f604ba8223.json,2026-10-09,净值漂移推算,1,,100.00000000000001,100.00000000000001,0.0
ttfund__JB8DOBJ,睿精选-天天尊享,天天基金/投顾,正常运行,,2024-06-18,2026-10-09,最近完整官方调仓配置（模型权重）,official_rebalance_target,含非精确披露权重，未用推算权重替代,19,1,,"{""2026-06-30"": 100.0}",0,57.36911014613625,2.16710694480023,0,c7856c5cd16b5d0b8417df78.json,2024-06-18,披露配置（最新权重不可推算）,0,已有更新调仓记录但未通过完整配置核验，不能跨越该事件推算,100.0,100.0,0.0
ttfund__UCL5UFQ,睿精选港股-天天尊享,天天基金/投顾,正常运行,,2023-04-25,2026-10-09,最近完整官方调仓配置（模型权重）,official_rebalance_target,含非精确披露权重，未用推算权重替代,12,1,,"{""2026-06-30"": 100.0}",0,56.458416959961035,0.28849632033720474,0,39b27876ddf56a716dec5f82.json,2026-10-09,净值漂移推算,1,,100.0,100.0,0.0
ttfund__91NE3OR,砺远+,天天基金/投顾,信号类组合,on_sale_window,2026-10-09,2026-10-09,最新库内披露仓位,latest_observed_current,基金权重缺失或无效；含非精确披露权重，未用推算权重替代；信号组合，未按真实基金配置穿透,19,0,基金权重缺失或无效；含非精确披露权重，未用推算权重替代；信号组合，未按真实基金配置穿透,{},0,,,0,0e3e72a6a2bf10c0d846f18d.json,,缺少可用基金配置,0,缺少完整配置,,,
ttfund__5XTTODJ,砺远价值,天天基金/投顾,正常运行,,2026-03-04,2026-10-09,最近完整官方调仓配置（模型权重）,official_rebalance_target,含非精确披露权重，未用推算权重替代,16,1,,"{""2026-06-30"": 100.00000000000001}",0,63.644258244877875,2.593098193477362,0,5afbe216ab5e341ad9e69c83.json,2026-10-09,净值漂移推算,1,,100.00000000000001,100.00000000000001,0.0
ttfund__CS4ZFQH,砺远天颐,天天基金/投顾,正常运行,,2025-09-18,2026-10-09,最近完整官方调仓配置（模型权重）,official_rebalance_target,含非精确披露权重，未用推算权重替代,9,1,,"{""2026-06-30"": 100.0}",0,26.183446900559325,11.955638008241444,0,243586c63774442a835a535f.json,2026-10-09,净值漂移推算,1,,100.0,100.0,0.0
ttfund__W6ISUDA,砺远平衡,天天基金/投顾,正常运行,,2026-03-05,2026-10-09,最近完整官方调仓配置（模型权重）,official_rebalance_target,含非精确披露权重，未用推算权重替代,12,1,,"{""2026-06-30"": 99.99999999999999}",0,40.056773468334306,9.98161841340849,0,c7473f81229e774bdef158ce.json,2026-10-09,净值漂移推算,1,,99.99999999999999,99.99999999999999,0.0
ttfund__44FP3H0,砺远成长,天天基金/投顾,正常运行,,2026-05-15,2026-10-09,最近完整官方调仓配置（模型权重）,official_rebalance_target,含非精确披露权重，未用推算权重替代,15,1,,"{""2026-06-30"": 100.00000000000001}",0,61.681459602291916,3.8783921860661494,0,7658cee384a4038192d1eb79.json,2026-10-09,净值漂移推算,1,,100.00000000000001,100.00000000000001,0.0
ttfund__JE9JQM5,砺远稳益,天天基金/投顾,正常运行,,2026-10-09,2026-10-09,最新库内披露仓位,latest_observed_current,含非精确披露权重，未用推算权重替代,16,0,含非精确披露权重，未用推算权重替代,{},0,,,0,1165672c4a6279bda42d5000.json,,缺少可用基金配置,0,缺少完整配置,,,
ttfund__V2OXKQK,硬科技精选,天天基金/投顾,正常运行,,2025-07-18,2026-10-09,最近完整官方调仓配置（模型权重）,official_rebalance_target,含非精确披露权重，未用推算权重替代,7,1,,"{""2026-06-30"": 100.0}",0,18.978363322035683,1.2854986757483278,0,d8c37b9bd1dfc4eecc097574.json,2026-10-09,净值漂移推算,1,,100.0,100.0,0.0
ttfund__KJ00W2Q,磐石全球远航,天天基金/投顾,正常运行,on_sale_window,2026-01-30,2026-10-09,最近完整官方调仓配置（模型权重）,official_rebalance_target,含非精确披露权重，未用推算权重替代,17,1,,"{""2026-06-30"": 100.0}",0,13.826952085777986,24.681964579717448,3,531530a9efd8678344ffd530.json,2026-01-30,披露配置（最新权重不可推算）,0,已有更新调仓记录但未通过完整配置核验，不能跨越该事件推算,100.0,100.0,0.0
ttfund__C6O0LNF,磐石安蓉,天天基金/投顾,正常运行,,2025-04-25,2026-10-09,最近完整官方调仓配置（模型权重）,official_rebalance_target,含非精确披露权重，未用推算权重替代,15,1,,"{""2026-06-30"": 100.0}",0,1.1303293492862354,36.021310201287854,0,812725292f2e22ae7a8108f9.json,2025-04-25,披露配置（最新权重不可推算）,0,已有更新调仓记录但未通过完整配置核验，不能跨越该事件推算,100.0,100.0,0.0
ttfund__E54POCY,磐石瞭望,天天基金/投顾,正常运行,on_sale_window,2025-10-13,2026-10-09,最近完整官方调仓配置（模型权重）,official_rebalance_target,含非精确披露权重，未用推算权重替代,13,1,,"{""2026-06-30"": 100.0}",0,36.22792448728852,7.09070330854936,0,8e5cd07c85fd763afb0fffdf.json,2025-10-13,披露配置（最新权重不可推算）,0,已有更新调仓记录但未通过完整配置核验，不能跨越该事件推算,100.0,100.0,0.0
ttfund__EM46BJE,神鹿1号,天天基金/投顾,正常运行,,2026-10-09,2026-10-09,最新库内披露仓位,latest_observed_current,,10,1,,"{""2026-06-30"": 100.0}",0,87.89662224364821,0.16603554271143467,0,23e274ef4d193a6bf9cf9ac7.json,2026-10-09,源端最新仓位占比,1,,100.0,100.0,0.0
ttfund__XFHBVZK,积少成多,天天基金/投顾,正常运行,on_sale_window,2025-08-26,2026-10-09,最近完整官方调仓配置（模型权重）,official_rebalance_target,含非精确披露权重，未用推算权重替代,10,1,,"{""2026-06-30"": 99.99999999999999}",0,74.06424121468628,3.0171626897315162,0,6789a780fffa100bb2ca2313.json,2026-10-09,净值漂移推算,1,,99.99999999999999,99.99999999999999,0.0
ttfund__EPWWDB2,积极进取,天天基金/投顾,正常运行,on_sale_window,2026-07-06,2026-10-09,最近完整官方调仓配置（模型权重）,official_rebalance_target,含非精确披露权重，未用推算权重替代,37,1,,"{""2026-06-30"": 100.00000000000003}",0,40.916305124115006,0.6621456982876516,0,231b92f166116db089182754.json,2026-10-09,净值漂移推算,1,,100.00000000000003,100.00000000000003,0.0
ttfund__L2RLC6M,稳健有妮,天天基金/投顾,正常运行,,2026-08-05,2026-10-09,最近完整官方调仓配置（模型权重）,official_rebalance_target,含非精确披露权重，未用推算权重替代,23,1,,"{""2026-06-30"": 100.0}",0,10.723045676116437,16.961525395260768,0,15d42fe329c13f05751d21d2.json,2026-10-08,净值漂移推算,1,,100.0,100.0,0.0
ttfund__MIS0DIZ,稳健甄选,天天基金/投顾,正常运行,,2025-05-29,2026-10-09,最近完整官方调仓配置（模型权重）,official_rebalance_target,含非精确披露权重，未用推算权重替代,9,1,,"{""2026-06-30"": 100.0}",0,7.90589925204865,18.06719133294729,0,27cfd5016484054cdfe4a723.json,2026-10-09,净值漂移推算,1,,100.0,100.0,0.0
ttfund__0IEECYL,稳如泰山,天天基金/投顾,正常运行,on_sale_window,2026-08-04,2026-10-09,最近完整官方调仓配置（模型权重）,official_rebalance_target,含非精确披露权重，未用推算权重替代,16,1,,"{""2026-06-30"": 99.99999999999999}",0,2.614980535101463,7.107754021395627,2,c379b428cdbf140a990242d7.json,2026-10-08,净值漂移推算,1,,99.99999999999999,99.99999999999999,0.0
ttfund__HRR7BIY,稳定生财,天天基金/投顾,正常运行,,2024-08-20,2026-10-09,最近完整官方调仓配置（模型权重）,official_rebalance_target,含非精确披露权重，未用推算权重替代,7,1,,"{""2026-06-30"": 100.00000000000003}",0,3.3292555114316045,19.93474158457197,0,5f6468b1fe8ee41a8a5811fe.json,2026-10-08,净值漂移推算,1,,100.00000000000003,100.00000000000003,0.0
ttfund__2WU9ZWR,稳步前进,天天基金/投顾,正常运行,,2026-09-24,2026-10-09,最近完整官方调仓配置（模型权重）,official_rebalance_target,含非精确披露权重，未用推算权重替代,9,1,,"{""2026-06-30"": 100.00000000000001}",0,8.417979046671,17.533974541682973,0,eb533280dcfb8a62727402d2.json,2026-10-09,净值漂移推算,1,,100.00000000000001,100.00000000000001,0.0
ttfund__D2QELI7,稳稳进,天天基金/投顾,正常运行,,2025-04-22,2026-10-09,最近完整官方调仓配置（模型权重）,official_rebalance_target,含非精确披露权重，未用推算权重替代,20,1,,"{""2026-06-30"": 100.0}",0,2.1257137960800803,16.604592545796645,1,f00963a4d41fba1c25c7ed94.json,2025-04-22,披露配置（最新权重不可推算）,0,已有更新调仓记录但未通过完整配置核验，不能跨越该事件推算,100.0,100.0,0.0
ttfund__MS6ZS82,稳航优选,天天基金/投顾,正常运行,,2026-10-08,2026-10-08,最新库内披露仓位,latest_observed_current,含非精确披露权重，未用推算权重替代,14,0,含非精确披露权重，未用推算权重替代,{},0,,,0,e1fe0ac39f844603c9e773b6.json,,缺少可用基金配置,0,缺少完整配置,,,
ttfund__X2ZHD0T,精选中生代,天天基金/投顾,正常运行,on_sale_window,2026-09-24,2026-10-09,最近完整官方调仓配置（模型权重）,official_rebalance_target,含非精确披露权重，未用推算权重替代,10,1,,"{""2026-06-30"": 99.99999999999999}",0,52.450239114394826,1.446389434608211,0,2ae5ba53f0d5d4d8efcb4734.json,2026-10-09,净值漂移推算,1,,99.99999999999999,99.99999999999999,0.0
ttfund__1SCBEAZ,红利优选,天天基金/投顾,正常运行,,2026-09-24,2026-10-09,最近完整官方调仓配置（模型权重）,official_rebalance_target,含非精确披露权重，未用推算权重替代,8,1,,"{""2026-06-30"": 100.0}",0,52.844859040594294,1.5562073546396857,0,43760a3a0754cafe12887a7c.json,2026-10-09,净值漂移推算,1,,100.0,100.0,0.0
ttfund__VHYF8KR,红利哑铃,天天基金/投顾,正常运行,,2026-06-01,2026-10-09,最近完整官方调仓配置（模型权重）,official_rebalance_target,含非精确披露权重，未用推算权重替代,9,1,,"{""2026-06-30"": 68.0}",0,23.840146046194654,1.7348245864304863,0,2d4f25f4cae65ab0dab213f3.json,2026-06-01,披露配置（最新权重不可推算）,0,缺少基准日之后净值：968215,68.0,68.0,32.0
ttfund__ZHDIO4I,红利汉堡,天天基金/投顾,正常运行,on_sale_window,2026-04-17,2026-10-09,最近完整官方调仓配置（模型权重）,official_rebalance_target,含非精确披露权重，未用推算权重替代,5,1,,"{""2026-06-30"": 100.0}",0,0.08441385412560558,0.28572169674311243,0,d1b5631f2a37fdfdfdd59d66.json,2026-10-09,净值漂移推算,1,,100.0,100.0,0.0
ttfund__MUTW0G7,红利灵犀,天天基金/投顾,正常运行,on_sale_window,2026-10-09,2026-10-09,最新库内披露仓位,latest_observed_current,,10,1,,"{""2026-06-30"": 99.99}",0,35.76725291762328,1.9148452794245576,0,7fc5a7f2cebf0154c75c1e7d.json,2026-10-09,源端最新仓位占比,1,,99.99,99.99,0.0
ttfund__XVKGJJO,纯债汉堡,天天基金/投顾,正常运行,on_sale_window,2024-07-31,2026-10-09,最近完整官方调仓配置（模型权重）,official_rebalance_target,含非精确披露权重，未用推算权重替代,8,1,,"{""2026-06-30"": 100.0}",0,0.0,13.752967676993574,0,0e448a624becd8723b5815ae.json,2026-10-09,净值漂移推算,1,,100.0,100.0,0.0
ttfund__9EM60P7,翔天指数,天天基金/投顾,正常运行,,2022-06-15,2026-10-09,最近完整官方调仓配置（模型权重）,official_rebalance_target,含非精确披露权重，未用推算权重替代,9,1,,"{""2026-06-30"": 100.0}",0,45.65156401957866,7.319504513929495,0,d0f5fbe973cb81e1a1735018.json,2026-10-09,净值漂移推算,1,,100.0,100.0,0.0
ttfund__UPBLV8P,老有所依,天天基金/投顾,正常运行,on_sale_window,2026-06-11,2026-10-09,最近完整官方调仓配置（模型权重）,official_rebalance_target,含非精确披露权重，未用推算权重替代,8,1,,"{""2026-06-30"": 100.0}",0,0.0,11.834093601645808,0,15ef1dfe79e787fd40fbaf0e.json,2026-06-11,披露配置（最新权重不可推算）,0,已有更新调仓记录但未通过完整配置核验，不能跨越该事件推算,100.0,100.0,0.0
ttfund__GZBUYBC,股债双息平衡,天天基金/投顾,正常运行,,2026-06-24,2026-10-08,最近完整官方调仓配置（模型权重）,official_rebalance_target,含非精确披露权重，未用推算权重替代,11,1,,"{""2026-06-30"": 100.00000000000001}",0,24.334878460186893,6.855309627831035,0,ead362354e1c19dddf36342e.json,2026-10-09,净值漂移推算,1,,100.00000000000001,100.00000000000001,0.0
ttfund__TCFQM3R,股债均衡精选,天天基金/投顾,正常运行,,2026-04-21,2026-10-09,最近完整官方调仓配置（模型权重）,official_rebalance_target,含非精确披露权重，未用推算权重替代,16,1,,"{""2026-06-30"": 99.99999999999997}",0,15.77648951174665,5.677407697547814,0,5f70f423f83b244bc7c5c414.json,2026-10-09,净值漂移推算,1,,99.99999999999997,99.99999999999997,0.0
ttfund__XHRCPGP,节节高混合,天天基金/投顾,正常运行,,2026-06-24,2026-10-09,最近完整官方调仓配置（模型权重）,official_rebalance_target,含非精确披露权重，未用推算权重替代,8,1,,"{""2026-06-30"": 100.0}",0,38.178604239459204,4.770808613276865,0,f3be55134930b9663886f874.json,2026-10-09,净值漂移推算,1,,100.0,100.0,0.0
ttfund__0JWUP4C,若水主动,天天基金/投顾,正常运行,on_sale_window,2025-03-10,2026-10-09,最近完整官方调仓配置（模型权重）,official_rebalance_target,含非精确披露权重，未用推算权重替代,21,1,,"{""2026-06-30"": 100.0}",0,58.327261435128335,0.5324427201811479,0,962d690b1dbb275d8e9e7b01.json,2025-03-10,披露配置（最新权重不可推算）,0,已有更新调仓记录但未通过完整配置核验，不能跨越该事件推算,100.0,100.0,0.0
ttfund__6ZUULQS,荣华富贵,天天基金/投顾,正常运行,,2026-09-07,2026-10-09,最近完整官方调仓配置（模型权重）,official_rebalance_target,含非精确披露权重，未用推算权重替代,12,1,,"{""2026-06-30"": 99.99999999999999}",0,41.48962458081036,1.7091675942346138,0,304e0b9310f85e6a2cdb7ebc.json,2026-10-09,净值漂移推算,1,,99.99999999999999,99.99999999999999,0.0
ttfund__9SUQGWT,获得感ETF目标盈01期,天天基金/投顾,目标盈期次,止盈观察期,2026-10-09,2026-10-09,最新库内披露仓位,latest_observed_current,,8,1,,"{""2026-06-30"": 100.01000000000002}",0,0.41862875119429305,1.9145073001896311,0,abdd8db780cfb0c799885e3a.json,2026-10-09,源端最新仓位占比,1,,100.01000000000002,100.01000000000002,0.0
ttfund__JYG2I0G,获得感ETF目标盈02期,天天基金/投顾,目标盈期次,止盈观察期,2026-10-09,2026-10-09,最新库内披露仓位,latest_observed_current,,7,1,,"{""2026-06-30"": 100.01}",0,0.6265294896250477,1.9397841344525704,0,b6a804b465fd24b5814b6e0a.json,2026-10-09,源端最新仓位占比,1,,100.01,100.01,0.0
ttfund__M5UAZFC,获得感ETF目标盈03期（多元版）,天天基金/投顾,目标盈期次,止盈观察期,2026-10-09,2026-10-09,最新库内披露仓位,latest_observed_current,,14,1,,"{""2026-06-30"": 100.00000000000001}",0,9.439411934795618,2.3100936985299416,0,a8194f2e0122c20c1ef3d4f8.json,2026-10-09,源端最新仓位占比,1,,100.00000000000001,100.00000000000001,0.0
ttfund__AWEQDJE,菜鸟稳飞,天天基金/投顾,正常运行,,2023-08-31,2026-10-09,最近完整官方调仓配置（模型权重）,official_rebalance_target,含非精确披露权重，未用推算权重替代,9,1,,"{""2026-06-30"": 100.00000000000001}",0,8.322892797891091,19.622342531332677,0,2646b2c92fdb1f2581a163c3.json,2026-10-09,净值漂移推算,1,,100.00000000000001,100.00000000000001,0.0
ttfund__ERR4QWX,萌萌的国内,天天基金/投顾,正常运行,on_sale_window,2025-06-30,2026-10-09,最近完整官方调仓配置（模型权重）,official_rebalance_target,含非精确披露权重，未用推算权重替代,12,1,,"{""2026-06-30"": 100.0}",0,55.6510898399379,1.0218759523316279,0,beaf342165dd524523edaf07.json,2026-10-09,净值漂移推算,1,,100.0,100.0,0.0
ttfund__SP2JROD,萌萌的安心债,天天基金/投顾,正常运行,,2022-11-25,2026-10-09,最近完整官方调仓配置（模型权重）,official_rebalance_target,含非精确披露权重，未用推算权重替代,11,1,,"{""2026-06-30"": 100.0}",0,0.7735362496338192,19.0983891883703,0,866ee20dde3cee4bdfbe8494.json,2026-10-09,净值漂移推算,1,,100.0,100.0,0.0
ttfund__FLMYWQE,萌萌的海外,天天基金/投顾,正常运行,on_sale_window,2024-06-17,2026-10-09,最近完整官方调仓配置（模型权重）,official_rebalance_target,含非精确披露权重，未用推算权重替代,8,1,,"{""2026-06-30"": 100.0}",0,22.139048185866812,0.2762746844895231,0,b23fd881b4381542b82596cb.json,2024-06-17,披露配置（最新权重不可推算）,0,已有更新调仓记录但未通过完整配置核验，不能跨越该事件推算,100.0,100.0,0.0
ttfund__Q00GY26,萌萌的随心投,天天基金/投顾,正常运行,on_sale_window,2024-10-09,2026-10-09,最近完整官方调仓配置（模型权重）,official_rebalance_target,含非精确披露权重，未用推算权重替代,12,1,,"{""2026-06-30"": 100.0}",0,63.80277845259507,0.5584209035355254,0,663523d0ddc9cfdb00ca646c.json,2024-10-09,披露配置（最新权重不可推算）,0,已有更新调仓记录但未通过完整配置核验，不能跨越该事件推算,100.0,100.0,0.0
ttfund__FTPYRQA,蛟龙全球机遇,天天基金/投顾,正常运行,,2026-10-09,2026-10-09,最新库内披露仓位,latest_observed_current,,15,1,,"{""2026-06-30"": 100.01}",0,43.44246849561257,2.3857462021861764,0,f961e4f5596b82f9fca58a72.json,2026-10-09,源端最新仓位占比,1,"源端占比直接使用；净值滚动未执行：缺少基准日之后净值：270023,018966",100.01,100.01,0.0
ttfund__1H1Z88E,行业风火轮,天天基金/投顾,正常运行,,2022-10-25,2026-10-09,最近完整官方调仓配置（模型权重）,official_rebalance_target,含非精确披露权重，未用推算权重替代,19,1,,"{""2026-06-30"": 100.00000000000001}",0,49.7421721274005,3.1324751673600573,0,69dcf1e7dade5061a5421093.json,2026-10-09,净值漂移推算,1,,100.00000000000001,100.00000000000001,0.0
ttfund__FEJCLJJ,表匠主动阿尔法,天天基金/投顾,正常运行,on_sale_window,2026-09-10,2026-10-09,最近完整官方调仓配置（模型权重）,official_rebalance_target,含非精确披露权重，未用推算权重替代,44,1,,"{""2026-06-30"": 96.0}",0,61.12283644541196,0.8376234039661321,7,eabc7d903e66521028d2fde0.json,2026-09-10,披露配置（最新权重不可推算）,0,缺少基准日之后净值：968067,96.0,96.0,4.0
ttfund__ZBBI02E,表韭全球资产配置,天天基金/投顾,正常运行,on_sale_window,2026-08-25,2026-10-08,最近完整官方调仓配置（模型权重）,official_rebalance_target,含非精确披露权重，未用推算权重替代,46,1,,"{""2026-06-30"": 97.9807231100994}",0,24.774608492795625,1.5744196574026126,13,fb14cff61e8eda49f4641330.json,2026-10-08,净值漂移推算,1,,97.9807231100994,97.9807231100994,2.019276889900612
ttfund__AYVXSHV,表韭固收加精选,天天基金/投顾,正常运行,on_sale_window,2026-09-02,2026-10-09,最近完整官方调仓配置（模型权重）,official_rebalance_target,含非精确披露权重，未用推算权重替代,37,1,,"{""2026-06-30"": 99.99999999999997}",0,7.471956509738092,17.856204167553322,2,d51b019d1d6f02a4d8ba5422.json,2026-10-08,净值漂移推算,1,,99.99999999999997,99.99999999999997,0.0
ttfund__1JI0GQO,表韭纯纯的债,天天基金/投顾,正常运行,on_sale_window,2026-08-21,2026-10-09,最近完整官方调仓配置（模型权重）,official_rebalance_target,含非精确披露权重，未用推算权重替代,23,1,,"{""2026-06-30"": 100.00000000000001}",0,0.0,18.35223195744398,0,3a3d4e58e97a7083fca23934.json,2026-10-09,净值漂移推算,1,,100.00000000000001,100.00000000000001,0.0
ttfund__WDQXDYE,表韭量化指增精选,天天基金/投顾,正常运行,on_sale_window,2026-09-02,2026-10-09,最近完整官方调仓配置（模型权重）,official_rebalance_target,含非精确披露权重，未用推算权重替代,41,1,,"{""2026-06-30"": 100.00000000000001}",0,42.88009005050813,0.860760682813704,0,c4d2154d9585adf87a29a24b.json,2026-10-08,净值漂移推算,1,,100.00000000000001,100.00000000000001,0.0
ttfund__OWQ0SOM,财兔优选,天天基金/投顾,正常运行,,2023-04-07,2026-10-09,最近完整官方调仓配置（模型权重）,official_rebalance_target,含非精确披露权重，未用推算权重替代,9,1,,"{""2026-06-30"": 100.0}",0,45.309009920881806,4.413781427171088,0,b4334058e56984e9772883eb.json,2026-10-09,净值漂移推算,1,,100.0,100.0,0.0
ttfund__QNAIOKY,财安宁,天天基金/投顾,正常运行,,2025-12-25,2026-10-09,最近完整官方调仓配置（模型权重）,official_rebalance_target,含非精确披露权重，未用推算权重替代,7,1,,"{""2026-06-30"": 99.99999999999999}",0,0.0,22.221652332948356,0,ab0f0e8afccaedc042a20932.json,2026-10-08,净值漂移推算,1,,99.99999999999999,99.99999999999999,0.0
ttfund__AJ7271N,财安心,天天基金/投顾,正常运行,,2025-04-08,2026-10-09,最近完整官方调仓配置（模型权重）,official_rebalance_target,含非精确披露权重，未用推算权重替代,10,1,,"{""2026-06-30"": 100.0}",0,0.0,10.972017330750463,0,e42576f9473e3fb1f47a844f.json,2026-10-09,净值漂移推算,1,,100.0,100.0,0.0
ttfund__S95PUCJ,财安盈,天天基金/投顾,正常运行,on_sale_window,2024-06-28,2026-10-09,最近完整官方调仓配置（模型权重）,official_rebalance_target,含非精确披露权重，未用推算权重替代,20,1,,"{""2026-06-30"": 99.99999999999999}",0,13.198090743563371,14.981318462062479,0,5b8e389cd01ab998bb01473e.json,2024-06-28,披露配置（最新权重不可推算）,0,已有更新调仓记录但未通过完整配置核验，不能跨越该事件推算,99.99999999999999,99.99999999999999,0.0
ttfund__X3AQBAE,财星选价值策略,天天基金/投顾,正常运行,on_sale_window,2024-12-31,2026-10-09,最近完整官方调仓配置（模型权重）,official_rebalance_target,含非精确披露权重，未用推算权重替代,14,1,,"{""2026-06-30"": 100.00000000000001}",0,54.87483788166924,1.7332222098521717,0,4de11c1940021728c468f3d4.json,2024-12-31,披露配置（最新权重不可推算）,0,已有更新调仓记录但未通过完整配置核验，不能跨越该事件推算,100.00000000000001,100.00000000000001,0.0
ttfund__ZZP9SG5,财星选全球配,天天基金/投顾,正常运行,on_sale_window,2026-09-02,2026-10-09,最近完整官方调仓配置（模型权重）,official_rebalance_target,含非精确披露权重，未用推算权重替代,20,1,,"{""2026-06-30"": 99.99999999999999}",0,27.09563674880385,5.459299580069512,0,e0220e6b8350bee92edd0090.json,2026-10-08,净值漂移推算,1,,99.99999999999999,99.99999999999999,0.0
ttfund__S1WTFYD,财星选成长策略,天天基金/投顾,正常运行,on_sale_window,2026-06-11,2026-10-09,最近完整官方调仓配置（模型权重）,official_rebalance_target,含非精确披露权重，未用推算权重替代,12,1,,"{""2026-06-30"": 100.0}",0,59.59075674581406,0.30929555151946186,0,ab80bb3aae36ff4ac039c808.json,2026-10-08,净值漂移推算,1,,100.0,100.0,0.0
ttfund__HJGKKT0,财星选进取,天天基金/投顾,正常运行,on_sale_window,2026-04-27,2026-10-09,最近完整官方调仓配置（模型权重）,official_rebalance_target,含非精确披露权重，未用推算权重替代,10,1,,"{""2026-06-30"": 99.99999999999999}",0,56.238108843892164,0.2977809731976272,0,7da51a045de8761e16d2a0e5.json,2026-10-09,净值漂移推算,1,,99.99999999999999,99.99999999999999,0.0
ttfund__0K1SJNN,财通优选增强,天天基金/投顾,正常运行,on_sale_window,2025-12-25,2026-10-09,最近完整官方调仓配置（模型权重）,official_rebalance_target,含非精确披露权重，未用推算权重替代,12,1,,"{""2026-06-30"": 99.99999999999999}",0,64.7574616447138,2.0887322425234625,0,fc2ebc6294896a78992b40c4.json,2025-12-25,披露配置（最新权重不可推算）,0,已有更新调仓记录但未通过完整配置核验，不能跨越该事件推算,99.99999999999999,99.99999999999999,0.0
ttfund__LNPUS4H,财通证券货币佳,天天基金/投顾,正常运行,,2024-08-27,2026-10-09,最近完整官方调仓配置（模型权重）,official_rebalance_target,含非精确披露权重，未用推算权重替代,3,1,,"{""2026-06-30"": 100.00000000000001}",0,0.0,11.962021256499696,0,dbddc197d4e19ce9fe2b01dc.json,2026-10-09,净值漂移推算,1,,100.00000000000001,100.00000000000001,0.0
ttfund__EZEF0XE,资产与风格轮动策略,天天基金/投顾,正常运行,,2026-10-08,2026-10-08,最新库内披露仓位,latest_observed_current,,33,1,,"{""2026-06-30"": 100.00000000000001}",0,31.513912500284878,9.307415610914044,0,936c12489d42bc6a7ab5fc76.json,2026-10-09,净值漂移推算,1,,100.00000000000001,100.00000000000001,0.0
ttfund__XCOVSEX,越海,天天基金/投顾,正常运行,,2026-04-01,2026-10-09,最近完整官方调仓配置（模型权重）,official_rebalance_target,含非精确披露权重，未用推算权重替代,9,1,,"{""2026-06-30"": 100.0}",0,60.113378026230585,0.8595995190801665,0,c7ddf15d7c393cd93ba94ec1.json,2026-04-01,披露配置（最新权重不可推算）,0,已有更新调仓记录但未通过完整配置核验，不能跨越该事件推算,100.0,100.0,0.0
ttfund__GHKRXDO,轮动进取,天天基金/投顾,正常运行,,2026-07-20,2026-10-09,最近完整官方调仓配置（模型权重）,official_rebalance_target,含非精确披露权重，未用推算权重替代,13,1,,"{""2026-06-30"": 99.99999999999999}",0,63.27999430943493,0.7889197239258847,0,89852f91d3c6d7e68a0a3239.json,2026-10-09,净值漂移推算,1,,99.99999999999999,99.99999999999999,0.0
ttfund__WGAFPVL,进取养基场,天天基金/投顾,正常运行,,2026-03-04,2026-10-09,最近完整官方调仓配置（模型权重）,official_rebalance_target,含非精确披露权重，未用推算权重替代,15,1,,"{""2026-06-30"": 100.00000000000003}",0,56.42171519462337,2.7170313834761743,0,e2f58bdcb2d1cd98c3f950f7.json,2026-10-09,净值漂移推算,1,,100.00000000000003,100.00000000000003,0.0
ttfund__X1NC3BW,连天芳草,天天基金/投顾,正常运行,,2026-08-13,2026-10-09,最近完整官方调仓配置（模型权重）,official_rebalance_target,含非精确披露权重，未用推算权重替代,12,1,,"{""2026-06-30"": 99.99999999999999}",0,6.473110492598501,31.43382286652161,0,ffa636f5a98f6dc37a7be5bb.json,2026-10-09,净值漂移推算,1,,99.99999999999999,99.99999999999999,0.0
ttfund__OC0F6UU,配置精灵,天天基金/投顾,正常运行,,2026-10-09,2026-10-09,最新库内披露仓位,latest_observed_current,,1,1,,"{""2026-06-30"": 100.0}",0,0.0,27.627468448952314,0,f9a853239ddb52574bc67eab.json,2026-10-10,净值漂移推算,1,,100.0,100.0,0.0
ttfund__1ZIJUEE,配置精灵Pro,天天基金/投顾,正常运行,,2026-10-09,2026-10-09,最新库内披露仓位,latest_observed_current,,1,1,,"{""2026-06-30"": 100.0}",0,0.0,27.627468448952314,0,9b9cadd8b6f23ee6e7952974.json,2026-10-10,净值漂移推算,1,,100.0,100.0,0.0
ttfund__SZHO2PY,配置精灵pro（测试）,天天基金/投顾,测试组合剔除,,,,最新库内披露仓位,latest_observed_current,缺少当前基金仓位；测试组合，仅显示状态,0,0,缺少当前基金仓位；测试组合，仅显示状态,{},0,,,0,634a4084a780512813868a27.json,,缺少可用基金配置,0,缺少完整配置,,,
ttfund__C6RVVH1,金城石室,天天基金/投顾,正常运行,,2025-06-13,2026-10-09,最近完整官方调仓配置（模型权重）,official_rebalance_target,含非精确披露权重，未用推算权重替代,21,1,,"{""2026-06-30"": 100.0}",0,5.307820445369319,18.34979227406678,0,d65bb31a9601bcd4044dffd9.json,2026-10-09,净值漂移推算,1,,100.0,100.0,0.0
ttfund__SIWGVYM,金鲲指数轮动100份,天天基金/投顾,信号类组合,on_sale_window,2026-10-09,2026-10-09,最新库内披露仓位,latest_observed_current,信号组合，未按真实基金配置穿透,21,0,信号组合，未按真实基金配置穿透,{},0,,,0,dfbf5e44debf099c314d5fad.json,,缺少可用基金配置,0,缺少完整配置,,,
ttfund__QZOUV3Q,金鳌多资产轮动100份,天天基金/投顾,信号类组合,on_sale_window,2026-10-09,2026-10-09,最新库内披露仓位,latest_observed_current,信号组合，未按真实基金配置穿透,6,0,信号组合，未按真实基金配置穿透,{},0,,,0,28175db3d4e859eaa58ef021.json,,缺少可用基金配置,0,缺少完整配置,,,
ttfund__51G6T1K,银华天玑-00后创造未来,天天基金/投顾,正常运行,,2026-10-09,2026-10-09,最新库内披露仓位,latest_observed_current,,18,1,,"{""2026-06-30"": 100.01}",0,39.51960647232827,5.801976841019531,0,d1678b121c69954817029f9d.json,2026-10-09,源端最新仓位占比,1,,100.01,100.01,0.0
ttfund__SAWFRMH,银华天玑-00后创造未来,天天基金/投顾,正常运行,on_sale_window,2026-10-09,2026-10-09,最新库内披露仓位,latest_observed_current,,18,1,,"{""2026-06-30"": 100.00999999999999}",0,39.56787820059171,6.243967191531482,0,24560599d4e426c8ff687da3.json,2026-10-09,源端最新仓位占比,1,,100.00999999999999,100.00999999999999,0.0
ttfund__USCAEMN,银华天玑-70后悦享未来,天天基金/投顾,正常运行,,2026-08-17,2026-10-09,最近完整官方调仓配置（模型权重）,official_rebalance_target,含非精确披露权重，未用推算权重替代,18,1,,"{""2026-06-30"": 99.99999999999999}",0,11.417018917296256,12.304043870746534,0,b75672a278d0c5bbf75efff5.json,2026-10-09,净值漂移推算,1,,99.99999999999999,99.99999999999999,0.0
ttfund__PC9MVMS,银华天玑-80后拼搏未来,天天基金/投顾,正常运行,,2026-10-09,2026-10-09,最新库内披露仓位,latest_observed_current,,23,1,,"{""2026-06-30"": 100.0}",0,19.445430684217662,10.3065117964672,0,c6589704b34c75aa17a56e41.json,2026-10-09,源端最新仓位占比,1,,100.0,100.0,0.0
ttfund__PNRUVC9,银华天玑-80后拼搏未来,天天基金/投顾,正常运行,,2026-10-09,2026-10-09,最新库内披露仓位,latest_observed_current,,16,1,,"{""2026-06-30"": 100.00000000000001}",0,19.513422603290266,11.429317960934371,0,2bbcc614e8375d5ed78d25fc.json,2026-10-09,源端最新仓位占比,1,,100.00000000000001,100.00000000000001,0.0
ttfund__FTJJP54,银华天玑-90后成长未来,天天基金/投顾,正常运行,,2026-10-09,2026-10-09,最新库内披露仓位,latest_observed_current,,23,1,,"{""2026-06-30"": 99.98999999999998}",0,27.024988421324224,8.885349923242677,0,07931f2d9dfdf2ea0326c910.json,2026-10-09,源端最新仓位占比,1,,99.98999999999998,99.98999999999998,0.0
ttfund__KRLU47T,银华天玑-90后成长未来,天天基金/投顾,正常运行,,2026-10-09,2026-10-09,最新库内披露仓位,latest_observed_current,,14,1,,"{""2026-06-30"": 99.98000000000002}",0,24.82978656596679,8.533546497868251,0,64e4e71a4a72262f0ee44aa0.json,2026-10-09,源端最新仓位占比,1,,99.98000000000002,99.98000000000002,0.0
ttfund__YYPIHMN,银华天玑-90后成长未来（测试）,天天基金/投顾,测试组合剔除,,2023-05-22,2023-05-22,最新库内披露仓位,latest_observed_current,基金权重缺失或无效；含非精确披露权重，未用推算权重替代；测试组合，仅显示状态,29,0,基金权重缺失或无效；含非精确披露权重，未用推算权重替代；测试组合，仅显示状态,{},0,,,0,f34acbc6b1dee2de1d464081.json,,缺少可用基金配置,0,缺少完整配置,,,
ttfund__T1KEXJ2,银华天玑-债基+组合,天天基金/投顾,正常运行,,2026-10-09,2026-10-09,最新库内披露仓位,latest_observed_current,,16,1,,"{""2026-06-30"": 99.99000000000001}",0,14.922653941724223,14.001294749301291,0,88c1fb06b7300410e46f1452.json,2026-10-09,源端最新仓位占比,1,,99.99000000000001,99.99000000000001,0.0
ttfund__0E2QPPN,银华天玑-债基组合,天天基金/投顾,正常运行,,2026-10-09,2026-10-09,最新库内披露仓位,latest_observed_current,,13,1,,"{""2026-06-30"": 100.0}",0,3.1428033990207194,18.003982045729384,0,be75bd08a4e1279b78cc4f06.json,2026-10-09,源端最新仓位占比,1,,100.0,100.0,0.0
ttfund__F6C4IMP,银华天玑-全球固收+,天天基金/投顾,正常运行,,2026-10-09,2026-10-09,最新库内披露仓位,latest_observed_current,,24,1,,"{""2026-06-30"": 97.93}",0,3.950766839512112,12.98959651164378,1,f4acab47223b05eaa803e767.json,2026-10-09,源端最新仓位占比,1,"源端占比直接使用；净值滚动未执行：缺少基准日之后净值：008096,002286,002877,002880,002426,002400,050030,000274,968048,016701,000290",97.93,97.93,2.05
ttfund__UYCZPCD,银华天玑-全球固收+,天天基金/投顾,正常运行,on_sale_window,2026-10-09,2026-10-09,最新库内披露仓位,latest_observed_current,,24,1,,"{""2026-06-30"": 97.93}",0,3.940719745228309,12.905992137547779,1,bffad16c01849245f1d5a146.json,2026-10-09,源端最新仓位占比,1,"源端占比直接使用；净值滚动未执行：缺少基准日之后净值：008095,002286,002877,002426,002400,050030,019480,000274,968048,016701,000290",97.93,97.93,2.05
ttfund__QBR0AKZ,银华天玑-八方来财,天天基金/投顾,正常运行,,2026-10-09,2026-10-09,最新库内披露仓位,latest_observed_current,,16,1,,"{""2026-06-30"": 99.98000000000003}",0,11.201774883283678,13.650393931359224,0,d3be06dc07d6bf3ab292ab82.json,2026-10-09,源端最新仓位占比,1,,99.98000000000003,99.98000000000003,0.0
ttfund__1H1XJHZ,银华天玑-六六大顺,天天基金/投顾,正常运行,,2026-10-09,2026-10-09,最新库内披露仓位,latest_observed_current,,23,1,,"{""2026-06-30"": 99.97999999999999}",0,6.289500783799653,16.73384024943881,0,1c0c277135009c02fad73d0c.json,2026-10-09,源端最新仓位占比,1,,99.97999999999999,99.97999999999999,0.0
ttfund__5CIBXGQ,银华天玑-均衡天秤座,天天基金/投顾,正常运行,,2026-10-09,2026-10-09,最新库内披露仓位,latest_observed_current,,17,1,,"{""2026-06-30"": 100.01}",0,23.265149069351654,8.39910836956601,0,645c12bf9388be00c30a4ecd.json,2026-10-09,源端最新仓位占比,1,,100.01,100.01,0.0
ttfund__XMKENDN,银华天玑-均衡天秤座,天天基金/投顾,正常运行,,2026-08-19,2026-10-09,最近完整官方调仓配置（模型权重）,official_rebalance_target,含非精确披露权重，未用推算权重替代,17,1,,"{""2026-06-30"": 100.0}",0,23.408951890894027,8.367985481818529,0,ad7392ab53ef268d30cb5cf3.json,2026-10-09,净值漂移推算,1,,100.0,100.0,0.0
ttfund__3N4GLHA,银华天玑-太太宝,天天基金/投顾,正常运行,on_sale_window,2026-10-09,2026-10-09,最新库内披露仓位,latest_observed_current,,19,1,,"{""2026-06-30"": 100.0}",0,1.8985562280558397,16.870477542133496,0,296134ce65e3d2a6139419cb.json,2026-10-09,源端最新仓位占比,1,,100.0,100.0,0.0
ttfund__CAPSWWP,银华天玑-太太宝,天天基金/投顾,正常运行,,2026-10-09,2026-10-09,最新库内披露仓位,latest_observed_current,,17,1,,"{""2026-06-30"": 99.99000000000001}",0,1.902043267742016,17.65367335247692,0,f42904e0760fc71810de5cb3.json,2026-10-09,源端最新仓位占比,1,,99.99000000000001,99.99000000000001,0.0
ttfund__C84SUFB,银华天玑-奔跑狮子座,天天基金/投顾,正常运行,on_sale_window,2026-10-09,2026-10-09,最新库内披露仓位,latest_observed_current,,13,1,,"{""2026-06-30"": 100.00000000000001}",0,45.49019301962387,1.036653225357095,0,d3045d4d3052768aea428c9c.json,2026-10-09,源端最新仓位占比,1,,100.00000000000001,100.00000000000001,0.0
ttfund__RZSXVTB,银华天玑-奔跑狮子座,天天基金/投顾,正常运行,,2026-08-27,2026-10-08,最近完整官方调仓配置（模型权重）,official_rebalance_target,含非精确披露权重，未用推算权重替代,13,1,,"{""2026-06-30"": 100.00000000000001}",0,45.33309499586974,1.040335743449611,0,2d6651cdaab90f0901483af6.json,2026-10-09,净值漂移推算,1,,100.00000000000001,100.00000000000001,0.0
ttfund__QLGNCBF,银华天玑-小星愿目标盈01期,天天基金/投顾,已停止目标盈期次,计划运作期已结束,2026-10-09,2026-10-09,最新库内披露仓位,latest_observed_current,,1,1,,"{""2026-06-30"": 100.0}",0,0.0,20.882010385798292,0,45bade84c207ad5da66fd534.json,2026-10-09,源端最新仓位占比,1,,100.0,100.0,0.0
ttfund__LD9UQZY,银华天玑-小星愿目标盈第02期,天天基金/投顾,已停止目标盈期次,计划运作期已结束,2026-10-09,2026-10-09,最新库内披露仓位,latest_observed_current,,1,1,,"{""2026-06-30"": 100.0}",0,0.0,20.882010385798292,0,6230f333a6c9d13fbce9b18b.json,2026-10-09,源端最新仓位占比,1,,100.0,100.0,0.0
ttfund__DHQUHIQ,银华天玑-小星愿目标盈第03期,天天基金/投顾,已停止目标盈期次,计划运作期已结束,2026-10-09,2026-10-09,最新库内披露仓位,latest_observed_current,,1,1,,"{""2026-06-30"": 100.0}",0,0.0,20.882010385798292,0,c9d8a9097a41b828f3f4f8ae.json,2026-10-09,源端最新仓位占比,1,,100.0,100.0,0.0
ttfund__DO91QUG,银华天玑-小星愿目标盈第04期,天天基金/投顾,已停止目标盈期次,计划运作期已结束,2026-10-09,2026-10-09,最新库内披露仓位,latest_observed_current,,1,1,,"{""2026-06-30"": 100.0}",0,0.0,20.882010385798292,0,a91e37fe291dcd11d4cfe297.json,2026-10-09,源端最新仓位占比,1,,100.0,100.0,0.0
ttfund__T1OZCFZ,银华天玑-小星愿目标盈第05期,天天基金/投顾,已停止目标盈期次,计划运作期已结束,2023-05-18,2026-10-09,最近完整官方调仓配置（模型权重）,official_rebalance_target,含非精确披露权重，未用推算权重替代；基金权重和1.0000%超出100%±0.02个百分点,26,1,,"{""2026-06-30"": 99.99999999999993}",0,11.35154216523291,14.331756325719182,0,8d335047448d426ccb231bbc.json,2023-05-18,披露配置（最新权重不可推算）,0,已有更新调仓记录但未通过完整配置核验，不能跨越该事件推算,99.99999999999993,99.99999999999993,0.0
ttfund__GQH4S0H,银华天玑-小星愿目标盈第06期,天天基金/投顾,已停止目标盈期次,计划运作期已结束,2026-10-09,2026-10-09,最新库内披露仓位,latest_observed_current,,1,1,,"{""2026-06-30"": 100.0}",0,0.0,20.882010385798292,0,d35179970d5c7a9806269c1a.json,2026-10-09,源端最新仓位占比,1,,100.0,100.0,0.0
ttfund__MITYFYS,银华天玑-小星愿目标盈第07期,天天基金/投顾,已停止目标盈期次,计划运作期已结束,2026-10-09,2026-10-09,最新库内披露仓位,latest_observed_current,,26,1,,"{""2026-06-30"": 100.0}",0,15.344611092113755,13.082140910860474,0,996670d6f839c71141c865a9.json,2026-10-09,源端最新仓位占比,1,,100.0,100.0,0.0
ttfund__DOKJA8Q,银华天玑-小星愿目标盈第08期,天天基金/投顾,已停止目标盈期次,计划运作期已结束,2026-10-09,2026-10-09,最新库内披露仓位,latest_observed_current,,19,1,,"{""2026-06-30"": 100.02000000000001}",0,12.443319591176035,13.844691187689008,0,16726d91c32b00fe49cb4cee.json,2026-10-09,源端最新仓位占比,1,,100.02000000000001,100.02000000000001,0.0
ttfund__KBME4IQ,银华天玑-小星愿目标盈第09期,天天基金/投顾,已停止目标盈期次,计划运作期已结束,2026-10-09,2026-10-09,最新库内披露仓位,latest_observed_current,,19,1,,"{""2026-06-30"": 100.02000000000001}",0,12.443319591176035,13.844691187689008,0,54c434ce432c08af99a6ffb8.json,2026-10-09,源端最新仓位占比,1,,100.02000000000001,100.02000000000001,0.0
ttfund__YPKWQDB,银华天玑-小星愿目标盈第10期,天天基金/投顾,已停止目标盈期次,计划运作期已结束,2026-10-09,2026-10-09,最新库内披露仓位,latest_observed_current,,19,1,,"{""2026-06-30"": 100.02000000000001}",0,12.443319591176035,13.844691187689008,0,68cbab5067d4113a5ee73da9.json,2026-10-09,源端最新仓位占比,1,,100.02000000000001,100.02000000000001,0.0
ttfund__DVXGYL0,银华天玑-小星愿目标盈第11期,天天基金/投顾,已停止目标盈期次,计划运作期已结束,2026-10-09,2026-10-09,最新库内披露仓位,latest_observed_current,,19,1,,"{""2026-06-30"": 100.02000000000001}",0,12.443319591176035,13.844691187689008,0,dfd5e02274371c14dee47bf4.json,2026-10-09,源端最新仓位占比,1,,100.02000000000001,100.02000000000001,0.0
ttfund__5QVSEA2,银华天玑-小星愿目标盈第12期,天天基金/投顾,已停止目标盈期次,计划运作期已结束,2026-10-09,2026-10-09,最新库内披露仓位,latest_observed_current,,19,1,,"{""2026-06-30"": 100.02000000000001}",0,12.443319591176035,13.844691187689008,0,2d09feb6418e4c3b8e95a8c6.json,2026-10-09,源端最新仓位占比,1,,100.02000000000001,100.02000000000001,0.0
ttfund__CBCJEP7,银华天玑-小星愿目标盈第13期,天天基金/投顾,已停止目标盈期次,已停止,2024-04-19,,最近完整官方调仓配置（模型权重）,official_rebalance_target,缺少当前基金仓位,24,1,,"{""2026-06-30"": 100.0}",0,13.247031080947016,14.14937620826598,0,78800b8a2619899fd60b853d.json,2024-04-19,披露配置（最新权重不可推算）,0,已有更新调仓记录但未通过完整配置核验，不能跨越该事件推算,100.0,100.0,0.0
ttfund__BB7W0P1,银华天玑-小星愿目标盈第14期,天天基金/投顾,已停止目标盈期次,已停止,2024-07-24,,最近完整官方调仓配置（模型权重）,official_rebalance_target,缺少当前基金仓位,25,1,,"{""2026-06-30"": 100.0}",0,18.574787686959574,13.25222891904672,0,eac74a493ec26351303855d7.json,2026-10-09,净值漂移推算,1,,100.0,100.0,0.0
ttfund__PILQOEY,银华天玑-小星愿目标盈第15期,天天基金/投顾,已停止目标盈期次,已停止,2024-07-24,,最近完整官方调仓配置（模型权重）,official_rebalance_target,缺少当前基金仓位,25,1,,"{""2026-06-30"": 100.0}",0,18.574787686959574,13.25222891904672,0,23a08db43f02bcab2e49d2db.json,2026-10-09,净值漂移推算,1,,100.0,100.0,0.0
ttfund__2UVNSAF,银华天玑-小星愿目标盈第16期,天天基金/投顾,已停止目标盈期次,已停止,2024-04-24,,最近完整官方调仓配置（模型权重）,official_rebalance_target,缺少当前基金仓位,24,1,,"{""2026-06-30"": 100.0}",0,13.247031080947016,14.14937620826598,0,d874b429a540bf24599872aa.json,2024-04-24,披露配置（最新权重不可推算）,0,已有更新调仓记录但未通过完整配置核验，不能跨越该事件推算,100.0,100.0,0.0
ttfund__J0UEQVS,银华天玑-小星愿目标盈第17期,天天基金/投顾,已停止目标盈期次,已停止,2024-10-14,,最近完整官方调仓配置（模型权重）,official_rebalance_target,缺少当前基金仓位,17,1,,"{""2026-06-30"": 100.0}",0,4.201593868223859,13.61590564557495,0,c8338363a4fe59f262caff4b.json,2024-10-14,披露配置（最新权重不可推算）,0,已有更新调仓记录但未通过完整配置核验，不能跨越该事件推算,100.0,100.0,0.0
ttfund__6NMCEIQ,银华天玑-年年红,天天基金/投顾,正常运行,on_sale_window,2026-07-10,2026-10-09,最近完整官方调仓配置（模型权重）,official_rebalance_target,含非精确披露权重，未用推算权重替代,22,1,,"{""2026-06-30"": 100.00000000000001}",0,14.641054493848,30.42373726879135,0,0321b87040c36a0dc71571d1.json,2026-10-09,净值漂移推算,1,,100.00000000000001,100.00000000000001,0.0
ttfund__ZKJJOUX,银华天玑-年年红,天天基金/投顾,正常运行,,2026-07-10,2026-10-09,最近完整官方调仓配置（模型权重）,official_rebalance_target,含非精确披露权重，未用推算权重替代,22,1,,"{""2026-06-30"": 100.0}",0,14.68855853786145,30.07619557085721,0,e960481502fc26c812eee9d5.json,2026-10-09,净值漂移推算,1,,100.0,100.0,0.0
ttfund__D7523P9,银华天玑-悄悄盈,天天基金/投顾,正常运行,,2026-08-05,2026-10-09,最近完整官方调仓配置（模型权重）,official_rebalance_target,含非精确披露权重，未用推算权重替代,21,1,,"{""2026-06-30"": 100.00000000000001}",0,40.26279974590519,2.630809279892248,3,990a5f10ac9975fd6322016e.json,2026-10-08,净值漂移推算,1,,100.00000000000001,100.00000000000001,0.0
ttfund__RD4QA7I,银华天玑-悄悄盈,天天基金/投顾,正常运行,on_sale_window,2026-07-10,2026-10-08,最近完整官方调仓配置（模型权重）,official_rebalance_target,含非精确披露权重，未用推算权重替代,21,1,,"{""2026-06-30"": 100.0}",0,40.176427279716854,2.5778018574110746,3,412e8fa605f2e0742dffb3d2.json,2026-10-08,净值漂移推算,1,,100.0,100.0,0.0
ttfund__TBYFMAC,银华天玑-日薪月益,天天基金/投顾,正常运行,,2024-12-31,,最近完整官方调仓配置（模型权重）,official_rebalance_target,缺少当前基金仓位,9,1,,"{""2026-06-30"": 100.0}",0,0.0,17.366494297354627,0,a1d38deddfcccbe29bb6cae4.json,2026-10-09,净值漂移推算,1,,100.0,100.0,0.0
ttfund__VBKVYGJ,银华天玑-暖暖巨蟹座,天天基金/投顾,正常运行,,2026-08-19,2026-10-09,最近完整官方调仓配置（模型权重）,official_rebalance_target,含非精确披露权重，未用推算权重替代,15,1,,"{""2026-06-30"": 100.0}",0,9.7775469435689,14.350804121355075,0,c7392901654e120db1a4ad57.json,2026-10-09,净值漂移推算,1,,100.0,100.0,0.0
ttfund__ANJ1EIN,银华天玑-月月添利,天天基金/投顾,正常运行,,2026-06-25,2026-10-09,最近完整官方调仓配置（模型权重）,official_rebalance_target,含非精确披露权重，未用推算权重替代,12,1,,"{""2026-06-30"": 100.0}",0,0.0,15.490328251685078,0,5adb47ce868f911d41a48871.json,2026-10-09,净值漂移推算,1,,100.0,100.0,0.0
ttfund__ULY0DUH,银华天玑-温柔双鱼座,天天基金/投顾,正常运行,,2025-10-28,2026-10-09,最近完整官方调仓配置（模型权重）,official_rebalance_target,含非精确披露权重，未用推算权重替代,17,1,,"{""2026-06-30"": 100.0}",0,17.013194189282686,10.075830448596326,0,10f743c08b541a60bf49f074.json,2025-10-28,披露配置（最新权重不可推算）,0,已有更新调仓记录但未通过完整配置核验，不能跨越该事件推算,100.0,100.0,0.0
ttfund__6DATGTT,银华天玑-稳稳金牛座,天天基金/投顾,正常运行,on_sale_window,2026-10-09,2026-10-09,最新库内披露仓位,latest_observed_current,,15,1,,"{""2026-06-30"": 99.99}",0,2.752847813186622,17.67291908507729,0,5e4ccfa8ca680bb68c3f3a58.json,2026-10-09,源端最新仓位占比,1,,99.99,99.99,0.0
ttfund__XKYLAB3,银华天玑-稳稳金牛座,天天基金/投顾,正常运行,,2025-04-21,2026-10-09,最近完整官方调仓配置（模型权重）,official_rebalance_target,含非精确披露权重，未用推算权重替代,18,1,,"{""2026-06-30"": 100.00000000000001}",0,2.89775997552103,15.85733598786004,0,ecb64005a9d180e34697203d.json,2025-04-21,披露配置（最新权重不可推算）,0,已有更新调仓记录但未通过完整配置核验，不能跨越该事件推算,100.00000000000001,100.00000000000001,0.0
ttfund__ZPB1D6I,银华天玑-稳稳金牛座（测试）,天天基金/投顾,测试组合剔除,,,,最新库内披露仓位,latest_observed_current,缺少当前基金仓位；测试组合，仅显示状态,0,0,缺少当前基金仓位；测试组合，仅显示状态,{},0,,,0,d096be1feff8129ca0c517dc.json,,缺少可用基金配置,0,缺少完整配置,,,
ttfund__YRZB515,银华天玑-股基组合,天天基金/投顾,正常运行,,2026-10-09,2026-10-09,最新库内披露仓位,latest_observed_current,,14,1,,"{""2026-06-30"": 99.99}",0,64.42484010893226,0.1503504747777477,0,fee5e427e1641a4a646f2451.json,2026-10-09,源端最新仓位占比,1,,99.99,99.99,0.0
ttfund__T1BCRYR,银华天玑-货基+组合,天天基金/投顾,正常运行,,2026-10-09,2026-10-09,最新库内披露仓位,latest_observed_current,,12,1,,"{""2026-06-30"": 99.99000000000001}",0,0.0,15.336489307366815,0,a073f9bed5f7dc6faa740cec.json,2026-10-09,源端最新仓位占比,1,,99.99000000000001,99.99000000000001,0.0
ttfund__L4ZPI2U,银华天玑-货基组合,天天基金/投顾,正常运行,,2026-10-09,2026-10-09,最新库内披露仓位,latest_observed_current,,7,1,,"{""2026-06-30"": 100.0}",0,0.0,13.745007673649685,0,91f50536a71f5d8e1f3da164.json,2026-10-09,源端最新仓位占比,1,,100.0,100.0,0.0
ttfund__IB6LHUE,银华天玑-进取白羊座,天天基金/投顾,正常运行,,2026-08-19,2026-10-09,最近完整官方调仓配置（模型权重）,official_rebalance_target,含非精确披露权重，未用推算权重替代,14,1,,"{""2026-06-30"": 100.0}",0,29.110441832977184,5.240284293501318,0,3fb29d5630057654bd89d207.json,2026-10-09,净值漂移推算,1,,100.0,100.0,0.0
ttfund__FECRLCA,银华活钱加,天天基金/投顾,正常运行,on_sale_window,2026-07-30,2026-10-09,最近完整历史仓位,historical_exact,基金权重和100.1100%超出100%±0.02个百分点,36,1,,"{""2026-06-30"": 99.99999999999999}",0,0.0,15.089468642382418,0,399fdda80d93ebe359167db8.json,2026-10-09,净值漂移推算,1,,99.99999999999999,99.99999999999999,0.0
ttfund__1BK0MD1,银河战舰,天天基金/投顾,正常运行,on_sale_window,2026-05-19,2026-10-09,最近完整官方调仓配置（模型权重）,official_rebalance_target,含非精确披露权重，未用推算权重替代,9,1,,"{""2026-06-30"": 99.99999999999999}",0,31.323784666542167,1.5793046575561807,2,adb8fd2d37cea4c3c96329c4.json,2026-10-08,净值漂移推算,1,,99.99999999999999,99.99999999999999,0.0
ttfund__RVVL4HM,银河目标盈01期,天天基金/投顾,已停止目标盈期次,已到期,,,最新库内披露仓位,latest_observed_current,缺少当前基金仓位,0,0,缺少当前基金仓位,{},0,,,0,1e1e625b37cb613a81643ae1.json,,缺少可用基金配置,0,缺少完整配置,,,
ttfund__UQQM72G,银河目标盈02期,天天基金/投顾,已停止目标盈期次,已到期,,,最新库内披露仓位,latest_observed_current,缺少当前基金仓位,0,0,缺少当前基金仓位,{},0,,,0,bab6dfaa0caccbcd385ed027.json,,缺少可用基金配置,0,缺少完整配置,,,
ttfund__GYMHU0X,银河目标盈03期,天天基金/投顾,已停止目标盈期次,计划运作期已结束,2026-10-09,2026-10-09,最新库内披露仓位,latest_observed_current,,1,1,,"{""2026-06-30"": 100.0}",0,0.0,27.627468448952314,0,f11b5940a51a73cf2c1c3049.json,2026-10-10,净值漂移推算,1,,100.0,100.0,0.0
ttfund__AGIVRTC,银河目标盈04期,天天基金/投顾,已停止目标盈期次,计划运作期已结束,2026-10-09,2026-10-09,最新库内披露仓位,latest_observed_current,,1,1,,"{""2026-06-30"": 100.0}",0,0.0,27.627468448952314,0,c141ce1194ecd8afcc847254.json,2026-10-10,净值漂移推算,1,,100.0,100.0,0.0
ttfund__TJF0JIM,银河目标盈05期,天天基金/投顾,已停止目标盈期次,计划运作期已结束,2026-10-09,2026-10-09,最新库内披露仓位,latest_observed_current,含非精确披露权重，未用推算权重替代；基金权重和1.0000%超出100%±0.02个百分点,1,0,含非精确披露权重，未用推算权重替代；基金权重和1.0000%超出100%±0.02个百分点,{},0,,,0,6cf12e5bb65614a707f23568.json,,缺少可用基金配置,0,缺少完整配置,,,
ttfund__1JZQCZO,银河目标盈2号01期,天天基金/投顾,已停止目标盈期次,计划运作期已结束,2026-10-09,2026-10-09,最新库内披露仓位,latest_observed_current,,1,1,,"{""2026-06-30"": 100.0}",0,0.0,27.627468448952314,0,412430fd986c54a3f6cb3e47.json,2026-10-10,净值漂移推算,1,,100.0,100.0,0.0
ttfund__6TQWN20,银河目标盈2号02期（新年特别版）,天天基金/投顾,已停止目标盈期次,计划运作期已结束,2026-10-09,2026-10-09,最新库内披露仓位,latest_observed_current,含非精确披露权重，未用推算权重替代,23,0,含非精确披露权重，未用推算权重替代,{},0,,,0,02a751c5884676035e944dd9.json,,缺少可用基金配置,0,缺少完整配置,,,
ttfund__ND0K2E9,长跑老司基,天天基金/投顾,正常运行,on_sale_window,2026-09-24,2026-10-09,最近完整官方调仓配置（模型权重）,official_rebalance_target,含非精确披露权重，未用推算权重替代,10,1,,"{""2026-06-30"": 100.0}",0,44.53371455361664,2.6380871271667767,0,10715f4534eb941aa7927500.json,2026-10-09,净值漂移推算,1,,100.0,100.0,0.0
ttfund__MEU2KRO,长跑计划1号,天天基金/投顾,正常运行,,2026-07-20,2026-10-08,最近完整官方调仓配置（模型权重）,official_rebalance_target,含非精确披露权重，未用推算权重替代,13,1,,"{""2026-06-30"": 100.0}",0,50.73055754891243,1.989289310767259,0,fb49c72b8af6cda7b57fe0d6.json,2026-10-09,净值漂移推算,1,,100.0,100.0,0.0
ttfund__LMKJRPP,长跑计划2号,天天基金/投顾,正常运行,,2026-07-20,2026-10-09,最近完整官方调仓配置（模型权重）,official_rebalance_target,含非精确披露权重，未用推算权重替代,13,1,,"{""2026-06-30"": 100.0}",0,56.63329283702036,0.7669736707951536,0,97a7c17bc60154bb5fd81da3.json,2026-10-09,净值漂移推算,1,,100.0,100.0,0.0
ttfund__1VEH8JN,闲钱加,天天基金/投顾,正常运行,,2025-06-09,2026-10-09,最近完整官方调仓配置（模型权重）,official_rebalance_target,含非精确披露权重，未用推算权重替代,16,1,,"{""2026-06-30"": 99.99999999999999}",0,0.0,17.686053355843885,0,afc1244958d2544899583ff5.json,2026-10-09,净值漂移推算,1,,99.99999999999999,99.99999999999999,0.0
ttfund__OM4ILPE,雄霸赛道偏股,天天基金/投顾,正常运行,,2026-04-29,2026-10-09,最近完整官方调仓配置（模型权重）,official_rebalance_target,含非精确披露权重，未用推算权重替代,9,1,,"{""2026-06-30"": 99.99999999999999}",0,22.928868880703995,3.1035028106413765,4,28870ede8bc1aeec626fb36f.json,2026-04-29,披露配置（最新权重不可推算）,0,已有更新调仓记录但未通过完整配置核验，不能跨越该事件推算,99.99999999999999,99.99999999999999,0.0
ttfund__EICXLBD,零钱快乐攒,天天基金/投顾,官方业绩未披露,,,,最新库内披露仓位,latest_observed_current,缺少当前基金仓位,0,0,缺少当前基金仓位,{},0,,,0,77f994bb55df922ce63a2a21.json,,缺少可用基金配置,0,缺少完整配置,,,
ttfund__4VJ0KMA,青石,天天基金/投顾,正常运行,,2025-07-30,2026-10-09,最近完整官方调仓配置（模型权重）,official_rebalance_target,含非精确披露权重，未用推算权重替代,15,1,,"{""2026-06-30"": 100.0}",0,16.85314696258222,21.561210412578237,0,b69c2765df2c18b7363568ce.json,2026-10-09,净值漂移推算,1,,100.0,100.0,0.0
ttfund__0JOEXAY,饭团优选积极,天天基金/投顾,正常运行,,2022-04-14,2026-10-09,最近完整官方调仓配置（模型权重）,official_rebalance_target,含非精确披露权重，未用推算权重替代,8,1,,"{""2026-06-30"": 100.0}",0,63.537827956532105,0.5997947744662188,0,3ea758df875032aebef162a2.json,2022-04-14,披露配置（最新权重不可推算）,0,已有更新调仓记录但未通过完整配置核验，不能跨越该事件推算,100.0,100.0,0.0
ttfund__MOH12IQ,饭团优选进取,天天基金/投顾,正常运行,,2022-04-14,2026-10-09,最近完整官方调仓配置（模型权重）,official_rebalance_target,含非精确披露权重，未用推算权重替代,13,1,,"{""2026-06-30"": 99.99999999999999}",0,64.39140434130485,0.9656742242166656,0,f9a7fe068e21a5f20f6b9d62.json,2022-04-14,披露配置（最新权重不可推算）,0,已有更新调仓记录但未通过完整配置核验，不能跨越该事件推算,99.99999999999999,99.99999999999999,0.0
ttfund__B014F3M,香港股票方向基金精选策略,天天基金/投顾,正常运行,,2026-10-09,2026-10-09,最新库内披露仓位,latest_observed_current,,21,1,,"{""2026-06-30"": 100.0}",0,52.672457071337035,0.7057469579472161,0,a985cc9aa3aae2d757b47475.json,2026-10-09,源端最新仓位占比,1,,100.0,100.0,0.0
ttfund__DMBCZET,马哥价值投基长盈组合,天天基金/投顾,正常运行,,2024-12-23,2026-10-09,最近完整官方调仓配置（模型权重）,official_rebalance_target,含非精确披露权重，未用推算权重替代,13,1,,"{""2026-06-30"": 100.0}",0,8.283346481217354,22.53453703496956,0,7d6549f691a7d7ba650ec62b.json,2024-12-23,披露配置（最新权重不可推算）,0,已有更新调仓记录但未通过完整配置核验，不能跨越该事件推算,100.0,100.0,0.0
ttfund__D1E0BV9,鹏华优选宝60天,天天基金/投顾,正常运行,,2026-04-01,2026-10-09,最近完整官方调仓配置（模型权重）,official_rebalance_target,含非精确披露权重，未用推算权重替代,13,1,,"{""2026-06-30"": 100.0}",0,2.213175317100365,18.947487326851267,0,90a2921e70b26b9cd4708be7.json,2026-10-09,净值漂移推算,1,,100.0,100.0,0.0
ttfund__L02SPBZ,鹏华周周盈,天天基金/投顾,官方业绩未披露,,,,最新库内披露仓位,latest_observed_current,缺少当前基金仓位,0,0,缺少当前基金仓位,{},0,,,0,c66fa1f8f9bdcd3baa281bc9.json,,缺少可用基金配置,0,缺少完整配置,,,
ttfund__1IWVMLN,鹏华活钱+,天天基金/投顾,正常运行,,2025-12-08,2026-10-09,最近完整官方调仓配置（模型权重）,official_rebalance_target,含非精确披露权重，未用推算权重替代,39,1,,"{""2026-06-30"": 100.00000000000001}",0,0.0,14.333199337976993,0,34ee612dcaae8ffc49d5970c.json,2026-10-09,净值漂移推算,1,,100.00000000000001,100.00000000000001,0.0
ttfund__IJCU4XV,鹏华看风启航目标盈第1期,天天基金/投顾,已停止目标盈期次,计划运作期已结束,2025-05-08,2026-10-08,最近完整官方调仓配置（模型权重）,official_rebalance_target,含非精确披露权重，未用推算权重替代,13,1,,"{""2026-06-30"": 100.0}",0,32.1133463403237,6.070784677465249,0,c668953ff53018f9c44d9160.json,2026-10-09,净值漂移推算,1,,100.0,100.0,0.0
ttfund__0AK1WBS,鹏华看风启航目标盈第2期,天天基金/投顾,已停止目标盈期次,计划运作期已结束,2025-05-08,2026-10-09,最近完整官方调仓配置（模型权重）,official_rebalance_target,含非精确披露权重，未用推算权重替代,13,1,,"{""2026-06-30"": 100.0}",0,32.1133463403237,6.070784677465249,0,3e49b43b7e1311d4f189cac8.json,2026-10-09,净值漂移推算,1,,100.0,100.0,0.0
ttfund__PKSBA7Y,鹏华福禄禧目标盈第1期,天天基金/投顾,已停止目标盈期次,计划运作期已结束,2024-06-13,2026-10-09,最近完整官方调仓配置（模型权重）,official_rebalance_target,含非精确披露权重，未用推算权重替代,16,1,,"{""2026-06-30"": 100.0}",0,14.425743801547371,13.340277413887621,0,4f70a3e6ed04fa9feaebe9fc.json,2026-10-09,净值漂移推算,1,,100.0,100.0,0.0
ttfund__1I188TR,鹏华福禄禧目标盈第2期,天天基金/投顾,已停止目标盈期次,计划运作期已结束,2024-06-13,2026-10-09,最近完整官方调仓配置（模型权重）,official_rebalance_target,含非精确披露权重，未用推算权重替代,16,1,,"{""2026-06-30"": 100.0}",0,14.425743801547371,13.340277413887621,0,502dcba8da3c9fc6d9430533.json,2026-10-09,净值漂移推算,1,,100.0,100.0,0.0
ttfund__CYBM8TU,鹏华福禄禧目标盈第3期,天天基金/投顾,已停止目标盈期次,已停止,2024-06-13,,最近完整官方调仓配置（模型权重）,official_rebalance_target,缺少当前基金仓位,16,1,,"{""2026-06-30"": 100.0}",0,14.425743801547371,13.340277413887621,0,6143736403eeec1591a76e00.json,2026-10-09,净值漂移推算,1,,100.0,100.0,0.0
ttfund__2KTRSE1,鹏华稳健进取固收+,天天基金/投顾,正常运行,,2026-04-01,2026-10-09,最近完整官方调仓配置（模型权重）,official_rebalance_target,含非精确披露权重，未用推算权重替代,19,1,,"{""2026-06-30"": 100.00000000000001}",0,7.115648773543722,15.182193725236674,0,ae8824107d4da3df8dc70bec.json,2026-10-09,净值漂移推算,1,,100.00000000000001,100.00000000000001,0.0
ttfund__JWXZ91G,鹏华群星闪耀,天天基金/投顾,正常运行,on_sale_window,2025-05-12,2026-10-09,最近完整官方调仓配置（模型权重）,official_rebalance_target,含非精确披露权重，未用推算权重替代,16,1,,"{""2026-06-30"": 100.0}",0,51.27849181970192,0.5018727311410709,0,45d3f04f6d08cd92e3e3228b.json,2025-05-12,披露配置（最新权重不可推算）,0,已有更新调仓记录但未通过完整配置核验，不能跨越该事件推算,100.0,100.0,0.0
ttfund__VORCBP0,鹏华股债严选,天天基金/投顾,正常运行,,2026-04-07,2026-10-09,最近完整官方调仓配置（模型权重）,official_rebalance_target,含非精确披露权重，未用推算权重替代,11,1,,"{""2026-06-30"": 99.99999999999999}",0,34.42997777274702,6.999105019528102,0,a7271729e7ac49adf3c8758a.json,2026-10-09,净值漂移推算,1,,99.99999999999999,99.99999999999999,0.0
ttfund__06HU6E1,麦哲伦宏观多策略,天天基金/投顾,正常运行,,2026-01-23,2026-10-09,最近完整官方调仓配置（模型权重）,official_rebalance_target,含非精确披露权重，未用推算权重替代,29,1,,"{""2026-06-30"": 100.0}",0,17.221761058507933,1.321557931615636,1,c5ede527c40765f08c7c2f8f.json,2026-10-08,净值漂移推算,1,,100.0,100.0,0.0
ttfund__JTCFJON,黑马增益宝,天天基金/投顾,正常运行,,2026-02-24,2026-10-09,最近完整官方调仓配置（模型权重）,official_rebalance_target,含非精确披露权重，未用推算权重替代,14,1,,"{""2026-06-30"": 99.99999999999999}",0,7.633108637755226,22.51497840245354,0,e281003544edb09a676d1e34.json,2026-02-24,披露配置（最新权重不可推算）,0,已有更新调仓记录但未通过完整配置核验，不能跨越该事件推算,99.99999999999999,99.99999999999999,0.0
zocaifu__8100000616,00后水滴养老,中欧财富,正常运行,,2026-09-30,2026-09-30,最新库内披露仓位,latest_observed_current,,17,1,,"{""2026-06-30"": 100.0}",0,76.63039672032298,1.2711389735747864,0,f5379a52210b7b2bae4de108.json,2026-10-09,净值漂移推算,1,,100.0,100.0,0.0
zocaifu__8100000089,65后水滴养老,中欧财富,正常运行,,2026-09-30,2026-09-30,最新库内披露仓位,latest_observed_current,,23,1,,"{""2026-06-30"": 100.0}",0,13.94002534823965,12.145887693615444,0,02a481018e543604cb0d6410.json,2026-10-09,净值漂移推算,1,,100.0,100.0,0.0
zocaifu__8100000090,70后水滴养老,中欧财富,正常运行,,2026-09-30,2026-09-30,最新库内披露仓位,latest_observed_current,,22,1,,"{""2026-06-30"": 99.99999999999999}",0,20.434117661027667,11.429885095331223,0,8233fb2e585c3914cff774f6.json,2026-10-09,净值漂移推算,1,,99.99999999999999,99.99999999999999,0.0
zocaifu__8100000091,75后水滴养老,中欧财富,正常运行,,2026-09-30,2026-09-30,最新库内披露仓位,latest_observed_current,,24,1,,"{""2026-06-30"": 99.99999999999999}",0,32.23718509158369,10.70089222356769,0,b732b576ec1a846c1bf293dc.json,2026-10-09,净值漂移推算,1,,99.99999999999999,99.99999999999999,0.0
zocaifu__8100000092,80后水滴养老,中欧财富,正常运行,,2026-09-30,2026-09-30,最新库内披露仓位,latest_observed_current,,22,1,,"{""2026-06-30"": 100.00000000000001}",0,39.89577804118265,9.022055602193745,0,bcf6de85b945add96590b55c.json,2026-10-09,净值漂移推算,1,,100.00000000000001,100.00000000000001,0.0
zocaifu__8100000093,85后水滴养老,中欧财富,正常运行,,2026-09-30,2026-09-30,最新库内披露仓位,latest_observed_current,,20,1,,"{""2026-06-30"": 100.0}",0,50.77820030007587,6.635356342319032,0,8ab633c3a21a0a33142785dd.json,2026-10-09,净值漂移推算,1,,100.0,100.0,0.0
zocaifu__8100000094,90后水滴养老,中欧财富,正常运行,,2026-09-30,2026-09-30,最新库内披露仓位,latest_observed_current,,19,1,,"{""2026-06-30"": 100.00000000000001}",0,67.8182971999286,3.2230389981433163,0,654f9021332ddeeacbd4c459.json,2026-10-09,净值漂移推算,1,,100.00000000000001,100.00000000000001,0.0
zocaifu__8100000622,95后水滴养老,中欧财富,正常运行,,2026-09-30,2026-09-30,最新库内披露仓位,latest_observed_current,,17,1,,"{""2026-06-30"": 100.0}",0,76.63039672032298,1.2711389735747864,0,adca419273b00ce07c4f9be2.json,2026-10-09,净值漂移推算,1,,100.0,100.0,0.0
zocaifu__8100000889,中欧全球大宗商品,中欧财富,正常运行,,2026-09-30,2026-09-30,最新库内披露仓位,latest_observed_current,,14,1,,"{""2026-06-30"": 100.00000000000003}",0,17.52169247792778,0.27391635021865457,0,04c073fa9bb64d9e3e642b1e.json,2026-10-08,净值漂移推算,1,,100.00000000000003,100.00000000000003,0.0
zocaifu__8100000086,中欧固收佳,中欧财富,正常运行,,2026-09-30,2026-09-30,最新库内披露仓位,latest_observed_current,,25,1,,"{""2026-06-30"": 100.00000000000001}",0,7.902910882812835,17.353369866937342,0,ceefc1efcc3f18c7eb699b58.json,2026-10-09,净值漂移推算,1,,100.00000000000001,100.00000000000001,0.0
zocaifu__8100000973,中欧多元AH增强,中欧财富,正常运行,,2026-09-30,2026-09-30,最新库内披露仓位,latest_observed_current,,38,1,,"{""2026-06-30"": 100.0}",0,16.678190349541847,13.961318661854637,4,b91fe756d6a617bb3c988d32.json,2026-10-08,净值漂移推算,1,,100.0,100.0,0.0
zocaifu__8100000799,中欧多元全天候,中欧财富,正常运行,,2026-09-30,2026-09-30,最新库内披露仓位,latest_observed_current,,38,1,,"{""2026-06-30"": 99.99999999999996}",0,9.697922017169944,14.980634587683339,4,388f3d468840274db02203d7.json,2026-10-08,净值漂移推算,1,,99.99999999999996,99.99999999999996,0.0
zocaifu__8100000879,中欧多元稳健,中欧财富,正常运行,,2026-09-30,2026-09-30,最新库内披露仓位,latest_observed_current,,25,1,,"{""2026-06-30"": 99.99999999999996}",0,7.332843832932998,24.95671606170135,2,093d2e02831ce831a109c5be.json,2026-10-08,净值漂移推算,1,,99.99999999999996,99.99999999999996,0.0
zocaifu__8100000800,中欧多元配置,中欧财富,正常运行,,2026-09-30,2026-09-30,最新库内披露仓位,latest_observed_current,,39,1,,"{""2026-06-30"": 99.99999999999996}",0,7.956687771027486,18.315005175713633,5,8a4f2a29da5560f28f808fc1.json,2026-10-08,净值漂移推算,1,,99.99999999999996,99.99999999999996,0.0
zocaifu__8100000609,中欧带你投AI科技,中欧财富,正常运行,,2026-09-30,2026-09-30,最新库内披露仓位,latest_observed_current,,10,1,,"{""2026-06-30"": 100.0}",0,59.375676976563525,0.3579732329552739,0,245476273f2a6f425b87a4d6.json,2026-10-09,净值漂移推算,1,,100.0,100.0,0.0
zocaifu__8100000282,中欧带你投国防军工,中欧财富,正常运行,,2026-09-30,2026-09-30,最新库内披露仓位,latest_observed_current,,9,1,,"{""2026-06-30"": 100.0}",0,83.81148400940249,0.6145541314687927,0,876a0cf78147d217696567c3.json,2026-10-09,净值漂移推算,1,,100.0,100.0,0.0
zocaifu__8100001008,中欧带你投红利,中欧财富,正常运行,,2026-09-30,2026-09-30,最新库内披露仓位,latest_observed_current,,12,1,,"{""2026-06-30"": 100.0}",0,48.44117448847623,0.7265377557011028,0,d003e8df6014048494e3766a.json,2026-10-09,净值漂移推算,1,,100.0,100.0,0.0
zocaifu__8100000612,中欧指数先锋,中欧财富,正常运行,,2026-09-30,2026-09-30,最新库内披露仓位,latest_observed_current,,31,1,,"{""2026-06-30"": 100.0}",0,41.01829737322316,1.1139875876981944,3,97232d8667f5307a5642955d.json,2026-10-08,净值漂移推算,1,,100.0,100.0,0.0
zocaifu__8100001314,中欧月月领,中欧财富,正常运行,,2026-09-30,2026-09-30,最新库内披露仓位,latest_observed_current,,34,1,,"{""2026-06-30"": 100.0}",0,10.984907303564585,14.732896686528594,4,755be04b5d48a1f439b0aa50.json,2026-10-08,净值漂移推算,1,,100.0,100.0,0.0
zocaifu__8100000608,中欧步步红,中欧财富,正常运行,,2026-09-30,2026-09-30,最新库内披露仓位,latest_observed_current,,24,1,,"{""2026-06-30"": 100.0}",0,5.839286422968767,17.53935998363264,0,74077e9729c3fb7fa2ab3d19.json,2026-10-09,净值漂移推算,1,,100.0,100.0,0.0
zocaifu__8100000160,中欧稳健悦享,中欧财富,正常运行,,2026-09-30,2026-09-30,最新库内披露仓位,latest_observed_current,,30,1,,"{""2026-06-30"": 100.0}",0,12.70423456040437,15.786136109398745,0,ca61b68e332c93be9e73d804.json,2026-10-09,净值漂移推算,1,,100.0,100.0,0.0
zocaifu__8100000174,优势行业全明星,中欧财富,正常运行,,2026-09-30,2026-09-30,最新库内披露仓位,latest_observed_current,,18,1,,"{""2026-06-30"": 99.99999999999999}",0,74.46651906492401,0.2718300024280539,0,cada7645cb566b9225b466fd.json,2026-10-09,净值漂移推算,1,,99.99999999999999,99.99999999999999,0.0
zocaifu__8100000619,债基优等生,中欧财富,正常运行,,2026-09-30,2026-09-30,最新库内披露仓位,latest_observed_current,,14,1,,"{""2026-06-30"": 100.0}",0,0.0,19.08681047109662,0,9dd31dbd496d976b6b293be3.json,2026-10-09,净值漂移推算,1,,100.0,100.0,0.0
zocaifu__8100000024,全球股票长投,中欧财富,正常运行,,2026-09-30,2026-09-30,最新库内披露仓位,latest_observed_current,,20,1,,"{""2026-06-30"": 95.71345432884797}",0,36.60955791380129,1.9679398369563195,2,2d6a2f55be5518f2d7c0b463.json,2026-10-08,净值漂移推算,1,,95.71345432884797,95.71345432884797,4.2865456711520205
zocaifu__8100000903,尊享多元小目标第7期,中欧财富,目标盈期次,,2026-09-30,2026-09-30,最新库内披露仓位,latest_observed_current,,22,1,,"{""2026-06-30"": 100.00000000000003}",0,2.3517668043826983,17.23142659428533,3,3c9ba7fa4b8c8ce86e9670d4.json,2026-10-08,净值漂移推算,1,,100.00000000000003,100.00000000000003,0.0
zocaifu__8100000935,尊享多元小目标第8期,中欧财富,已清盘目标盈期次（业绩停更）,已止盈,2026-06-30,2026-06-30,最新库内披露仓位,latest_observed_current,,22,1,,"{""2026-06-30"": 100.00000000000001}",0,2.356061943563688,17.245412465641873,3,6e3ce4dfdf3fc07e12192472.json,2026-10-08,净值漂移推算,1,,100.00000000000001,100.00000000000001,0.0
zocaifu__8100000982,尊享添盈小目标第33期,中欧财富,已停止目标盈期次,期满,2026-09-30,2026-09-30,最新库内披露仓位,latest_observed_current,,24,1,,"{""2026-06-30"": 100.0}",0,6.564096754604404,18.595280504129768,0,c91ebda6ad6c8a7ecd36826f.json,2026-10-08,净值漂移推算,1,,100.0,100.0,0.0
zocaifu__8100000761,幸福520小目标第18期,中欧财富,已清盘目标盈期次（业绩停更）,已止盈,2026-06-30,2026-06-30,最新库内披露仓位,latest_observed_current,,1,1,,"{""2026-06-30"": 100.0}",0,0.0,12.284417676245761,0,32ed9ade6a85a984d602ff72.json,2026-10-09,净值漂移推算,1,,100.0,100.0,0.0
zocaifu__8100001375,幸福低波小目标第19期,中欧财富,目标盈期次,运作中,2026-09-30,2026-09-30,最新库内披露仓位,latest_observed_current,,16,1,,"{""2026-06-30"": 100.00000000000003}",0,0.2886441088236846,11.107643547372028,0,131deb9cf7a276c43bd8e21c.json,2026-10-09,净值漂移推算,1,,100.00000000000003,100.00000000000003,0.0
zocaifu__8100001373,幸福全天候小目标第7期,中欧财富,目标盈期次,运作中,2026-09-30,2026-09-30,最新库内披露仓位,latest_observed_current,,30,1,,"{""2026-06-30"": 100.00000000000001}",0,8.15744293823754,14.383624829576572,3,8a3245db6abb4251f3118861.json,2026-10-08,净值漂移推算,1,,100.00000000000001,100.00000000000001,0.0
zocaifu__8100000542,幸福周周投,中欧财富,正常运行,,2026-10-11,2026-10-11,最新库内披露仓位,latest_observed_current,,39,1,,"{""2026-06-30"": 99.99999999999999}",0,67.81438796127101,1.5366198286463326,0,a6ef358320cda4afe59d8adb.json,2026-10-11,源端最新仓位占比,1,"源端占比直接使用；净值滚动未执行：缺少基准日之后净值：166005,016311,023451,005241,001211,004233,014765,006567,010500,010617,015210,012769,007937,012538,011068,003474,004702,006593,017470,014118,018257,016466,257040,001553,450004,014674,008682,519915,010624,012805,002987,012414,019020,001856,003293,110025,008186,005794,001892",99.99999999999999,99.99999999999999,0.0
zocaifu__8100000095,水滴英才计划-目标2023,中欧财富,正常运行,,2026-09-30,2026-09-30,最新库内披露仓位,latest_observed_current,,21,1,,"{""2026-06-30"": 100.0}",0,15.368152431614956,12.410419928910713,0,d82674a3f76f675cf65a454d.json,2026-10-09,净值漂移推算,1,,100.0,100.0,0.0
zocaifu__8100000096,水滴英才计划-目标2026,中欧财富,正常运行,,2026-09-30,2026-09-30,最新库内披露仓位,latest_observed_current,,23,1,,"{""2026-06-30"": 100.0}",0,19.23836485134519,11.510640336037312,0,fc03068f1ba90d6d301f6f66.json,2026-10-09,净值漂移推算,1,,100.0,100.0,0.0
zocaifu__8100000097,水滴英才计划-目标2029,中欧财富,正常运行,,2026-09-30,2026-09-30,最新库内披露仓位,latest_observed_current,,27,1,,"{""2026-06-30"": 100.0}",0,18.56760188902936,11.730995928395135,0,dee2781924c6486b07af35d8.json,2026-10-09,净值漂移推算,1,,100.0,100.0,0.0
zocaifu__8100000098,水滴英才计划-目标2032,中欧财富,正常运行,,2026-09-30,2026-09-30,最新库内披露仓位,latest_observed_current,,26,1,,"{""2026-06-30"": 100.00000000000001}",0,24.707428954719305,10.012888974184976,0,fe3a83a03ae9c639f07a7a9e.json,2026-10-09,净值漂移推算,1,,100.00000000000001,100.00000000000001,0.0
zocaifu__8100000099,水滴英才计划-目标2035,中欧财富,正常运行,,2026-09-30,2026-09-30,最新库内披露仓位,latest_observed_current,,23,1,,"{""2026-06-30"": 100.00000000000001}",0,34.93867283795337,7.850845490019638,0,04f2e2a6acf53085f3e67173.json,2026-10-09,净值漂移推算,1,,100.00000000000001,100.00000000000001,0.0
zocaifu__8100000100,水滴英才计划-目标2038,中欧财富,正常运行,,2026-09-30,2026-09-30,最新库内披露仓位,latest_observed_current,,20,1,,"{""2026-06-30"": 99.99999999999999}",0,51.32659332815594,4.576580944877094,0,30b376dacd114c1e764f30b0.json,2026-10-09,净值漂移推算,1,,99.99999999999999,99.99999999999999,0.0
zocaifu__8100000819,海外债券精选,中欧财富,正常运行,,2026-09-30,2026-09-30,最新库内披露仓位,latest_observed_current,,9,1,,"{""2026-06-30"": 99.99999999999999}",0,0.0,19.826825487436352,0,ef367add484b144f797fece0.json,2026-10-08,净值漂移推算,1,,99.99999999999999,99.99999999999999,0.0
zocaifu__8100000735,海外股票精选,中欧财富,正常运行,,2026-09-30,2026-09-30,最新库内披露仓位,latest_observed_current,,20,1,,"{""2026-06-30"": 91.09}",0,12.647361866867174,1.7787465374956768,4,50aaaf8a264efd2823e10a47.json,2026-09-30,源端最新仓位占比,1,源端占比直接使用；净值滚动未执行：缺少基准日之后净值：968072,91.09,91.09,8.91
zocaifu__8100000188,潜力全明星,中欧财富,正常运行,,2026-09-30,2026-09-30,最新库内披露仓位,latest_observed_current,,20,1,,"{""2026-06-30"": 99.99999999999996}",0,70.72556259731446,0.9897257817979863,0,68a56e29e06e990ed911d421.json,2026-10-09,净值漂移推算,1,,99.99999999999996,99.99999999999996,0.0
zocaifu__8100000011,现金增强,中欧财富,正常运行,,2026-09-30,2026-09-30,最新库内披露仓位,latest_observed_current,,13,1,,"{""2026-06-30"": 99.99999999999999}",0,0.0,13.24281838160432,0,776503e614dbe834a4de4c62.json,2026-10-09,净值漂移推算,1,,99.99999999999999,99.99999999999999,0.0
zocaifu__8100000283,稳钱宝,中欧财富,正常运行,,2026-09-30,2026-09-30,最新库内披露仓位,latest_observed_current,,13,1,,"{""2026-06-30"": 100.00000000000001}",0,0.0,15.968001527620313,0,c91dfb8cbc6e42ce049e8228.json,2026-10-09,净值漂移推算,1,,100.00000000000001,100.00000000000001,0.0
zocaifu__8100000022,经典股债全明星,中欧财富,正常运行,,2026-09-30,2026-09-30,最新库内披露仓位,latest_observed_current,,17,1,,"{""2026-06-30"": 100.0}",0,31.45182568422109,9.586273820003939,0,ba1853c7ff70ed43df35ee4c.json,2026-10-09,净值漂移推算,1,,100.0,100.0,0.0
zocaifu__8100000905,薪动月月投,中欧财富,信号类策略,,2026-09-30,2026-09-30,最新库内披露仓位,latest_observed_current,信号组合，未按真实基金配置穿透,21,0,信号组合，未按真实基金配置穿透,{},0,,,0,a390eccfa94fbf9d3583f9d3.json,,缺少可用基金配置,0,缺少完整配置,,,
zocaifu__8100666666,超级滚钱宝,中欧财富,正常运行,,,,最新库内披露仓位,latest_observed_current,缺少当前基金仓位,0,0,缺少当前基金仓位,{},0,,,0,36728c2817c1a27e9b8e2faa.json,,缺少可用基金配置,0,缺少完整配置,,,
zocaifu__8100000795,超级短债宝,中欧财富,正常运行,,2026-09-30,2026-09-30,最新库内披露仓位,latest_observed_current,,11,1,,"{""2026-06-30"": 99.99999999999999}",0,0.0,16.069928033063643,0,83ce4f2afdd1a0db74567c4b.json,2026-10-09,净值漂移推算,1,,99.99999999999999,99.99999999999999,0.0
zocaifu__8100000078,超级股票全明星,中欧财富,正常运行,,2026-09-30,2026-09-30,最新库内披露仓位,latest_observed_current,,21,1,,"{""2026-06-30"": 100.0}",0,69.56780635380514,1.0926405027600368,0,67564b1f3eeb1d1707fef466.json,2026-10-09,净值漂移推算,1,,100.0,100.0,0.0
zocaifu__8100000001,闲钱宝,中欧财富,正常运行,,2026-09-30,2026-09-30,最新库内披露仓位,latest_observed_current,,19,1,,"{""2026-06-30"": 99.99999999999999}",0,3.715764864479515,16.5655201122187,0,88681baad831cb312d6c229a.json,2026-10-09,净值漂移推算,1,,99.99999999999999,99.99999999999999,0.0
